customer_id,signup_month,age,tenure_months,region,channel,plan,sessions_week,avg_session_min,notif_click_rate,support_tickets_3m,discount_pct_3m,late_payments_6m,auto_renew,churn
C100000,10,71,49,South,web,Basic,4,10.11,0.318,0,0.138,0,1,0
C100001,22,53,44,West,store,Basic,3,6.55,0.329,0,0.0,0,0,0
C100002,10,56,51,South,web,Basic,6,12.1,0.12,0,0.001,1,1,0
C100003,22,69,48,Center,app,Basic,5,11.01,0.237,0,0.041,0,1,0
C100004,20,50,7,South,app,Basic,7,12.97,0.145,0,0.183,0,1,0
C100005,14,62,44,Center,app,Basic,2,11.91,0.337,0,0.038,1,0,0
C100006,23,65,15,South,app,Basic,4,8.73,0.126,0,0.046,0,1,1
C100007,13,30,19,North,app,Basic,7,9.74,0.058,1,0.138,0,0,0
C100008,9,21,57,South,web,Plus,10,6.22,0.04,0,0.308,0,0,0
C100009,21,35,27,Center,web,Basic,8,13.84,0.193,0,0.156,0,0,0
C100010,2,34,56,South,web,Plus,6,15.24,0.244,0,0.129,0,1,0
C100011,20,67,60,South,app,Basic,4,10.86,0.128,0,0.088,0,0,0
C100012,4,70,18,South,app,Plus,4,9.63,0.078,0,0.0,1,0,0
C100013,21,18,68,East,web,Premium,9,20.41,0.442,0,0.146,0,1,0
C100014,5,46,32,North,web,Basic,1,10.78,0.157,1,0.0,0,1,0
C100015,7,64,13,East,web,Basic,2,15.93,0.301,0,0.0,0,1,0
C100016,14,25,21,South,store,Basic,2,8.91,0.089,0,0.062,2,0,0
C100017,13,63,1,East,app,Premium,8,11.04,0.052,0,0.188,0,1,0
C100018,14,24,13,Center,app,Basic,6,7.93,0.305,0,0.03,0,1,0
C100019,19,44,69,North,app,Basic,6,11.79,0.161,0,0.118,0,0,0
C100020,19,64,11,West,app,Plus,5,10.34,0.115,0,0.145,1,0,1
C100021,3,35,62,East,app,Basic,8,12.57,0.078,0,0.197,0,0,0
C100022,20,37,47,West,web,Plus,4,13.19,0.159,1,0.117,0,0,1
C100023,19,33,44,Center,web,Plus,8,7.91,0.128,0,0.061,0,1,1
C100024,15,59,63,West,web,Premium,5,19.79,0.338,0,0.152,0,0,0
C100025,22,32,59,West,store,Plus,4,9.03,0.21,0,0.071,0,0,0
C100026,2,74,37,South,web,Plus,7,13.34,0.255,1,0.162,1,0,0
C100027,1,43,43,West,store,Basic,3,15.97,0.157,1,0.119,0,0,0
C100028,4,45,71,East,web,Basic,8,14.28,0.0,2,0.156,0,0,0
C100029,6,46,65,North,web,Basic,4,9.84,0.233,0,0.023,0,0,0
C100030,10,51,24,North,web,Basic,3,9.54,0.289,1,0.146,0,1,0
C100031,7,49,18,Center,app,Basic,5,10.51,0.104,0,0.15,0,1,0
C100032,3,47,3,South,app,Basic,3,1.48,0.247,0,0.065,1,0,0
C100033,7,74,32,South,web,Basic,2,15.23,0.06,0,0.0,0,1,0
C100034,24,64,45,South,web,Basic,5,18.01,0.37,0,0.0,0,1,1
C100035,18,63,48,West,app,Basic,2,16.58,0.231,0,0.0,1,1,0
C100036,18,57,71,East,web,Premium,6,20.08,0.514,3,0.138,0,0,0
C100037,10,53,16,North,web,Basic,7,9.34,0.309,1,0.087,0,0,0
C100038,16,37,36,Center,app,Basic,4,12.22,0.1,1,0.103,0,0,1
C100039,1,74,51,West,web,Plus,2,12.45,0.084,0,0.164,0,0,0
C100040,9,44,7,East,app,Plus,3,14.62,0.072,0,0.067,1,0,1
C100041,1,30,19,North,store,Plus,4,10.72,0.333,0,0.0,0,1,0
C100042,7,66,53,South,store,Basic,6,3.86,0.037,2,0.162,1,0,0
C100043,17,27,51,North,app,Plus,7,13.88,0.188,0,0.0,1,0,0
C100044,13,66,15,South,app,Basic,8,18.86,0.146,2,0.0,0,0,1
C100045,19,52,58,West,web,Plus,6,6.63,0.087,1,0.183,0,1,0
C100046,16,24,63,North,app,Basic,5,4.51,0.19,0,0.0,0,0,0
C100047,1,20,31,East,web,Premium,5,13.63,0.156,0,0.0,1,1,0
C100048,20,43,24,Center,web,Basic,11,7.16,0.349,1,0.05,0,0,0
C100049,11,20,71,West,store,Basic,7,12.78,0.238,1,0.014,0,0,0
C100050,16,26,19,West,app,Premium,4,13.49,0.4,0,0.086,0,0,1
C100051,3,47,45,North,web,Basic,6,9.18,0.299,1,0.065,0,0,1
C100052,5,73,26,South,web,Premium,3,7.5,0.124,0,0.0,1,1,0
C100053,10,44,54,West,web,Premium,5,12.51,0.165,0,0.189,0,0,1
C100054,9,64,45,Center,store,Plus,5,9.22,0.011,1,0.119,2,1,0
C100055,15,70,2,East,app,Basic,3,13.57,0.148,1,0.083,0,1,1
C100056,18,64,4,Center,app,Basic,1,13.2,0.0,2,0.0,1,1,1
C100057,11,53,9,North,web,Basic,4,16.11,0.087,0,0.215,0,1,1
C100058,1,43,71,Center,app,Plus,7,14.24,0.196,0,0.062,0,0,0
C100059,2,47,51,Center,web,Basic,7,14.5,0.209,0,0.253,0,1,0
C100060,11,33,24,West,store,Plus,4,3.83,0.236,0,0.31,0,1,0
C100061,15,46,67,Center,web,Basic,7,9.13,0.145,0,0.228,1,1,0
C100062,15,39,22,Center,web,Plus,6,21.23,0.142,1,0.284,0,1,1
C100063,19,32,45,Center,app,Plus,12,13.94,0.235,0,0.038,0,1,0
C100064,17,74,35,East,store,Plus,2,9.19,0.3,0,0.0,1,0,0
C100065,16,18,65,West,app,Plus,4,10.72,0.212,0,0.074,0,1,0
C100066,17,23,35,South,app,Basic,6,19.44,0.397,0,0.22,0,0,0
C100067,12,28,5,West,app,Plus,8,14.46,0.118,1,0.144,0,1,1
C100068,15,73,29,North,app,Premium,4,12.99,0.329,0,0.0,0,1,0
C100069,9,57,64,South,app,Premium,5,10.93,0.235,0,0.19,1,1,0
C100070,8,68,29,North,web,Premium,10,11.46,0.287,0,0.097,0,1,0
C100071,17,29,63,West,app,Basic,7,19.86,0.401,0,0.114,1,0,0
C100072,5,59,3,South,app,Basic,4,6.79,0.203,0,0.046,0,0,1
C100073,19,39,45,North,web,Basic,3,13.35,0.147,0,0.095,0,1,0
C100074,23,45,11,West,app,Basic,3,4.03,0.189,0,0.0,0,1,0
C100075,20,18,31,South,app,Plus,9,17.43,0.127,0,0.006,1,1,1
C100076,6,53,39,Center,web,Basic,5,14.04,0.0,0,0.2,0,0,0
C100077,22,65,51,North,web,Plus,5,14.71,0.009,1,0.219,0,1,0
C100078,8,55,52,West,web,Basic,6,7.64,0.197,0,0.0,0,0,0
C100079,1,26,18,South,web,Plus,5,8.13,0.057,1,0.008,1,1,0
C100080,1,48,50,West,app,Basic,4,14.09,0.261,0,0.13,0,1,0
C100081,4,33,48,North,app,Basic,8,12.09,0.177,2,0.093,0,0,0
C100082,8,72,2,South,web,Plus,6,13.11,0.191,1,0.286,0,0,0
C100083,23,68,50,Center,web,Plus,5,10.59,0.426,0,0.069,0,1,0
C100084,24,28,67,South,web,Basic,8,10.5,0.14,1,0.0,1,0,0
C100085,5,47,39,South,store,Basic,5,9.49,0.315,0,0.0,0,0,0
C100086,21,71,14,East,web,Basic,3,6.93,0.269,0,0.233,0,0,0
C100087,15,66,19,West,web,Premium,11,9.66,0.275,0,0.093,2,1,0
C100088,5,58,55,North,store,Basic,5,4.0,0.055,1,0.092,0,0,0
C100089,14,54,1,West,app,Plus,8,14.8,0.096,2,0.0,0,1,0
C100090,22,20,12,North,app,Plus,6,12.3,0.126,0,0.036,0,0,1
C100091,14,60,14,North,store,Premium,6,15.01,0.051,1,0.134,0,0,0
C100092,13,44,17,Center,app,Premium,5,11.96,0.045,1,0.065,0,1,0
C100093,6,23,60,Center,app,Basic,2,3.22,0.186,0,0.137,0,1,1
C100094,9,31,9,East,app,Basic,8,15.1,0.254,1,0.0,0,1,1
C100095,4,48,16,South,web,Premium,3,16.74,0.256,1,0.112,0,0,0
C100096,18,59,63,Center,app,Plus,8,7.42,0.405,0,0.216,1,1,0
C100097,21,46,6,East,app,Plus,9,6.66,0.109,0,0.18,1,1,0
C100098,1,52,22,West,app,Premium,2,17.59,0.171,0,0.069,0,1,0
C100099,19,67,18,South,app,Premium,3,9.2,0.04,0,0.051,0,0,0
C100100,5,57,57,South,app,Basic,3,11.94,0.248,1,0.0,0,1,0
C100101,20,38,37,West,store,Plus,5,7.27,0.216,0,0.125,0,0,0
C100102,15,54,11,Center,app,Basic,4,12.9,0.223,0,0.0,0,0,1
C100103,11,52,42,West,app,Premium,6,10.12,0.308,0,0.187,0,0,0
C100104,5,24,65,North,web,Basic,4,17.67,0.082,0,0.163,0,0,0
C100105,23,21,63,North,web,Basic,8,13.36,0.0,2,0.159,1,0,0
C100106,6,55,66,East,web,Plus,5,1.93,0.462,1,0.29,0,0,0
C100107,11,40,61,North,app,Basic,5,6.73,0.056,0,0.282,0,0,0
C100108,18,52,62,Center,app,Basic,4,13.09,0.113,1,0.204,0,0,0
C100109,18,36,69,South,app,Basic,3,12.86,0.024,0,0.088,0,0,0
C100110,1,30,44,North,web,Basic,8,6.07,0.106,0,0.0,0,0,0
C100111,6,26,63,Center,app,Plus,5,11.63,0.0,0,0.151,1,0,0
C100112,17,39,23,Center,app,Basic,4,16.01,0.185,0,0.049,0,1,0
C100113,9,64,32,North,web,Plus,7,13.99,0.148,0,0.025,2,0,0
C100114,8,40,24,South,web,Premium,7,7.13,0.056,0,0.021,0,1,0
C100115,13,39,11,Center,app,Premium,4,13.86,0.077,1,0.121,0,0,0
C100116,12,50,5,North,app,Basic,10,16.23,0.277,0,0.238,0,1,0
C100117,6,73,68,East,store,Plus,6,9.64,0.169,0,0.036,0,1,0
C100118,10,40,49,Center,app,Basic,1,6.49,0.339,0,0.139,0,1,0
C100119,24,51,17,North,web,Premium,5,16.53,0.353,0,0.172,1,0,0
C100120,15,43,24,West,app,Premium,3,15.48,0.273,0,0.258,0,1,0
C100121,22,52,45,Center,web,Plus,11,10.79,0.354,0,0.0,0,0,0
C100122,1,43,10,North,app,Basic,7,9.46,0.073,0,0.095,0,0,0
C100123,14,54,19,Center,web,Premium,9,15.65,0.06,0,0.018,0,1,0
C100124,24,49,7,Center,store,Plus,5,13.25,0.181,0,0.11,0,0,0
C100125,19,56,58,North,app,Plus,1,15.88,0.198,1,0.0,0,1,0
C100126,5,72,28,Center,store,Plus,2,11.84,0.0,0,0.0,1,0,1
C100127,19,26,15,North,app,Premium,4,7.79,0.071,0,0.29,0,1,0
C100128,5,50,14,North,app,Basic,2,10.56,0.132,0,0.106,0,1,1
C100129,5,43,30,South,web,Plus,4,15.54,0.129,1,0.042,0,1,0
C100130,8,38,49,North,web,Basic,5,12.0,0.424,0,0.233,0,0,0
C100131,1,31,16,North,app,Premium,3,9.71,0.346,0,0.101,0,0,1
C100132,15,20,15,North,web,Basic,4,9.98,0.094,0,0.0,0,0,0
C100133,13,40,62,Center,web,Basic,6,17.19,0.114,0,0.186,0,0,0
C100134,13,65,1,North,store,Basic,4,14.89,0.165,4,0.05,1,1,1
C100135,23,23,44,South,store,Basic,2,13.54,0.178,0,0.208,0,0,1
C100136,15,41,2,West,store,Plus,4,10.02,0.0,2,0.121,0,0,0
C100137,10,73,45,East,web,Plus,4,4.26,0.081,1,0.201,0,0,0
C100138,2,72,20,Center,web,Basic,7,13.88,0.091,0,0.258,0,0,1
C100139,18,30,23,East,web,Basic,7,3.02,0.0,0,0.092,1,0,1
C100140,18,18,36,East,app,Premium,4,16.6,0.355,1,0.0,1,1,0
C100141,3,56,13,South,web,Plus,4,18.04,0.217,0,0.0,1,1,1
C100142,8,18,52,East,app,Plus,6,15.46,0.203,0,0.088,1,0,0
C100143,5,35,61,Center,app,Premium,7,9.86,0.411,0,0.084,0,0,0
C100144,21,46,31,East,app,Basic,3,13.87,0.455,0,0.159,0,1,1
C100145,19,67,55,South,app,Plus,6,9.35,0.064,2,0.186,0,0,0
C100146,22,23,55,East,web,Basic,6,8.57,0.299,0,0.174,0,1,0
C100147,6,55,53,East,web,Premium,3,10.97,0.163,0,0.038,0,1,0
C100148,14,48,55,North,web,Premium,4,13.63,0.157,1,0.048,1,0,1
C100149,5,25,71,East,app,Basic,3,23.75,0.0,0,0.0,0,1,0
C100150,1,66,17,North,web,Plus,5,13.2,0.001,0,0.0,0,0,1
C100151,13,66,40,Center,app,Plus,7,14.17,0.401,0,0.0,0,1,0
C100152,14,45,68,South,app,Plus,4,7.56,0.111,0,0.066,0,0,0
C100153,14,71,13,East,app,Plus,6,13.37,0.129,1,0.058,0,0,0
C100154,7,52,25,North,web,Basic,6,15.59,0.257,0,0.312,0,1,0
C100155,16,69,44,South,store,Plus,4,15.82,0.232,1,0.0,0,1,0
C100156,22,72,7,Center,app,Plus,2,13.61,0.241,1,0.1,0,0,1
C100157,22,50,21,North,app,Plus,4,9.21,0.192,0,0.01,0,0,0
C100158,10,34,23,Center,web,Plus,5,19.29,0.313,0,0.029,1,0,0
C100159,6,26,37,South,app,Basic,3,14.07,0.185,0,0.066,0,1,0
C100160,22,50,40,North,app,Plus,3,19.42,0.29,0,0.008,0,1,0
C100161,18,28,33,East,web,Premium,4,14.75,0.106,0,0.007,0,0,0
C100162,22,60,58,North,app,Basic,5,17.36,0.348,0,0.134,0,0,0
C100163,3,70,41,Center,store,Plus,8,5.79,0.23,0,0.248,0,1,0
C100164,5,31,53,Center,app,Plus,5,8.76,0.111,0,0.025,0,1,0
C100165,22,49,66,North,web,Basic,5,13.8,0.121,0,0.135,0,0,0
C100166,1,20,41,West,web,Basic,10,15.51,0.196,0,0.006,0,1,0
C100167,5,28,58,West,web,Plus,4,8.94,0.364,0,0.0,0,0,0
C100168,22,39,34,West,web,Plus,3,5.2,0.037,0,0.065,0,0,1
C100169,11,68,30,North,web,Basic,3,18.14,0.243,0,0.0,1,0,0
C100170,20,73,4,East,app,Plus,3,8.53,0.086,0,0.0,0,0,1
C100171,8,54,59,Center,app,Plus,4,16.56,0.191,1,0.176,0,0,0
C100172,18,51,7,Center,web,Basic,2,20.48,0.296,0,0.229,0,1,0
C100173,12,50,62,East,app,Premium,6,10.55,0.0,0,0.081,0,0,1
C100174,18,21,12,North,web,Plus,2,7.84,0.001,0,0.009,0,1,1
C100175,3,39,55,North,web,Basic,4,11.63,0.246,0,0.146,0,1,0
C100176,13,74,70,West,web,Premium,4,16.69,0.073,0,0.15,0,1,0
C100177,2,41,40,Center,store,Basic,7,6.36,0.16,0,0.125,0,1,0
C100178,11,30,55,East,app,Premium,1,13.44,0.206,0,0.08,0,0,0
C100179,14,31,64,Center,web,Plus,9,7.37,0.54,0,0.031,0,0,0
C100180,23,58,60,North,app,Basic,6,6.41,0.128,0,0.159,0,0,0
C100181,7,20,35,Center,web,Basic,1,7.14,0.126,0,0.144,0,0,0
C100182,14,73,65,North,web,Basic,6,10.74,0.096,1,0.043,1,1,0
C100183,11,67,8,North,web,Plus,3,6.65,0.301,0,0.203,0,0,1
C100184,4,50,8,North,web,Plus,2,12.39,0.11,0,0.084,0,0,1
C100185,4,44,20,Center,web,Basic,7,7.27,0.135,0,0.106,0,0,0
C100186,13,61,71,Center,app,Plus,2,7.52,0.165,0,0.0,0,0,0
C100187,17,49,47,Center,web,Plus,5,5.6,0.15,0,0.072,0,1,0
C100188,8,45,14,West,app,Premium,7,14.02,0.201,0,0.004,0,0,0
C100189,11,36,27,East,web,Basic,8,8.81,0.284,0,0.057,0,0,1
C100190,14,43,1,East,app,Basic,2,12.11,0.313,0,0.056,0,1,0
C100191,8,60,31,Center,web,Basic,6,15.0,0.055,0,0.106,0,1,0
C100192,20,21,43,East,web,Premium,6,12.5,0.181,0,0.0,1,0,0
C100193,24,19,29,East,web,Basic,6,11.15,0.17,1,0.005,0,0,0
C100194,23,59,36,South,app,Premium,7,9.85,0.108,0,0.132,0,0,0
C100195,19,39,14,Center,app,Basic,5,7.1,0.0,0,0.0,0,0,0
C100196,20,63,5,North,web,Premium,4,14.38,0.026,0,0.074,0,0,1
C100197,11,19,7,Center,app,Basic,8,11.75,0.44,0,0.202,0,1,0
C100198,3,69,49,Center,web,Premium,4,4.16,0.247,0,0.011,1,0,1
C100199,21,25,4,West,app,Plus,2,9.0,0.156,0,0.0,0,1,0
C100200,13,41,14,Center,app,Plus,5,16.85,0.141,2,0.0,0,0,1
C100201,12,73,48,South,app,Plus,3,13.67,0.0,0,0.0,1,1,0
C100202,4,24,57,West,web,Basic,3,13.26,0.179,0,0.0,0,0,0
C100203,1,55,24,South,app,Basic,4,15.95,0.169,0,0.158,1,1,1
C100204,1,59,35,North,web,Basic,3,4.78,0.143,0,0.0,0,0,0
C100205,12,42,33,Center,web,Basic,3,10.33,0.056,0,0.0,1,1,0
C100206,19,22,55,West,app,Basic,4,10.22,0.252,0,0.056,1,0,0
C100207,24,47,67,North,web,Basic,3,11.64,0.0,0,0.08,0,0,0
C100208,23,42,60,Center,web,Basic,3,15.25,0.029,0,0.115,0,0,1
C100209,10,67,45,South,store,Premium,3,10.64,0.23,1,0.093,0,0,0
C100210,21,56,54,West,app,Plus,4,6.43,0.109,0,0.012,0,0,0
C100211,12,37,58,East,app,Basic,8,10.01,0.343,0,0.022,1,0,0
C100212,17,21,61,East,app,Premium,3,9.71,0.221,0,0.0,0,0,1
C100213,9,51,55,East,web,Basic,2,21.17,0.153,0,0.164,2,1,0
C100214,14,33,51,Center,app,Premium,9,16.46,0.404,1,0.045,0,1,0
C100215,12,56,68,North,store,Plus,4,16.98,0.292,1,0.253,0,0,0
C100216,16,67,26,South,web,Plus,8,18.85,0.346,0,0.075,0,1,1
C100217,5,38,5,North,app,Premium,8,13.08,0.165,0,0.0,0,0,0
C100218,22,69,36,East,web,Basic,5,16.31,0.068,0,0.158,0,0,0
C100219,12,47,28,North,app,Basic,9,15.16,0.048,0,0.037,0,0,0
C100220,8,48,3,North,app,Basic,4,13.96,0.132,0,0.079,0,1,1
C100221,6,61,68,West,web,Plus,5,7.86,0.287,0,0.098,0,1,0
C100222,24,62,70,North,web,Basic,5,19.94,0.303,0,0.0,0,0,0
C100223,22,69,33,South,web,Basic,6,12.82,0.104,0,0.131,0,0,0
C100224,21,74,52,North,app,Premium,2,11.84,0.322,0,0.041,0,0,0
C100225,12,26,68,West,app,Premium,2,15.6,0.153,0,0.192,0,0,0
C100226,12,41,34,North,app,Basic,6,14.07,0.332,0,0.0,0,1,0
C100227,6,71,14,East,app,Basic,1,17.27,0.109,0,0.0,0,1,1
C100228,17,35,9,East,app,Plus,4,9.85,0.175,0,0.137,0,0,1
C100229,2,18,5,Center,app,Basic,2,3.26,0.026,1,0.0,0,0,0
C100230,11,50,5,North,app,Premium,4,6.22,0.486,1,0.06,0,0,0
C100231,5,60,64,North,web,Plus,5,11.92,0.084,1,0.153,0,0,0
C100232,17,60,50,North,app,Basic,5,14.07,0.208,0,0.027,0,0,0
C100233,22,64,30,East,app,Basic,4,19.55,0.12,0,0.0,0,1,0
C100234,9,54,69,South,app,Premium,5,9.77,0.188,1,0.074,0,0,0
C100235,2,25,37,West,app,Basic,5,12.56,0.169,0,0.067,0,1,0
C100236,15,66,27,South,web,Premium,10,8.45,0.261,1,0.066,0,0,1
C100237,20,41,67,South,app,Premium,7,14.41,0.113,0,0.031,0,0,0
C100238,8,66,52,North,app,Basic,1,17.05,0.3,0,0.0,0,0,0
C100239,15,64,16,Center,app,Basic,9,16.66,0.323,0,0.06,0,0,0
C100240,14,73,50,West,app,Plus,4,9.52,0.094,0,0.074,0,0,0
C100241,17,18,69,West,store,Basic,2,8.0,0.285,0,0.081,0,1,0
C100242,5,67,28,Center,web,Basic,3,8.19,0.224,0,0.291,0,1,0
C100243,23,53,29,East,store,Basic,3,13.16,0.0,0,0.059,0,1,0
C100244,2,45,39,East,store,Plus,4,5.34,0.28,0,0.073,0,0,1
C100245,2,63,18,Center,app,Plus,7,18.23,0.147,0,0.13,0,0,0
C100246,11,72,67,North,web,Plus,7,16.09,0.253,0,0.032,1,1,0
C100247,7,47,17,East,app,Premium,11,16.08,0.161,0,0.0,0,1,0
C100248,16,22,58,West,app,Basic,6,10.27,0.206,0,0.0,0,1,0
C100249,3,59,37,West,web,Plus,1,13.92,0.277,0,0.0,0,1,0
C100250,20,31,47,Center,web,Plus,8,19.25,0.271,0,0.095,0,0,0
C100251,15,30,34,North,web,Plus,3,13.14,0.121,0,0.127,0,1,1
C100252,13,28,49,Center,app,Plus,6,16.07,0.0,0,0.147,0,0,1
C100253,11,29,63,North,store,Basic,6,14.06,0.157,1,0.174,0,0,0
C100254,15,69,40,West,web,Basic,8,19.55,0.214,0,0.119,0,0,0
C100255,8,38,4,Center,web,Basic,6,11.13,0.177,0,0.194,0,0,0
C100256,9,24,53,East,web,Premium,3,1.77,0.079,0,0.153,0,1,0
C100257,12,28,4,Center,store,Plus,7,14.25,0.226,0,0.15,0,0,1
C100258,19,40,40,West,app,Premium,7,10.53,0.427,0,0.106,1,1,0
C100259,17,37,11,Center,app,Plus,6,6.35,0.0,2,0.222,0,1,1
C100260,14,35,59,East,store,Basic,2,9.94,0.064,0,0.317,1,0,0
C100261,18,72,44,South,web,Plus,1,8.83,0.173,0,0.0,1,1,1
C100262,19,67,46,East,store,Basic,0,13.56,0.283,1,0.099,0,1,0
C100263,11,50,56,North,app,Plus,8,14.38,0.284,0,0.134,0,1,0
C100264,11,74,18,North,store,Basic,4,8.09,0.294,0,0.025,0,0,0
C100265,13,37,35,Center,app,Plus,6,8.17,0.347,0,0.064,0,0,0
C100266,2,25,15,West,web,Basic,4,16.59,0.37,0,0.015,0,1,0
C100267,13,33,44,West,store,Premium,4,7.71,0.192,1,0.053,0,1,0
C100268,23,23,29,East,web,Basic,3,15.4,0.149,1,0.028,1,1,1
C100269,22,72,46,South,app,Premium,2,10.94,0.0,1,0.187,0,0,0
C100270,15,30,44,North,app,Premium,6,8.11,0.277,0,0.036,1,0,0
C100271,8,43,2,West,app,Plus,5,13.3,0.329,0,0.0,0,0,1
C100272,1,29,15,South,app,Basic,2,11.0,0.178,1,0.144,0,0,0
C100273,13,73,18,South,store,Basic,4,1.0,0.297,0,0.006,1,1,0
C100274,2,27,28,East,web,Plus,6,11.99,0.143,0,0.119,0,0,0
C100275,8,47,71,Center,app,Basic,3,6.42,0.209,0,0.263,0,0,0
C100276,24,72,34,South,web,Basic,4,7.84,0.082,0,0.0,0,0,0
C100277,13,47,24,East,app,Premium,4,1.0,0.426,0,0.181,1,0,0
C100278,4,69,61,East,web,Plus,9,17.45,0.381,0,0.197,0,1,0
C100279,4,69,68,North,app,Plus,9,12.57,0.005,1,0.0,0,0,1
C100280,1,61,21,East,app,Basic,7,8.72,0.218,1,0.246,0,0,0
C100281,21,60,35,West,web,Plus,4,14.27,0.19,1,0.331,0,1,0
C100282,13,50,10,South,store,Premium,6,12.38,0.201,0,0.141,1,0,0
C100283,21,51,16,North,web,Basic,6,10.73,0.304,0,0.1,0,0,0
C100284,9,65,38,West,store,Premium,7,8.59,0.156,1,0.19,0,0,0
C100285,3,42,1,North,app,Basic,8,11.22,0.261,0,0.125,0,1,1
C100286,16,71,52,Center,app,Basic,2,13.39,0.147,1,0.155,0,0,0
C100287,4,68,16,West,web,Plus,7,15.49,0.468,0,0.126,1,1,0
C100288,14,39,37,South,app,Basic,7,10.59,0.125,0,0.082,0,1,0
C100289,20,41,23,Center,app,Premium,3,12.14,0.054,0,0.0,0,1,0
C100290,21,58,18,East,app,Basic,5,14.45,0.234,1,0.237,1,0,1
C100291,11,70,32,South,app,Basic,7,15.64,0.05,0,0.035,1,0,0
C100292,5,23,49,North,web,Plus,7,14.02,0.104,0,0.141,0,0,0
C100293,3,21,32,Center,web,Basic,4,10.3,0.147,0,0.183,0,1,0
C100294,16,32,50,East,web,Basic,7,13.08,0.178,1,0.0,0,1,0
C100295,1,42,39,East,web,Plus,11,12.02,0.206,0,0.121,0,0,0
C100296,4,27,54,North,web,Plus,9,17.01,0.2,1,0.129,0,0,1
C100297,3,47,34,South,store,Plus,6,8.62,0.176,0,0.109,0,1,0
C100298,3,48,43,East,app,Premium,4,14.44,0.294,1,0.225,0,1,0
C100299,19,72,3,Center,app,Basic,8,13.13,0.177,1,0.111,2,1,0
C100300,20,60,13,North,store,Premium,5,11.46,0.277,1,0.039,0,1,0
C100301,9,32,19,Center,store,Basic,5,13.27,0.234,0,0.151,1,0,1
C100302,24,62,41,West,web,Premium,2,9.99,0.245,2,0.239,0,0,0
C100303,2,63,69,East,web,Basic,3,6.89,0.023,0,0.043,1,0,0
C100304,3,56,10,North,web,Plus,3,19.08,0.119,0,0.0,0,1,0
C100305,22,56,2,East,app,Basic,4,17.05,0.273,0,0.175,0,0,1
C100306,23,35,46,South,web,Basic,6,11.65,0.18,1,0.148,1,0,0
C100307,22,58,53,Center,app,Basic,2,18.49,0.053,0,0.0,0,0,0
C100308,13,25,63,Center,app,Plus,5,16.08,0.281,0,0.0,0,0,0
C100309,14,53,34,North,app,Plus,7,8.97,0.261,0,0.0,0,1,0
C100310,21,70,55,Center,web,Basic,6,14.48,0.22,0,0.058,0,0,0
C100311,13,73,51,Center,app,Basic,3,12.21,0.135,0,0.146,0,0,0
C100312,6,34,3,Center,app,Premium,6,10.11,0.276,1,0.237,0,0,1
C100313,5,36,24,West,app,Basic,4,10.98,0.166,1,0.277,0,1,1
C100314,18,53,51,East,web,Basic,7,13.28,0.139,0,0.224,0,1,0
C100315,1,40,27,Center,store,Premium,2,14.65,0.244,0,0.091,0,1,0
C100316,24,59,42,West,app,Plus,5,13.33,0.114,1,0.25,0,1,0
C100317,21,29,37,South,store,Plus,9,11.43,0.268,1,0.178,1,1,0
C100318,20,27,47,West,app,Basic,8,7.08,0.163,1,0.0,0,0,0
C100319,20,20,65,East,web,Basic,6,9.64,0.248,0,0.251,0,1,0
C100320,11,44,62,South,web,Premium,8,14.49,0.021,0,0.026,0,1,0
C100321,3,30,24,East,app,Plus,7,11.58,0.127,0,0.012,1,0,0
C100322,5,35,33,East,web,Basic,4,11.04,0.085,1,0.0,1,0,1
C100323,10,70,7,East,store,Premium,1,10.36,0.019,0,0.0,0,1,0
C100324,9,64,57,West,app,Premium,5,12.29,0.341,0,0.101,0,1,0
C100325,20,65,3,Center,app,Plus,3,7.73,0.131,0,0.147,0,1,0
C100326,9,51,32,Center,store,Basic,11,10.24,0.242,2,0.001,0,0,0
C100327,9,24,63,Center,web,Basic,5,6.17,0.047,0,0.061,0,1,0
C100328,11,60,66,West,app,Premium,6,19.11,0.123,0,0.216,1,1,0
C100329,20,52,23,West,app,Basic,7,13.46,0.404,0,0.0,0,1,0
C100330,20,69,68,Center,app,Premium,6,9.49,0.403,0,0.129,0,1,0
C100331,2,45,9,Center,app,Basic,1,12.43,0.209,0,0.0,0,0,0
C100332,20,27,52,North,web,Plus,2,15.13,0.249,0,0.196,0,0,0
C100333,11,51,43,West,web,Plus,0,20.43,0.0,0,0.108,0,1,0
C100334,15,43,58,South,web,Basic,8,15.88,0.271,0,0.117,0,0,0
C100335,14,55,60,West,store,Plus,5,7.51,0.276,0,0.0,0,1,0
C100336,24,39,31,South,web,Plus,7,13.92,0.288,0,0.228,0,0,0
C100337,9,35,43,South,store,Basic,6,16.68,0.216,1,0.14,0,0,0
C100338,10,25,53,East,app,Basic,8,13.04,0.116,1,0.365,0,1,0
C100339,12,72,11,West,app,Basic,3,5.75,0.058,0,0.058,1,0,0
C100340,23,61,44,East,store,Basic,4,6.77,0.078,0,0.031,0,0,0
C100341,20,44,29,Center,web,Plus,2,21.31,0.078,0,0.106,0,0,0
C100342,9,31,27,South,app,Basic,7,13.72,0.28,0,0.113,1,0,1
C100343,15,53,19,West,app,Plus,6,8.18,0.349,0,0.137,0,0,1
C100344,6,41,34,South,app,Basic,9,7.25,0.003,0,0.018,0,1,0
C100345,20,54,2,East,app,Premium,4,4.88,0.113,0,0.0,0,0,0
C100346,4,23,44,South,store,Basic,8,9.74,0.125,0,0.079,0,1,0
C100347,9,28,69,East,app,Basic,3,9.06,0.108,0,0.107,0,0,0
C100348,5,59,34,North,app,Plus,3,8.64,0.258,0,0.146,1,1,0
C100349,22,21,33,North,web,Basic,5,18.66,0.293,0,0.147,0,1,1
C100350,9,56,33,North,app,Premium,9,19.53,0.219,0,0.418,0,0,0
C100351,4,41,10,Center,app,Basic,8,10.45,0.101,0,0.185,0,1,0
C100352,13,18,39,Center,web,Plus,8,2.99,0.198,1,0.122,0,0,0
C100353,23,61,63,West,store,Plus,5,5.95,0.056,0,0.165,0,0,0
C100354,14,57,63,West,store,Plus,7,13.77,0.041,0,0.17,0,0,0
C100355,23,64,70,North,app,Basic,4,17.53,0.192,2,0.104,0,0,0
C100356,1,69,12,East,app,Plus,5,7.23,0.236,0,0.0,0,0,0
C100357,23,59,58,South,web,Basic,7,10.22,0.114,0,0.043,0,1,0
C100358,12,65,36,East,app,Premium,4,11.47,0.202,2,0.067,0,0,0
C100359,14,24,19,Center,web,Plus,4,15.99,0.248,0,0.074,1,1,0
C100360,5,70,55,East,app,Plus,2,13.27,0.314,0,0.016,0,1,0
C100361,23,70,14,North,web,Basic,6,11.26,0.149,0,0.0,0,1,0
C100362,5,57,33,Center,app,Plus,4,7.58,0.112,0,0.094,0,0,0
C100363,20,63,38,Center,app,Plus,6,15.2,0.171,0,0.243,1,1,0
C100364,19,60,40,Center,web,Plus,6,13.26,0.227,0,0.08,0,1,0
C100365,3,68,42,Center,web,Plus,1,7.55,0.082,0,0.213,0,1,0
C100366,17,68,7,Center,web,Premium,7,5.15,0.165,0,0.0,0,0,0
C100367,20,47,63,Center,app,Premium,8,20.51,0.192,0,0.048,0,0,0
C100368,13,64,14,South,web,Plus,3,4.33,0.028,0,0.013,1,1,0
C100369,6,70,69,East,store,Premium,7,13.43,0.221,0,0.007,0,1,0
C100370,22,34,69,East,app,Plus,8,8.88,0.043,0,0.141,2,0,0
C100371,4,20,65,West,app,Basic,8,8.9,0.239,0,0.045,0,1,0
C100372,7,27,22,South,app,Premium,2,11.48,0.025,2,0.086,0,0,1
C100373,13,19,25,Center,web,Basic,7,18.41,0.038,2,0.0,0,1,0
C100374,15,42,56,South,app,Plus,4,13.7,0.32,0,0.065,0,0,0
C100375,16,19,42,Center,web,Plus,2,10.0,0.072,0,0.009,1,0,1
C100376,11,32,70,Center,app,Premium,5,18.05,0.053,0,0.06,0,1,1
C100377,7,32,9,Center,web,Basic,2,7.0,0.261,0,0.219,0,0,0
C100378,2,58,43,Center,app,Basic,4,15.74,0.039,0,0.07,1,1,0
C100379,11,32,37,South,web,Premium,7,16.37,0.194,0,0.1,0,0,0
C100380,17,72,67,North,app,Plus,5,11.83,0.288,0,0.109,1,0,0
C100381,3,28,6,South,web,Basic,4,12.78,0.11,0,0.0,0,1,1
C100382,3,73,31,Center,web,Plus,6,14.79,0.145,0,0.01,0,0,1
C100383,18,50,8,North,web,Plus,6,19.35,0.187,0,0.174,0,0,0
C100384,23,31,54,Center,app,Plus,4,16.46,0.311,0,0.147,1,1,0
C100385,20,20,9,West,app,Basic,5,9.9,0.112,0,0.11,0,1,1
C100386,4,35,70,South,web,Basic,5,10.6,0.065,0,0.053,0,1,0
C100387,4,51,22,North,app,Premium,5,9.23,0.164,0,0.055,1,1,0
C100388,16,24,32,South,app,Plus,4,6.91,0.195,0,0.0,0,0,0
C100389,17,27,22,East,web,Premium,3,9.48,0.298,0,0.263,0,0,0
C100390,19,24,24,North,store,Plus,7,8.08,0.091,1,0.063,1,1,1
C100391,19,56,51,Center,web,Basic,5,7.86,0.172,1,0.227,0,0,1
C100392,16,23,27,North,app,Basic,2,14.13,0.041,0,0.087,0,0,1
C100393,21,19,6,South,store,Plus,6,13.22,0.245,0,0.0,0,0,0
C100394,7,43,11,East,app,Plus,3,13.3,0.096,0,0.174,0,0,0
C100395,5,35,8,Center,app,Premium,5,14.16,0.269,1,0.0,0,0,1
C100396,13,50,70,North,web,Basic,5,14.54,0.261,1,0.0,0,0,0
C100397,15,71,47,North,store,Basic,6,12.52,0.161,0,0.0,0,0,0
C100398,6,66,67,South,web,Basic,5,14.35,0.0,0,0.0,0,1,0
C100399,7,48,48,North,store,Premium,3,5.99,0.216,0,0.075,0,1,1
C100400,18,54,50,South,web,Plus,4,12.08,0.281,0,0.062,1,1,0
C100401,20,64,51,East,app,Plus,7,11.04,0.009,0,0.221,0,0,0
C100402,23,42,63,East,web,Premium,3,15.93,0.137,0,0.038,0,0,0
C100403,6,55,52,South,web,Plus,7,11.91,0.077,0,0.057,0,1,0
C100404,20,30,33,North,app,Plus,7,7.51,0.0,0,0.053,0,0,0
C100405,24,52,48,Center,web,Plus,4,17.11,0.013,2,0.0,0,0,0
C100406,6,31,28,Center,app,Plus,5,10.38,0.241,1,0.0,0,1,1
C100407,15,28,40,South,app,Plus,3,14.77,0.0,0,0.0,0,0,1
C100408,1,61,10,North,store,Basic,7,14.78,0.21,0,0.17,0,1,0
C100409,12,50,53,North,app,Plus,2,14.67,0.027,1,0.0,0,0,1
C100410,18,39,3,West,app,Basic,4,15.54,0.159,0,0.064,1,0,0
C100411,7,20,6,West,app,Basic,0,8.74,0.214,0,0.0,0,0,1
C100412,14,31,18,North,app,Plus,5,6.85,0.118,0,0.127,0,0,0
C100413,19,63,16,East,app,Plus,9,11.24,0.007,0,0.183,0,1,0
C100414,16,44,54,North,app,Basic,5,4.41,0.0,1,0.0,0,1,0
C100415,8,72,53,Center,app,Premium,2,16.4,0.313,0,0.232,1,0,0
C100416,12,69,17,West,app,Plus,4,13.16,0.045,0,0.126,0,1,0
C100417,23,66,14,West,app,Plus,4,10.87,0.07,1,0.038,1,0,1
C100418,24,18,25,Center,app,Premium,6,8.14,0.049,0,0.067,0,1,0
C100419,8,20,38,East,app,Plus,4,5.48,0.376,0,0.122,0,0,0
C100420,8,50,51,Center,app,Plus,2,17.82,0.267,1,0.264,0,1,0
C100421,8,37,19,East,app,Basic,6,14.22,0.064,1,0.008,0,0,0
C100422,24,65,50,Center,web,Basic,3,8.33,0.045,1,0.0,0,1,1
C100423,22,36,31,North,web,Plus,5,8.51,0.17,1,0.0,0,1,0
C100424,22,26,6,North,store,Plus,3,17.31,0.141,0,0.084,0,0,1
C100425,23,24,60,South,web,Plus,3,13.11,0.257,0,0.015,0,0,0
C100426,4,35,24,South,web,Basic,4,10.88,0.094,0,0.0,0,0,1
C100427,4,53,47,West,app,Basic,6,13.5,0.232,0,0.0,0,0,0
C100428,8,25,21,North,web,Premium,4,12.29,0.162,0,0.167,0,0,1
C100429,15,63,32,East,web,Plus,6,7.23,0.004,0,0.081,1,0,0
C100430,9,35,47,West,store,Plus,3,18.37,0.188,0,0.104,0,1,0
C100431,14,35,20,East,app,Basic,3,16.01,0.31,0,0.029,0,0,0
C100432,1,55,6,North,store,Plus,8,12.64,0.19,0,0.082,0,1,1
C100433,5,67,58,North,store,Plus,4,4.58,0.111,0,0.0,0,1,1
C100434,15,42,6,North,store,Basic,7,14.79,0.447,0,0.133,0,0,1
C100435,24,63,47,Center,web,Basic,10,10.13,0.091,1,0.1,1,1,0
C100436,2,35,43,East,web,Basic,6,14.12,0.022,1,0.304,0,1,0
C100437,8,25,32,North,store,Plus,0,13.85,0.186,1,0.066,0,1,0
C100438,15,65,12,Center,app,Premium,6,6.42,0.111,0,0.318,0,0,0
C100439,3,61,62,North,web,Plus,5,13.68,0.208,0,0.138,0,0,0
C100440,9,60,28,South,app,Basic,11,10.76,0.093,0,0.0,0,0,0
C100441,16,68,50,North,app,Premium,8,8.51,0.357,0,0.0,0,0,0
C100442,21,46,60,East,web,Plus,5,14.66,0.167,0,0.0,1,1,0
C100443,11,29,70,South,web,Premium,5,11.18,0.239,0,0.201,0,0,0
C100444,23,51,57,North,app,Plus,8,16.97,0.066,0,0.15,0,0,0
C100445,11,50,48,East,web,Basic,6,13.98,0.161,0,0.064,1,0,0
C100446,10,40,70,Center,web,Basic,5,7.26,0.098,2,0.174,0,0,0
C100447,14,54,64,South,app,Basic,7,12.67,0.12,0,0.053,0,0,0
C100448,8,33,3,South,app,Basic,2,8.31,0.288,0,0.055,1,1,1
C100449,7,52,40,Center,app,Basic,4,13.63,0.298,1,0.045,1,1,0
C100450,6,63,23,Center,web,Plus,4,11.96,0.004,0,0.0,0,0,1
C100451,16,23,51,East,store,Plus,3,16.74,0.082,0,0.053,2,0,1
C100452,20,43,9,West,web,Basic,6,11.04,0.307,1,0.062,0,1,0
C100453,18,55,60,East,app,Plus,3,7.21,0.076,0,0.115,0,1,0
C100454,23,20,69,South,store,Plus,5,10.12,0.2,0,0.012,1,0,0
C100455,14,54,7,West,app,Basic,3,8.8,0.155,1,0.009,0,1,1
C100456,18,70,54,North,app,Premium,1,2.97,0.211,0,0.209,0,1,0
C100457,4,64,34,West,web,Premium,2,8.36,0.067,1,0.03,1,0,0
C100458,18,57,71,North,app,Plus,7,16.92,0.231,1,0.045,0,0,0
C100459,2,63,43,West,app,Plus,7,6.02,0.215,0,0.017,1,0,0
C100460,21,38,68,East,app,Plus,8,13.77,0.138,0,0.141,0,0,0
C100461,6,36,5,Center,store,Basic,2,9.16,0.17,0,0.141,0,0,1
C100462,21,22,43,East,app,Basic,6,14.2,0.291,0,0.059,0,0,0
C100463,23,59,57,West,app,Plus,5,12.5,0.247,2,0.0,0,0,1
C100464,13,35,4,North,app,Basic,1,10.63,0.328,0,0.066,0,0,0
C100465,17,67,51,South,web,Plus,5,5.43,0.484,0,0.264,0,0,0
C100466,9,44,60,North,web,Basic,4,7.14,0.118,0,0.02,0,0,0
C100467,6,68,67,South,store,Basic,9,9.09,0.111,0,0.042,0,0,0
C100468,5,25,39,North,web,Premium,5,19.47,0.08,0,0.176,0,1,0
C100469,17,27,27,South,web,Basic,10,18.39,0.204,0,0.16,0,1,0
C100470,22,37,60,North,web,Basic,7,5.99,0.203,1,0.044,2,0,1
C100471,11,19,34,Center,app,Plus,7,12.19,0.0,0,0.022,1,1,0
C100472,22,46,23,West,app,Basic,6,5.84,0.305,0,0.207,1,0,0
C100473,7,55,65,Center,app,Premium,6,10.38,0.183,0,0.098,0,1,1
C100474,24,55,56,West,app,Basic,8,18.02,0.081,0,0.043,0,0,0
C100475,17,30,30,Center,app,Basic,5,15.72,0.188,0,0.096,0,0,0
C100476,5,27,4,North,app,Plus,4,13.32,0.0,0,0.0,0,0,1
C100477,9,50,60,West,app,Basic,4,4.71,0.106,0,0.0,2,0,0
C100478,15,54,16,North,app,Basic,4,8.45,0.18,0,0.223,0,1,0
C100479,3,71,30,South,app,Basic,7,7.55,0.251,0,0.073,0,0,0
C100480,3,69,4,West,app,Basic,3,20.73,0.194,0,0.0,0,1,0
C100481,4,39,24,West,store,Premium,7,11.54,0.079,0,0.196,0,1,0
C100482,21,27,65,South,app,Plus,2,16.91,0.085,0,0.094,0,0,0
C100483,24,32,20,North,app,Plus,4,13.41,0.21,0,0.173,1,1,0
C100484,20,68,5,South,web,Basic,8,11.34,0.351,2,0.056,0,0,1
C100485,6,44,16,Center,web,Plus,10,9.45,0.15,0,0.146,0,1,1
C100486,23,74,13,Center,store,Basic,7,17.88,0.055,2,0.139,0,1,1
C100487,13,55,31,Center,app,Basic,5,11.48,0.043,0,0.0,0,1,1
C100488,13,51,11,North,app,Basic,3,13.77,0.176,0,0.118,0,0,1
C100489,13,23,12,North,web,Basic,7,12.31,0.0,0,0.182,1,1,1
C100490,1,51,19,East,web,Plus,6,8.86,0.049,0,0.012,0,1,0
C100491,10,39,59,North,web,Basic,5,14.69,0.096,0,0.022,0,1,0
C100492,20,66,20,South,store,Basic,5,8.42,0.269,1,0.0,1,1,1
C100493,2,25,70,Center,store,Premium,6,12.61,0.173,0,0.074,0,0,0
C100494,12,28,54,South,app,Basic,2,7.99,0.266,2,0.057,0,1,0
C100495,12,55,7,South,app,Basic,4,4.23,0.299,0,0.062,0,1,1
C100496,6,56,27,Center,store,Premium,3,16.25,0.046,0,0.015,1,0,0
C100497,2,65,4,East,app,Basic,5,15.51,0.227,0,0.317,0,0,0
C100498,9,47,13,South,app,Basic,5,12.44,0.06,1,0.13,0,0,1
C100499,8,39,1,West,web,Plus,9,5.26,0.457,0,0.0,0,0,1
C100500,16,35,26,South,app,Premium,6,7.15,0.287,1,0.16,0,0,0
C100501,6,39,67,West,web,Premium,6,13.24,0.161,0,0.0,0,0,0
C100502,21,55,70,West,store,Premium,3,6.13,0.199,0,0.164,1,0,0
C100503,3,48,6,East,web,Plus,5,23.79,0.296,0,0.22,0,0,0
C100504,4,34,23,Center,app,Premium,4,7.79,0.092,0,0.0,0,0,1
C100505,2,30,49,Center,app,Basic,1,9.96,0.092,3,0.141,0,1,0
C100506,10,58,54,North,app,Basic,8,17.03,0.068,0,0.0,0,0,0
C100507,16,32,22,East,app,Plus,5,15.71,0.207,1,0.051,0,1,0
C100508,3,29,35,South,web,Plus,7,14.44,0.247,0,0.164,0,0,0
C100509,24,36,15,East,app,Premium,5,15.21,0.157,1,0.0,0,1,0
C100510,19,66,38,North,app,Basic,5,15.98,0.292,2,0.294,0,0,0
C100511,19,44,18,North,web,Basic,5,12.68,0.025,0,0.012,0,1,1
C100512,1,51,13,South,web,Plus,7,10.43,0.311,0,0.223,0,0,0
C100513,9,22,49,East,web,Basic,1,11.5,0.305,0,0.211,1,1,0
C100514,3,37,11,North,app,Plus,8,13.19,0.341,0,0.126,0,0,0
C100515,14,60,2,North,app,Premium,5,13.7,0.0,0,0.088,0,0,1
C100516,21,62,34,Center,web,Basic,9,16.46,0.123,0,0.12,0,1,0
C100517,17,51,62,Center,web,Premium,2,14.47,0.334,0,0.13,0,0,0
C100518,2,67,27,North,web,Plus,4,16.01,0.169,0,0.15,1,0,1
C100519,22,35,41,North,app,Basic,5,10.61,0.0,1,0.0,0,0,1
C100520,5,27,14,North,store,Basic,5,9.49,0.186,0,0.106,1,0,0
C100521,20,22,17,North,app,Plus,7,9.45,0.154,0,0.106,0,1,1
C100522,8,29,12,North,web,Basic,1,11.34,0.057,0,0.295,0,0,0
C100523,20,61,15,North,web,Plus,5,6.46,0.176,0,0.071,0,1,0
C100524,9,69,44,Center,store,Basic,6,9.34,0.059,1,0.132,0,0,0
C100525,1,25,47,East,app,Plus,10,13.76,0.34,1,0.0,0,0,0
C100526,8,46,23,South,store,Premium,3,10.0,0.0,0,0.0,0,1,0
C100527,19,25,45,South,web,Premium,4,7.47,0.261,0,0.014,0,1,0
C100528,5,66,28,Center,web,Premium,8,6.81,0.327,0,0.094,0,0,0
C100529,12,25,23,North,app,Basic,6,8.22,0.03,1,0.0,0,1,1
C100530,15,54,12,North,store,Premium,3,8.21,0.229,0,0.15,0,0,1
C100531,21,22,24,North,app,Basic,4,18.34,0.0,0,0.068,0,1,1
C100532,17,60,23,West,store,Basic,4,17.8,0.332,0,0.0,0,1,0
C100533,11,69,33,East,web,Plus,4,19.17,0.228,0,0.206,0,1,0
C100534,5,59,60,South,web,Premium,6,10.64,0.349,0,0.124,0,1,0
C100535,19,33,65,South,app,Basic,6,8.1,0.133,2,0.205,0,1,0
C100536,1,65,17,East,web,Basic,4,9.21,0.295,1,0.0,0,0,1
C100537,24,35,39,East,app,Plus,6,6.8,0.33,0,0.048,0,1,0
C100538,2,60,9,Center,web,Premium,5,12.28,0.23,0,0.218,0,0,0
C100539,6,65,60,East,web,Plus,5,8.88,0.251,0,0.022,0,0,0
C100540,21,45,24,South,app,Basic,7,15.46,0.304,0,0.0,0,1,1
C100541,19,53,46,Center,web,Plus,6,8.26,0.0,0,0.105,0,0,0
C100542,8,66,64,Center,web,Premium,5,12.66,0.38,0,0.036,0,0,0
C100543,13,28,40,North,app,Basic,7,1.0,0.149,0,0.0,0,1,0
C100544,20,19,65,South,web,Premium,0,10.6,0.111,1,0.04,1,0,1
C100545,12,42,35,West,web,Premium,1,11.56,0.27,0,0.205,0,0,0
C100546,13,28,68,East,app,Basic,5,12.11,0.297,1,0.053,0,1,0
C100547,13,68,49,North,web,Premium,7,9.84,0.129,1,0.238,0,0,0
C100548,5,67,45,North,web,Plus,5,12.0,0.093,1,0.099,0,1,0
C100549,5,39,35,Center,store,Premium,7,12.18,0.0,0,0.153,0,1,0
C100550,10,35,70,North,web,Plus,3,12.29,0.279,0,0.04,1,0,1
C100551,15,58,52,North,app,Basic,6,17.62,0.292,0,0.034,0,1,0
C100552,21,43,42,East,store,Plus,7,10.71,0.093,0,0.0,0,0,1
C100553,5,23,13,Center,store,Basic,4,15.46,0.186,1,0.119,0,1,0
C100554,6,55,60,South,app,Basic,9,17.61,0.133,1,0.131,0,0,0
C100555,4,59,23,Center,store,Basic,7,16.17,0.221,0,0.068,0,1,0
C100556,9,21,7,West,app,Basic,1,14.28,0.189,0,0.158,0,0,0
C100557,5,62,62,South,app,Basic,3,14.16,0.114,0,0.125,0,0,0
C100558,8,48,49,North,app,Plus,6,17.22,0.153,0,0.129,0,1,0
C100559,21,65,29,East,app,Plus,3,17.5,0.049,1,0.064,0,1,0
C100560,24,66,39,Center,app,Basic,4,9.97,0.186,0,0.05,3,0,0
C100561,3,56,60,Center,app,Plus,5,11.78,0.13,0,0.0,0,0,0
C100562,6,37,20,Center,store,Basic,2,18.23,0.217,0,0.0,0,1,1
C100563,10,39,67,Center,web,Basic,5,13.92,0.073,0,0.016,0,0,0
C100564,15,59,9,Center,store,Plus,4,7.48,0.088,0,0.189,0,1,1
C100565,1,21,42,Center,web,Plus,4,12.83,0.089,0,0.22,0,0,1
C100566,20,31,51,North,app,Plus,3,15.31,0.104,0,0.161,0,1,0
C100567,17,47,8,West,app,Plus,4,14.29,0.477,0,0.0,0,0,0
C100568,4,71,21,North,app,Premium,6,12.54,0.179,1,0.012,1,1,0
C100569,1,61,54,Center,store,Premium,6,11.59,0.122,0,0.0,0,1,0
C100570,19,64,44,Center,web,Premium,2,11.03,0.0,0,0.003,1,0,0
C100571,15,28,48,North,web,Basic,2,7.65,0.272,1,0.161,1,0,0
C100572,20,33,48,Center,store,Plus,4,14.22,0.045,0,0.097,0,0,0
C100573,7,33,21,Center,web,Basic,5,13.65,0.257,0,0.009,1,1,0
C100574,14,60,3,South,app,Premium,3,9.32,0.272,0,0.071,0,1,1
C100575,5,48,62,South,store,Plus,7,9.16,0.083,0,0.0,0,1,0
C100576,18,30,9,Center,web,Basic,4,9.38,0.231,0,0.147,0,0,0
C100577,17,60,35,South,app,Basic,5,10.86,0.383,1,0.089,0,1,0
C100578,20,54,63,East,web,Plus,3,19.28,0.042,0,0.203,0,1,0
C100579,23,69,5,Center,app,Plus,5,12.73,0.0,0,0.057,0,0,0
C100580,23,49,51,Center,web,Basic,4,14.34,0.154,0,0.058,0,1,0
C100581,21,25,5,South,web,Basic,5,12.43,0.1,1,0.142,0,0,1
C100582,2,68,9,Center,store,Premium,6,12.75,0.196,1,0.06,0,1,0
C100583,10,28,17,East,app,Plus,7,11.75,0.124,1,0.0,0,0,0
C100584,23,21,26,North,web,Plus,2,5.4,0.134,0,0.088,0,1,1
C100585,16,63,44,South,app,Basic,8,16.58,0.259,0,0.0,1,1,0
C100586,5,43,26,Center,store,Basic,5,14.82,0.0,1,0.056,1,0,0
C100587,19,54,58,North,app,Plus,5,14.53,0.194,0,0.0,0,1,0
C100588,12,25,6,West,store,Basic,3,14.34,0.107,1,0.062,0,0,1
C100589,22,59,8,North,store,Plus,4,16.5,0.123,0,0.201,0,1,0
C100590,8,41,17,East,web,Plus,6,10.57,0.092,1,0.072,0,0,1
C100591,17,74,2,West,web,Plus,5,15.22,0.0,0,0.131,0,0,0
C100592,5,54,19,West,web,Basic,7,22.59,0.237,0,0.056,0,0,1
C100593,1,71,45,North,store,Basic,5,18.43,0.156,0,0.198,0,0,0
C100594,1,63,48,North,app,Basic,5,13.62,0.308,0,0.259,0,1,0
C100595,8,66,30,North,store,Basic,10,6.18,0.137,1,0.089,0,0,1
C100596,13,23,23,Center,app,Plus,4,2.27,0.021,0,0.145,0,1,1
C100597,18,62,32,West,app,Plus,4,10.39,0.076,0,0.075,0,0,1
C100598,3,52,40,South,store,Premium,3,14.7,0.152,0,0.142,1,0,0
C100599,9,40,59,North,app,Plus,3,10.75,0.055,0,0.024,1,1,0
C100600,20,35,11,North,app,Plus,5,13.93,0.01,0,0.294,0,0,1
C100601,11,54,66,East,web,Premium,6,14.65,0.496,0,0.317,0,0,0
C100602,16,29,28,South,web,Plus,3,16.19,0.236,0,0.187,0,1,0
C100603,6,28,69,North,app,Basic,8,17.79,0.187,0,0.15,0,0,0
C100604,23,67,22,South,web,Basic,2,14.03,0.026,1,0.041,0,0,1
C100605,8,61,56,North,app,Basic,4,10.99,0.0,0,0.0,0,0,1
C100606,24,51,33,Center,app,Basic,7,11.45,0.17,0,0.113,0,1,0
C100607,13,61,1,North,app,Basic,7,9.25,0.034,0,0.0,1,1,1
C100608,3,36,3,West,app,Basic,5,23.96,0.072,0,0.063,0,0,0
C100609,6,59,11,Center,app,Basic,5,16.35,0.344,0,0.028,1,0,0
C100610,2,29,43,South,app,Basic,9,15.65,0.0,0,0.04,0,0,0
C100611,15,43,42,North,app,Premium,5,7.1,0.364,0,0.0,0,1,0
C100612,14,26,12,Center,store,Basic,1,7.57,0.393,1,0.133,0,1,0
C100613,1,39,68,South,app,Basic,5,13.44,0.158,1,0.009,0,1,1
C100614,20,37,24,East,app,Basic,5,15.11,0.17,0,0.0,0,0,0
C100615,1,41,6,West,store,Basic,3,15.21,0.251,0,0.104,0,1,1
C100616,9,45,40,Center,web,Basic,5,18.5,0.255,1,0.009,0,1,0
C100617,23,19,37,Center,store,Plus,4,14.92,0.127,0,0.071,0,0,1
C100618,17,37,9,Center,app,Basic,3,11.7,0.045,0,0.148,1,1,1
C100619,24,66,29,Center,web,Plus,3,12.12,0.208,0,0.184,0,0,1
C100620,24,42,46,East,app,Plus,2,15.73,0.17,0,0.207,0,0,0
C100621,19,48,29,Center,store,Premium,10,17.45,0.0,0,0.27,0,0,0
C100622,3,23,26,Center,app,Basic,2,18.04,0.119,0,0.176,0,1,0
C100623,19,40,20,South,store,Basic,5,15.27,0.253,0,0.074,0,0,1
C100624,15,73,29,South,app,Basic,8,21.25,0.247,1,0.092,0,0,0
C100625,1,49,20,Center,web,Plus,9,10.65,0.161,1,0.18,1,0,0
C100626,14,19,14,North,web,Basic,5,14.07,0.193,0,0.094,0,0,0
C100627,18,59,17,East,web,Plus,4,9.56,0.164,0,0.229,1,0,1
C100628,21,61,9,North,app,Basic,5,11.58,0.213,0,0.0,0,0,0
C100629,18,39,8,West,store,Premium,6,19.73,0.256,0,0.0,0,1,0
C100630,13,19,21,Center,app,Basic,3,7.7,0.0,0,0.072,0,1,1
C100631,22,65,40,Center,app,Basic,2,12.1,0.299,0,0.017,0,0,0
C100632,10,32,6,South,web,Premium,3,11.8,0.083,0,0.094,0,1,0
C100633,17,70,32,West,app,Plus,4,13.28,0.141,1,0.277,0,0,0
C100634,20,38,47,Center,web,Plus,3,15.05,0.305,2,0.167,0,1,0
C100635,7,40,51,Center,web,Premium,5,9.28,0.121,1,0.096,0,0,0
C100636,14,63,34,Center,app,Premium,6,10.29,0.0,0,0.143,0,1,1
C100637,19,25,46,North,app,Basic,5,9.79,0.284,0,0.0,0,0,0
C100638,10,19,40,Center,app,Premium,1,8.17,0.012,0,0.219,1,0,1
C100639,4,61,68,West,web,Basic,6,11.9,0.187,0,0.125,0,1,0
C100640,8,70,61,West,web,Plus,5,9.94,0.137,0,0.102,1,1,1
C100641,13,74,25,Center,store,Basic,7,10.28,0.218,1,0.122,0,1,0
C100642,17,25,4,West,app,Basic,10,8.19,0.059,1,0.139,0,0,0
C100643,3,26,63,North,app,Basic,7,6.86,0.273,0,0.091,0,0,0
C100644,20,37,1,East,web,Basic,9,7.5,0.251,0,0.0,0,0,0
C100645,14,58,28,North,web,Premium,7,7.48,0.122,0,0.134,0,1,0
C100646,22,69,18,Center,web,Basic,6,8.36,0.223,0,0.0,0,1,0
C100647,24,65,47,Center,app,Plus,4,6.55,0.192,0,0.0,1,0,1
C100648,24,39,2,Center,app,Basic,6,7.71,0.329,0,0.155,0,0,0
C100649,4,70,58,West,web,Basic,11,19.03,0.275,1,0.151,1,1,0
C100650,13,32,44,Center,store,Basic,6,7.26,0.291,0,0.163,0,0,0
C100651,13,25,29,North,app,Plus,11,14.51,0.104,0,0.116,0,1,0
C100652,11,42,1,North,web,Basic,9,23.69,0.022,0,0.101,0,0,1
C100653,20,23,32,East,web,Plus,5,17.29,0.221,0,0.0,0,1,0
C100654,23,56,40,North,store,Basic,0,14.72,0.164,0,0.261,1,0,0
C100655,3,74,45,North,app,Plus,4,11.13,0.041,1,0.01,0,1,0
C100656,7,24,28,North,app,Plus,2,20.91,0.273,0,0.133,0,1,0
C100657,11,24,8,West,app,Basic,5,12.05,0.218,3,0.077,0,1,0
C100658,20,28,13,Center,app,Basic,9,12.82,0.173,1,0.042,0,0,0
C100659,13,28,38,North,web,Premium,7,5.63,0.202,1,0.0,1,1,0
C100660,14,48,17,South,app,Premium,3,13.34,0.261,1,0.156,0,1,1
C100661,20,50,7,Center,store,Plus,7,14.36,0.274,0,0.077,0,0,0
C100662,11,72,27,South,app,Basic,6,5.35,0.082,1,0.155,0,0,1
C100663,7,43,16,West,web,Premium,12,13.32,0.076,0,0.052,0,0,0
C100664,17,70,29,East,app,Plus,3,14.15,0.164,0,0.0,0,0,0
C100665,11,60,45,South,web,Basic,4,13.66,0.0,0,0.1,0,1,0
C100666,14,66,12,West,app,Basic,4,7.25,0.322,1,0.168,1,1,0
C100667,20,28,70,South,app,Plus,4,10.65,0.026,0,0.122,0,0,1
C100668,5,43,10,Center,app,Basic,4,17.49,0.134,0,0.122,0,0,1
C100669,6,70,71,West,app,Plus,2,14.98,0.181,0,0.232,0,1,0
C100670,3,60,26,West,app,Premium,5,7.01,0.25,0,0.0,1,0,0
C100671,17,30,19,East,store,Plus,6,13.36,0.171,0,0.094,0,0,1
C100672,23,66,51,Center,store,Plus,8,4.89,0.088,0,0.194,0,1,0
C100673,20,61,11,Center,web,Premium,3,14.55,0.175,0,0.029,0,0,0
C100674,7,26,45,North,app,Plus,6,17.37,0.513,1,0.0,1,1,0
C100675,6,21,37,Center,store,Premium,3,21.4,0.34,0,0.05,1,0,1
C100676,20,32,60,East,web,Basic,4,10.3,0.065,0,0.069,0,1,0
C100677,22,44,32,Center,web,Premium,5,12.07,0.2,1,0.112,1,1,1
C100678,1,26,17,West,web,Basic,8,11.71,0.156,0,0.14,0,0,0
C100679,1,19,27,South,app,Basic,4,8.7,0.166,1,0.127,0,0,1
C100680,13,24,9,South,app,Plus,3,8.54,0.144,0,0.104,0,1,1
C100681,16,35,55,East,app,Plus,4,14.26,0.456,1,0.2,0,1,0
C100682,7,40,11,Center,app,Basic,9,9.81,0.12,1,0.139,0,0,0
C100683,18,35,51,South,app,Plus,6,11.76,0.152,1,0.099,1,0,0
C100684,21,43,28,Center,store,Plus,10,10.05,0.257,0,0.06,0,0,0
C100685,7,59,40,Center,app,Plus,3,9.81,0.304,0,0.0,0,1,0
C100686,6,32,29,East,web,Basic,4,8.02,0.131,0,0.209,0,0,1
C100687,20,43,45,North,app,Basic,4,10.37,0.366,0,0.012,0,0,0
C100688,19,59,54,West,store,Plus,3,16.06,0.241,0,0.059,1,1,0
C100689,13,21,42,West,web,Plus,2,17.6,0.09,0,0.028,0,1,0
C100690,11,71,39,East,app,Plus,5,20.12,0.004,1,0.117,0,0,0
C100691,5,74,49,Center,app,Basic,5,5.7,0.213,1,0.302,0,0,0
C100692,20,34,33,Center,web,Plus,2,7.17,0.284,0,0.087,0,0,0
C100693,15,68,66,Center,app,Basic,6,15.5,0.009,0,0.13,0,0,0
C100694,21,32,7,Center,app,Plus,5,14.55,0.231,0,0.136,0,1,0
C100695,7,70,68,Center,app,Basic,8,9.4,0.217,0,0.054,0,0,0
C100696,5,55,18,East,app,Premium,11,14.82,0.164,1,0.1,0,0,0
C100697,15,32,70,West,web,Plus,7,12.39,0.233,0,0.062,0,0,0
C100698,19,21,43,South,web,Basic,5,6.13,0.107,1,0.0,0,1,0
C100699,17,40,62,West,web,Plus,5,14.07,0.0,0,0.256,0,1,0
C100700,3,60,3,Center,app,Basic,7,13.13,0.411,0,0.113,2,1,1
C100701,4,30,8,West,web,Basic,4,12.34,0.225,0,0.17,1,0,0
C100702,7,47,10,West,web,Basic,8,13.38,0.166,0,0.0,0,0,1
C100703,2,25,33,South,app,Plus,6,5.49,0.163,0,0.303,0,1,1
C100704,9,42,2,West,app,Premium,5,15.66,0.119,1,0.179,1,0,1
C100705,23,19,56,East,web,Basic,5,12.39,0.27,0,0.0,0,0,0
C100706,15,74,64,East,web,Plus,5,17.49,0.115,0,0.0,0,0,0
C100707,20,46,21,Center,app,Basic,5,13.25,0.201,0,0.045,0,0,0
C100708,17,65,20,North,web,Premium,3,13.43,0.411,0,0.099,0,0,0
C100709,1,25,44,North,app,Premium,4,9.24,0.113,0,0.104,0,0,0
C100710,9,27,62,East,web,Plus,3,7.26,0.106,0,0.134,0,1,0
C100711,1,28,4,North,app,Basic,3,13.57,0.238,1,0.012,0,1,0
C100712,14,50,37,East,store,Basic,1,8.37,0.07,1,0.085,0,0,1
C100713,6,67,15,North,web,Basic,6,13.72,0.167,1,0.118,0,0,1
C100714,20,52,36,East,app,Basic,5,11.61,0.0,0,0.24,0,1,1
C100715,2,45,29,West,store,Basic,1,3.62,0.439,0,0.044,0,0,0
C100716,9,71,29,South,web,Basic,4,13.68,0.181,0,0.053,0,0,0
C100717,15,28,5,North,web,Basic,5,15.68,0.225,0,0.0,0,1,0
C100718,24,27,64,East,web,Basic,8,8.78,0.172,0,0.048,0,0,1
C100719,22,56,31,Center,web,Basic,5,8.14,0.324,0,0.139,0,1,0
C100720,8,66,65,West,store,Plus,3,13.02,0.433,0,0.232,0,0,0
C100721,8,33,17,North,web,Premium,3,10.07,0.118,0,0.0,1,0,1
C100722,4,32,61,Center,app,Basic,4,11.8,0.165,0,0.0,0,1,1
C100723,13,48,62,West,app,Plus,10,7.03,0.231,0,0.128,0,0,0
C100724,22,62,56,East,store,Basic,4,9.8,0.0,0,0.052,0,0,1
C100725,21,34,23,West,web,Premium,13,10.48,0.064,0,0.164,0,0,0
C100726,6,64,48,South,web,Basic,4,10.31,0.219,0,0.063,1,1,0
C100727,7,47,28,South,app,Basic,3,17.29,0.162,0,0.095,2,1,0
C100728,14,58,69,West,store,Premium,7,8.92,0.315,1,0.105,0,0,0
C100729,3,53,57,South,app,Basic,7,5.5,0.164,0,0.09,1,1,1
C100730,20,45,30,North,app,Basic,1,7.3,0.112,2,0.186,0,1,0
C100731,6,48,40,North,app,Plus,6,8.38,0.153,0,0.09,0,1,1
C100732,17,74,66,North,store,Premium,7,13.77,0.352,1,0.232,0,0,0
C100733,9,40,4,North,web,Basic,7,17.47,0.005,1,0.141,1,0,1
C100734,1,71,15,North,web,Plus,5,12.14,0.108,0,0.055,1,1,0
C100735,11,63,16,Center,app,Plus,6,16.3,0.258,1,0.0,0,1,1
C100736,15,28,2,South,app,Basic,6,8.82,0.039,0,0.217,0,0,1
C100737,1,67,44,West,app,Premium,6,15.51,0.0,2,0.052,0,0,0
C100738,6,39,49,Center,app,Plus,7,11.72,0.09,0,0.085,1,0,0
C100739,19,28,15,North,app,Plus,2,11.71,0.282,0,0.038,0,0,1
C100740,18,32,53,West,web,Basic,3,9.93,0.307,0,0.256,0,0,0
C100741,24,25,18,West,app,Premium,6,11.28,0.381,0,0.134,1,0,0
C100742,18,37,63,West,store,Basic,5,16.09,0.408,0,0.0,0,0,0
C100743,1,24,45,North,store,Basic,5,10.41,0.089,0,0.042,1,0,0
C100744,4,49,34,South,web,Plus,4,13.72,0.056,0,0.0,0,0,0
C100745,13,73,36,South,app,Plus,6,11.04,0.417,1,0.069,0,0,0
C100746,16,72,13,South,app,Basic,4,10.29,0.227,1,0.071,0,0,1
C100747,19,71,20,North,app,Premium,7,12.0,0.301,0,0.135,0,1,0
C100748,18,31,24,West,web,Basic,4,3.81,0.082,0,0.024,0,1,0
C100749,4,31,40,South,app,Basic,5,12.94,0.242,0,0.006,1,1,1
C100750,18,56,34,North,store,Plus,4,13.28,0.276,0,0.034,0,0,0
C100751,4,73,45,Center,app,Basic,6,6.89,0.23,0,0.098,0,0,0
C100752,21,65,57,East,store,Basic,5,11.17,0.231,0,0.0,1,0,0
C100753,17,29,3,North,app,Basic,4,12.48,0.39,0,0.204,0,0,1
C100754,5,59,59,East,web,Basic,4,7.55,0.387,0,0.113,1,1,0
C100755,6,46,20,North,app,Basic,2,12.12,0.278,0,0.0,0,0,1
C100756,8,43,9,Center,web,Plus,7,15.01,0.096,0,0.0,0,1,1
C100757,19,46,22,Center,app,Basic,3,14.9,0.0,0,0.212,0,1,0
C100758,3,49,55,North,app,Basic,3,12.35,0.106,0,0.283,0,0,0
C100759,19,70,63,West,app,Plus,5,18.58,0.394,0,0.058,1,0,0
C100760,23,63,54,Center,app,Basic,7,15.79,0.068,0,0.096,0,0,0
C100761,15,20,4,East,web,Basic,4,9.59,0.331,0,0.136,0,0,0
C100762,23,61,8,West,app,Basic,4,12.44,0.453,0,0.017,0,0,0
C100763,6,35,25,Center,web,Plus,7,18.41,0.051,1,0.105,0,0,1
C100764,17,37,1,North,web,Plus,6,14.38,0.222,1,0.067,0,1,0
C100765,16,52,14,South,web,Basic,10,11.49,0.47,0,0.012,0,1,0
C100766,18,74,19,Center,app,Plus,7,15.53,0.188,0,0.207,0,0,1
C100767,16,21,50,West,app,Premium,8,12.71,0.127,0,0.066,0,0,0
C100768,22,47,44,North,web,Basic,6,9.59,0.08,0,0.269,1,0,0
C100769,23,31,58,East,app,Plus,8,9.65,0.256,0,0.0,0,0,1
C100770,4,70,2,North,app,Basic,7,10.63,0.051,0,0.0,0,1,1
C100771,20,44,5,Center,app,Basic,2,4.34,0.142,0,0.0,0,0,1
C100772,23,66,52,North,app,Premium,2,10.51,0.037,1,0.274,0,0,0
C100773,18,68,62,West,web,Basic,4,8.45,0.251,0,0.0,0,0,0
C100774,16,23,46,South,app,Premium,3,10.55,0.059,1,0.275,0,1,0
C100775,19,61,50,South,app,Premium,6,10.4,0.162,0,0.0,0,0,1
C100776,23,63,69,North,app,Basic,8,13.44,0.451,0,0.258,0,0,0
C100777,4,65,16,Center,store,Premium,4,11.56,0.387,1,0.063,1,1,0
C100778,20,74,53,West,app,Premium,8,10.87,0.228,0,0.032,1,1,0
C100779,9,61,66,South,app,Basic,4,12.3,0.029,1,0.292,0,0,0
C100780,13,65,65,East,app,Premium,3,13.05,0.277,0,0.098,0,0,0
C100781,8,58,21,South,app,Plus,5,9.65,0.233,0,0.0,0,1,1
C100782,3,34,3,North,app,Basic,7,9.78,0.293,0,0.0,1,0,0
C100783,16,66,56,West,web,Plus,10,11.6,0.159,1,0.023,0,1,0
C100784,8,57,10,Center,store,Premium,5,13.12,0.542,0,0.08,1,1,0
C100785,9,56,6,North,app,Premium,3,13.52,0.137,1,0.0,0,1,0
C100786,11,73,42,South,store,Premium,2,5.43,0.32,0,0.042,0,1,0
C100787,22,59,33,North,app,Plus,11,9.13,0.227,0,0.072,0,0,0
C100788,12,37,52,East,app,Basic,4,10.24,0.212,0,0.0,0,0,1
C100789,12,35,36,East,web,Basic,5,5.43,0.378,0,0.352,0,1,0
C100790,11,36,14,Center,app,Basic,6,11.59,0.0,1,0.071,0,1,1
C100791,17,27,64,South,store,Plus,3,15.18,0.316,1,0.0,0,0,1
C100792,20,22,32,Center,app,Basic,4,8.12,0.178,1,0.176,1,1,0
C100793,5,61,60,North,app,Plus,2,9.29,0.023,0,0.131,0,0,0
C100794,18,62,46,North,store,Basic,8,16.09,0.534,0,0.163,0,1,0
C100795,9,27,39,Center,store,Plus,5,9.7,0.171,0,0.166,0,0,1
C100796,4,40,20,North,app,Plus,8,10.54,0.111,2,0.018,0,1,0
C100797,24,70,4,North,app,Premium,2,12.14,0.056,0,0.066,0,1,1
C100798,19,65,5,Center,web,Basic,3,11.33,0.338,0,0.101,0,1,0
C100799,23,52,31,South,app,Plus,7,13.86,0.14,1,0.126,1,0,1
C100800,24,73,34,South,store,Basic,5,13.17,0.207,1,0.023,0,0,0
C100801,16,36,27,North,app,Plus,4,6.88,0.271,0,0.1,0,0,0
C100802,22,66,61,East,store,Plus,4,14.52,0.125,0,0.0,0,1,0
C100803,7,71,71,East,web,Plus,4,12.58,0.496,0,0.093,0,1,0
C100804,17,51,7,South,web,Basic,6,17.47,0.298,0,0.178,0,1,0
C100805,9,26,49,East,web,Basic,7,14.2,0.179,1,0.146,0,1,0
C100806,10,34,53,Center,app,Premium,6,9.71,0.093,1,0.238,0,1,0
C100807,11,47,29,East,app,Basic,7,16.35,0.071,0,0.008,1,0,1
C100808,16,33,28,South,app,Plus,0,10.72,0.09,0,0.117,0,0,1
C100809,15,23,26,North,web,Basic,8,10.01,0.398,0,0.216,0,0,0
C100810,15,27,29,East,app,Plus,4,11.8,0.216,0,0.055,1,0,0
C100811,9,73,55,South,app,Basic,8,11.64,0.15,0,0.074,0,0,0
C100812,5,39,64,South,store,Plus,3,10.14,0.154,0,0.084,0,1,0
C100813,20,50,7,Center,app,Basic,4,12.11,0.439,0,0.246,0,1,1
C100814,20,43,10,East,store,Premium,2,9.11,0.081,0,0.077,0,0,0
C100815,23,63,59,East,app,Plus,3,8.97,0.12,0,0.0,0,1,0
C100816,10,23,10,South,web,Plus,2,18.97,0.1,0,0.272,0,0,1
C100817,6,34,48,North,web,Plus,6,6.3,0.053,0,0.0,1,0,0
C100818,22,51,5,Center,web,Plus,2,16.31,0.026,1,0.0,1,0,1
C100819,12,63,31,West,store,Basic,8,12.78,0.28,0,0.016,1,0,0
C100820,13,44,3,Center,web,Plus,4,6.83,0.331,0,0.106,0,0,0
C100821,2,58,51,South,store,Basic,11,8.98,0.256,0,0.0,0,0,0
C100822,4,63,40,North,web,Basic,8,4.45,0.298,1,0.053,0,0,0
C100823,7,54,29,South,app,Plus,8,8.87,0.126,1,0.153,1,0,1
C100824,11,64,50,South,app,Premium,6,16.39,0.141,0,0.135,0,1,0
C100825,8,72,11,East,app,Plus,5,1.29,0.296,0,0.0,1,0,0
C100826,16,30,46,West,web,Basic,9,14.06,0.489,0,0.354,0,0,0
C100827,1,42,30,Center,store,Basic,2,11.78,0.33,0,0.136,0,0,0
C100828,5,30,30,Center,web,Basic,2,6.94,0.125,0,0.07,0,1,1
C100829,3,41,4,North,app,Plus,10,9.45,0.291,0,0.182,0,1,0
C100830,8,18,60,Center,app,Basic,2,16.7,0.0,0,0.0,0,0,1
C100831,14,57,7,Center,app,Basic,4,9.34,0.254,0,0.0,2,0,1
C100832,19,31,22,West,app,Premium,6,12.1,0.317,0,0.021,0,0,0
C100833,15,65,32,South,app,Basic,4,8.01,0.113,2,0.187,0,0,0
C100834,22,58,52,South,app,Premium,10,10.21,0.1,0,0.017,0,1,0
C100835,23,37,59,East,store,Basic,7,12.78,0.372,0,0.0,0,1,0
C100836,18,43,8,North,app,Premium,5,14.45,0.048,0,0.061,0,1,0
C100837,4,56,15,Center,store,Basic,3,6.53,0.112,1,0.004,1,0,1
C100838,8,41,27,South,app,Plus,8,14.64,0.102,0,0.0,0,1,0
C100839,21,29,36,North,app,Basic,4,15.8,0.227,0,0.059,0,0,1
C100840,7,20,10,North,web,Basic,4,9.74,0.178,0,0.168,0,0,0
C100841,17,49,70,East,app,Plus,5,14.28,0.262,0,0.148,0,0,0
C100842,22,48,21,South,app,Plus,8,8.68,0.23,0,0.0,0,1,0
C100843,23,61,59,North,app,Basic,4,14.23,0.263,1,0.22,0,1,0
C100844,15,25,55,North,web,Plus,3,12.66,0.0,0,0.01,0,0,0
C100845,20,21,65,East,store,Premium,1,11.39,0.093,0,0.031,0,0,0
C100846,13,59,65,Center,app,Plus,5,15.31,0.093,1,0.008,0,0,0
C100847,12,59,48,Center,app,Basic,5,15.47,0.265,0,0.096,1,0,0
C100848,10,63,23,East,web,Plus,6,12.71,0.357,0,0.038,0,1,0
C100849,12,18,42,South,web,Plus,8,11.33,0.135,1,0.058,0,0,1
C100850,23,55,13,West,app,Plus,5,15.41,0.059,0,0.18,1,1,0
C100851,18,72,42,North,app,Premium,5,11.73,0.0,0,0.264,0,0,0
C100852,23,61,15,East,app,Premium,7,21.28,0.004,0,0.001,0,0,0
C100853,23,44,43,Center,web,Basic,6,2.11,0.125,0,0.053,0,1,0
C100854,4,45,53,Center,store,Basic,6,15.94,0.261,0,0.159,0,1,0
C100855,12,41,34,Center,app,Basic,4,17.32,0.044,1,0.029,0,1,0
C100856,2,21,56,North,store,Premium,3,12.05,0.098,0,0.0,0,0,0
C100857,14,59,26,North,app,Premium,9,4.82,0.15,0,0.222,0,0,0
C100858,13,48,38,North,app,Plus,5,14.49,0.129,0,0.085,0,0,0
C100859,23,47,17,East,app,Plus,6,12.0,0.089,0,0.221,0,0,0
C100860,4,71,26,East,app,Basic,4,14.48,0.151,0,0.0,0,0,1
C100861,5,59,5,Center,app,Basic,4,17.34,0.043,0,0.123,0,1,0
C100862,6,72,67,Center,app,Basic,11,11.8,0.125,0,0.0,0,0,0
C100863,18,22,27,East,app,Basic,2,11.0,0.299,1,0.058,0,0,1
C100864,13,72,49,Center,app,Basic,7,14.69,0.42,0,0.013,0,0,0
C100865,7,50,55,Center,web,Basic,2,10.01,0.227,3,0.248,0,1,1
C100866,22,40,42,West,app,Basic,5,9.89,0.251,0,0.111,1,0,0
C100867,11,49,40,South,web,Basic,4,12.7,0.36,0,0.0,1,0,0
C100868,3,20,58,South,app,Basic,6,12.79,0.284,0,0.006,0,0,0
C100869,15,71,12,South,app,Basic,5,15.6,0.276,2,0.045,0,1,0
C100870,18,53,7,North,app,Plus,7,16.98,0.077,0,0.127,0,1,0
C100871,3,20,58,Center,store,Plus,6,12.76,0.182,0,0.226,0,1,0
C100872,23,70,63,East,app,Premium,7,9.16,0.0,0,0.14,0,0,0
C100873,17,43,3,South,web,Premium,4,20.19,0.152,0,0.038,0,1,1
C100874,10,24,39,West,web,Premium,7,20.99,0.083,0,0.211,0,1,0
C100875,19,53,67,Center,app,Plus,3,16.03,0.325,0,0.074,0,1,0
C100876,13,21,32,Center,app,Plus,10,6.2,0.154,0,0.007,0,0,0
C100877,15,49,47,Center,web,Basic,2,5.67,0.182,1,0.136,0,0,1
C100878,21,61,27,North,app,Basic,3,12.82,0.145,1,0.035,1,0,0
C100879,9,22,40,North,app,Basic,2,6.24,0.244,0,0.002,0,0,0
C100880,13,63,24,North,app,Plus,4,14.95,0.294,0,0.07,0,0,0
C100881,18,51,30,North,web,Basic,6,13.41,0.128,1,0.117,1,0,0
C100882,3,36,57,Center,web,Plus,10,14.91,0.343,0,0.152,2,1,1
C100883,14,30,59,Center,app,Premium,3,12.51,0.475,1,0.192,0,0,0
C100884,14,18,16,East,app,Plus,4,11.05,0.122,0,0.21,0,0,1
C100885,3,29,1,East,web,Plus,1,7.47,0.07,1,0.13,0,0,1
C100886,3,34,68,South,web,Plus,3,4.86,0.257,0,0.237,0,1,0
C100887,13,68,2,South,app,Premium,7,18.37,0.279,0,0.0,1,1,1
C100888,20,47,38,Center,web,Basic,5,15.36,0.184,0,0.19,0,0,0
C100889,22,29,37,Center,app,Plus,3,4.68,0.0,0,0.216,1,0,0
C100890,11,60,45,South,web,Plus,2,13.07,0.07,0,0.17,0,1,0
C100891,11,43,22,South,web,Plus,5,10.42,0.174,0,0.213,1,1,1
C100892,4,65,10,West,app,Basic,6,14.5,0.274,1,0.028,0,0,0
C100893,7,60,29,East,store,Plus,2,13.93,0.359,0,0.177,0,1,0
C100894,21,71,69,North,store,Plus,5,19.3,0.231,0,0.07,0,0,0
C100895,20,58,39,South,app,Plus,3,7.09,0.231,0,0.0,0,0,1
C100896,17,24,32,North,web,Premium,1,9.73,0.177,0,0.018,0,1,0
C100897,16,49,4,South,app,Basic,5,17.55,0.306,0,0.149,0,0,1
C100898,13,42,66,East,app,Plus,3,10.28,0.102,1,0.154,0,0,1
C100899,10,64,70,East,app,Plus,3,15.91,0.088,0,0.166,1,0,0
C100900,4,26,4,North,app,Plus,9,16.62,0.296,0,0.174,0,0,1
C100901,24,44,49,Center,web,Plus,1,11.04,0.0,0,0.042,0,0,0
C100902,1,65,55,North,web,Premium,5,11.29,0.283,2,0.0,0,1,0
C100903,13,53,8,South,store,Basic,7,15.37,0.284,0,0.082,1,0,0
C100904,13,20,26,East,app,Basic,5,7.44,0.055,0,0.035,0,0,0
C100905,18,64,53,East,app,Plus,7,4.13,0.065,0,0.043,0,0,0
C100906,1,38,62,Center,app,Premium,7,13.32,0.133,1,0.032,0,0,0
C100907,9,56,38,South,app,Basic,4,7.12,0.255,2,0.0,0,0,0
C100908,15,55,21,North,web,Basic,10,10.73,0.348,0,0.0,1,0,0
C100909,17,54,49,West,web,Plus,3,16.01,0.117,0,0.075,0,1,0
C100910,8,41,24,West,web,Premium,4,16.12,0.382,1,0.195,0,1,0
C100911,6,41,53,North,app,Basic,7,19.34,0.225,0,0.054,0,0,0
C100912,23,23,2,South,app,Plus,6,14.06,0.193,0,0.097,0,1,0
C100913,10,49,71,East,web,Plus,4,13.17,0.098,0,0.275,0,0,0
C100914,16,34,19,Center,web,Premium,6,8.66,0.333,0,0.13,1,1,0
C100915,10,40,9,North,store,Basic,3,8.99,0.25,0,0.15,0,0,0
C100916,19,27,9,North,app,Plus,4,1.0,0.12,1,0.25,0,1,1
C100917,6,60,71,East,app,Basic,6,18.03,0.151,0,0.0,0,1,0
C100918,15,70,67,North,app,Basic,5,9.73,0.264,0,0.252,1,1,0
C100919,1,39,34,Center,web,Basic,7,9.14,0.04,0,0.136,0,0,1
C100920,2,42,55,East,app,Basic,3,6.52,0.301,1,0.036,0,0,0
C100921,3,44,15,North,web,Basic,5,9.79,0.169,0,0.303,0,0,0
C100922,10,22,67,East,web,Basic,5,10.49,0.13,0,0.061,0,1,0
C100923,1,61,27,Center,app,Basic,4,7.86,0.326,0,0.069,0,0,0
C100924,6,68,43,Center,app,Basic,5,12.9,0.116,0,0.09,0,1,0
C100925,6,46,26,Center,web,Basic,7,10.47,0.107,0,0.137,1,0,0
C100926,17,21,8,Center,web,Basic,3,10.46,0.386,0,0.0,1,0,1
C100927,8,37,64,West,store,Plus,4,3.86,0.354,0,0.051,0,0,1
C100928,21,26,55,South,web,Plus,3,7.86,0.0,0,0.118,0,0,0
C100929,17,65,38,Center,app,Premium,5,15.56,0.236,0,0.076,0,0,0
C100930,14,63,71,North,app,Basic,8,9.43,0.338,0,0.136,1,0,0
C100931,11,39,5,South,store,Premium,5,4.26,0.013,0,0.128,0,1,1
C100932,8,39,31,West,web,Basic,10,6.49,0.186,1,0.172,0,1,0
C100933,15,66,51,West,app,Basic,8,17.07,0.197,1,0.041,0,1,0
C100934,6,23,25,North,app,Basic,3,14.9,0.237,0,0.141,1,1,1
C100935,19,62,36,Center,app,Plus,5,11.46,0.004,0,0.157,0,1,0
C100936,8,72,13,Center,web,Basic,7,14.85,0.152,0,0.0,0,1,0
C100937,16,43,58,Center,web,Basic,3,9.09,0.101,1,0.276,0,1,0
C100938,14,60,19,North,store,Plus,6,13.86,0.339,1,0.251,0,0,0
C100939,6,58,4,North,web,Plus,5,12.78,0.139,0,0.03,1,0,0
C100940,6,69,13,South,app,Basic,7,9.39,0.221,0,0.0,0,0,0
C100941,18,19,62,East,store,Plus,3,9.4,0.211,0,0.071,1,1,0
C100942,1,58,36,East,app,Basic,6,12.43,0.215,0,0.089,1,0,0
C100943,14,40,64,South,web,Premium,8,6.1,0.105,0,0.072,0,0,0
C100944,7,66,37,South,app,Plus,5,15.88,0.307,0,0.054,0,0,0
C100945,23,67,1,North,app,Plus,3,13.29,0.044,0,0.156,0,1,0
C100946,16,34,57,North,web,Premium,6,5.06,0.237,0,0.375,0,0,1
C100947,17,51,34,Center,app,Basic,4,6.03,0.22,0,0.181,0,0,0
C100948,17,46,8,Center,store,Plus,7,3.54,0.281,0,0.203,0,1,0
C100949,24,49,9,Center,web,Plus,10,7.27,0.015,0,0.0,0,1,0
C100950,11,65,6,Center,store,Plus,6,12.09,0.186,1,0.215,0,1,0
C100951,5,55,38,Center,web,Basic,1,4.69,0.155,0,0.267,0,0,0
C100952,6,61,49,North,web,Basic,7,7.41,0.308,0,0.044,0,0,0
C100953,16,56,7,West,web,Basic,8,10.34,0.34,0,0.0,0,1,0
C100954,1,32,41,West,app,Premium,2,10.33,0.208,0,0.126,0,0,0
C100955,21,51,63,South,app,Basic,4,10.58,0.293,0,0.145,2,1,0
C100956,19,39,65,Center,store,Basic,3,8.95,0.379,0,0.0,0,1,0
C100957,12,41,14,Center,web,Premium,7,17.88,0.006,0,0.074,0,1,1
C100958,11,24,20,West,web,Basic,3,8.8,0.089,0,0.171,0,0,0
C100959,13,28,48,South,app,Basic,10,14.49,0.257,1,0.091,0,0,0
C100960,3,37,54,East,app,Premium,9,6.76,0.26,1,0.079,1,1,1
C100961,21,34,47,East,web,Basic,4,13.38,0.237,1,0.087,0,0,0
C100962,15,54,43,West,app,Basic,6,18.47,0.234,1,0.0,0,0,1
C100963,5,34,23,South,web,Basic,10,13.68,0.297,0,0.265,0,1,0
C100964,24,32,66,North,app,Plus,3,2.94,0.162,0,0.225,0,0,0
C100965,12,42,16,South,app,Basic,3,14.92,0.09,1,0.207,0,1,0
C100966,24,50,47,West,web,Basic,5,13.8,0.34,0,0.021,0,0,0
C100967,9,74,65,North,store,Basic,5,9.12,0.214,0,0.223,0,1,0
C100968,2,47,46,North,app,Basic,7,15.08,0.144,0,0.0,0,1,0
C100969,21,38,3,North,store,Plus,7,15.19,0.273,0,0.126,0,0,0
C100970,10,36,14,North,web,Basic,6,9.74,0.434,0,0.028,0,0,0
C100971,22,43,19,North,app,Basic,5,14.06,0.2,1,0.036,1,0,0
C100972,15,70,67,East,app,Basic,3,12.29,0.119,0,0.106,2,1,0
C100973,23,39,24,South,store,Plus,10,14.12,0.23,1,0.2,0,0,1
C100974,15,32,17,East,web,Basic,3,12.3,0.081,1,0.071,0,1,1
C100975,24,51,42,South,web,Premium,7,4.5,0.086,1,0.05,0,0,0
C100976,3,62,32,Center,app,Plus,3,12.73,0.22,0,0.101,0,1,0
C100977,24,72,27,East,app,Basic,7,6.94,0.19,0,0.0,1,1,0
C100978,20,34,10,North,app,Basic,5,6.93,0.231,0,0.091,0,1,0
C100979,24,68,8,Center,web,Plus,9,17.06,0.204,0,0.077,0,0,0
C100980,23,66,22,Center,app,Basic,11,11.5,0.32,1,0.083,0,1,1
C100981,5,39,41,East,store,Basic,4,10.75,0.236,0,0.236,0,1,1
C100982,4,37,2,East,web,Premium,6,1.0,0.105,0,0.248,0,0,0
C100983,10,33,52,South,app,Premium,7,9.79,0.364,0,0.018,0,1,1
C100984,3,36,19,South,app,Plus,7,12.98,0.071,0,0.09,0,0,0
C100985,17,68,51,Center,store,Plus,5,9.48,0.302,0,0.0,0,0,0
C100986,1,35,47,South,web,Basic,5,8.59,0.389,1,0.0,0,0,0
C100987,12,46,35,East,web,Basic,6,12.49,0.241,0,0.0,0,0,0
C100988,15,71,46,Center,app,Basic,3,9.3,0.144,1,0.246,0,0,0
C100989,5,57,22,East,store,Plus,10,7.86,0.0,1,0.0,0,1,1
C100990,19,25,14,South,web,Basic,6,6.16,0.166,0,0.146,0,0,0
C100991,9,22,1,South,app,Basic,2,7.33,0.241,0,0.0,0,1,0
C100992,18,30,40,South,web,Premium,8,11.76,0.205,0,0.098,0,1,1
C100993,2,67,38,North,app,Basic,4,16.62,0.123,0,0.0,1,1,0
C100994,8,30,9,North,store,Premium,8,10.11,0.352,0,0.257,0,0,1
C100995,17,35,45,North,app,Plus,4,7.7,0.294,0,0.223,0,0,1
C100996,9,48,17,South,app,Plus,5,11.17,0.208,0,0.062,2,0,1
C100997,1,46,32,South,web,Basic,5,5.98,0.362,0,0.063,0,1,0
C100998,21,22,34,East,app,Basic,5,8.95,0.089,0,0.007,0,0,0
C100999,3,29,69,North,store,Basic,9,9.3,0.337,0,0.031,0,0,0
C101000,17,74,45,Center,web,Plus,2,12.89,0.169,0,0.193,0,1,0
C101001,13,41,15,North,web,Premium,2,12.47,0.322,0,0.02,0,0,0
C101002,22,33,23,South,app,Basic,6,12.9,0.145,0,0.0,0,0,0
C101003,22,65,58,Center,app,Basic,4,9.02,0.166,2,0.091,0,0,1
C101004,22,44,9,Center,app,Premium,1,17.29,0.299,0,0.157,0,0,0
C101005,16,65,52,Center,app,Plus,2,11.79,0.278,0,0.0,1,0,0
C101006,15,27,29,West,app,Basic,3,9.06,0.15,0,0.071,0,1,0
C101007,13,44,64,Center,app,Plus,6,12.29,0.138,0,0.0,0,0,0
C101008,13,64,30,West,web,Plus,7,9.18,0.028,0,0.171,0,1,0
C101009,22,61,66,Center,web,Plus,4,14.04,0.073,0,0.108,0,1,0
C101010,18,56,12,North,app,Basic,7,9.02,0.32,0,0.0,1,1,0
C101011,6,44,17,East,app,Plus,4,11.95,0.29,1,0.194,0,0,0
C101012,12,64,32,West,app,Basic,5,18.47,0.254,0,0.0,0,1,0
C101013,12,39,66,North,app,Plus,2,16.16,0.125,0,0.097,0,0,0
C101014,24,55,63,West,app,Basic,3,14.67,0.115,0,0.05,0,1,1
C101015,16,49,29,South,web,Basic,9,10.67,0.362,0,0.035,0,1,0
C101016,11,35,61,West,store,Plus,4,9.22,0.33,0,0.0,0,1,0
C101017,11,29,49,West,web,Plus,3,10.33,0.291,0,0.139,0,0,0
C101018,5,48,70,Center,app,Premium,1,14.73,0.0,1,0.164,0,0,0
C101019,8,36,68,West,web,Plus,6,15.44,0.251,1,0.136,0,1,0
C101020,21,47,59,North,app,Plus,8,12.98,0.09,0,0.133,0,1,0
C101021,22,58,43,Center,app,Plus,3,15.59,0.289,0,0.121,0,0,0
C101022,12,63,27,Center,app,Basic,6,7.67,0.106,0,0.184,0,0,0
C101023,7,61,42,Center,web,Premium,5,15.91,0.072,0,0.083,0,0,0
C101024,24,47,59,Center,web,Plus,4,3.33,0.227,0,0.005,0,1,0
C101025,16,21,6,East,app,Basic,5,7.64,0.071,0,0.155,1,0,1
C101026,9,28,27,North,store,Plus,5,9.22,0.256,0,0.189,0,0,0
C101027,14,59,43,Center,app,Basic,4,9.49,0.205,0,0.031,0,0,0
C101028,24,51,54,South,web,Basic,5,11.85,0.165,0,0.247,0,0,0
C101029,7,64,18,North,web,Plus,12,23.77,0.164,1,0.0,0,0,0
C101030,13,45,21,South,app,Premium,4,10.33,0.28,0,0.081,0,1,1
C101031,22,43,28,Center,app,Premium,1,18.89,0.237,0,0.05,0,0,1
C101032,5,31,54,South,web,Premium,6,8.85,0.25,1,0.167,1,1,0
C101033,20,21,27,South,web,Premium,5,16.93,0.14,0,0.094,1,0,1
C101034,11,26,7,East,web,Basic,5,9.18,0.319,0,0.161,0,1,0
C101035,4,56,70,West,web,Plus,4,15.34,0.2,0,0.005,1,0,0
C101036,2,51,27,West,app,Basic,4,12.84,0.194,0,0.0,0,0,1
C101037,4,32,46,South,app,Plus,6,14.81,0.295,0,0.115,0,1,0
C101038,11,38,28,Center,store,Plus,2,11.87,0.203,0,0.274,0,1,0
C101039,20,54,52,Center,app,Basic,6,6.02,0.217,0,0.073,0,0,0
C101040,18,39,54,East,app,Basic,5,8.32,0.165,0,0.228,0,0,0
C101041,3,39,13,East,web,Basic,6,12.0,0.197,0,0.148,0,0,1
C101042,2,33,10,East,app,Basic,2,14.97,0.193,1,0.02,0,0,1
C101043,23,54,22,East,store,Basic,3,9.9,0.339,0,0.23,0,1,0
C101044,15,68,7,South,web,Plus,11,10.62,0.27,0,0.15,0,0,0
C101045,4,32,63,West,app,Basic,4,14.71,0.127,1,0.146,0,1,0
C101046,11,34,68,South,app,Basic,3,8.4,0.16,0,0.067,0,0,0
C101047,16,45,9,South,web,Premium,3,12.45,0.217,0,0.103,0,0,1
C101048,13,28,21,East,web,Basic,7,11.84,0.0,0,0.058,0,0,0
C101049,14,47,68,South,app,Basic,7,14.78,0.088,1,0.0,0,1,0
C101050,4,68,43,East,app,Plus,1,4.87,0.166,0,0.087,0,0,0
C101051,17,53,31,West,app,Basic,4,10.48,0.314,1,0.14,0,1,1
C101052,12,27,12,Center,web,Plus,5,17.95,0.0,0,0.0,0,0,1
C101053,3,29,28,East,app,Basic,4,5.08,0.181,0,0.044,0,0,0
C101054,11,22,25,Center,app,Premium,4,10.83,0.198,0,0.135,2,0,0
C101055,16,72,37,Center,store,Basic,1,10.68,0.094,0,0.141,0,1,0
C101056,9,37,47,West,web,Premium,2,8.73,0.018,0,0.0,0,1,0
C101057,15,34,32,West,web,Basic,4,8.85,0.157,0,0.095,0,0,1
C101058,15,66,16,West,web,Premium,6,8.13,0.082,0,0.199,0,1,0
C101059,11,35,34,East,web,Basic,13,19.23,0.188,1,0.101,0,1,0
C101060,8,31,43,East,app,Basic,2,12.31,0.347,0,0.084,0,0,0
C101061,19,32,31,West,web,Premium,7,14.08,0.283,1,0.005,1,0,1
C101062,18,40,62,South,web,Basic,7,9.39,0.063,0,0.0,0,0,0
C101063,7,21,50,Center,app,Premium,4,5.78,0.202,2,0.326,0,1,1
C101064,14,54,64,North,app,Basic,6,15.52,0.303,1,0.095,0,0,0
C101065,1,42,20,East,app,Plus,7,14.98,0.032,1,0.085,0,0,0
C101066,24,73,34,East,web,Basic,4,8.23,0.163,0,0.071,0,0,1
C101067,11,61,12,East,app,Basic,3,7.3,0.067,1,0.251,0,0,1
C101068,3,39,67,South,app,Premium,4,17.93,0.246,0,0.059,1,0,1
C101069,2,58,31,South,web,Plus,3,14.33,0.242,0,0.0,0,0,0
C101070,21,63,59,East,store,Basic,4,11.42,0.137,0,0.317,0,0,1
C101071,4,29,7,South,app,Plus,3,14.64,0.243,0,0.026,0,0,1
C101072,4,27,51,South,app,Basic,2,18.89,0.152,0,0.251,0,1,1
C101073,16,25,32,Center,store,Plus,5,15.38,0.182,0,0.021,2,1,0
C101074,19,20,64,South,app,Plus,8,16.39,0.162,0,0.216,0,0,0
C101075,18,36,36,South,app,Plus,4,15.17,0.163,0,0.156,0,1,1
C101076,20,63,10,South,store,Basic,7,11.53,0.144,2,0.095,0,0,1
C101077,24,61,56,Center,app,Plus,7,9.05,0.317,0,0.046,0,1,0
C101078,18,39,51,North,app,Premium,8,19.34,0.112,1,0.072,0,0,0
C101079,5,45,8,South,store,Plus,2,2.72,0.197,1,0.029,0,0,1
C101080,10,61,11,North,web,Premium,9,9.41,0.195,2,0.047,0,0,0
C101081,8,70,29,East,web,Plus,4,13.11,0.265,0,0.048,1,1,0
C101082,8,34,51,North,app,Basic,3,9.33,0.157,0,0.0,0,0,0
C101083,7,55,56,East,web,Basic,7,11.61,0.249,0,0.052,0,1,0
C101084,11,51,3,Center,app,Plus,6,12.0,0.219,0,0.0,0,0,1
C101085,7,53,25,West,app,Premium,6,12.84,0.195,0,0.174,0,0,1
C101086,9,63,67,Center,app,Basic,3,14.51,0.343,0,0.072,0,0,0
C101087,14,61,60,North,app,Premium,1,17.5,0.238,1,0.249,0,0,0
C101088,12,40,4,South,app,Plus,8,19.92,0.228,0,0.005,0,1,0
C101089,7,60,52,East,app,Basic,2,14.32,0.25,0,0.093,0,1,0
C101090,4,21,60,Center,app,Premium,9,12.9,0.148,0,0.249,0,0,0
C101091,15,37,3,Center,store,Basic,3,13.2,0.251,0,0.039,0,0,1
C101092,24,30,28,South,app,Basic,2,9.93,0.101,0,0.0,0,0,1
C101093,17,32,28,Center,web,Plus,7,10.22,0.03,0,0.004,1,1,0
C101094,6,69,56,Center,app,Basic,6,12.4,0.211,0,0.278,0,0,0
C101095,2,42,55,South,app,Plus,8,14.91,0.042,0,0.217,0,1,0
C101096,20,22,41,Center,app,Premium,7,16.29,0.272,0,0.235,0,1,0
C101097,11,45,38,North,store,Basic,7,9.76,0.146,1,0.004,0,1,0
C101098,12,21,9,West,app,Plus,9,14.02,0.45,1,0.162,0,1,1
C101099,12,26,48,North,web,Plus,5,13.39,0.191,0,0.213,0,0,0
C101100,24,39,35,West,web,Basic,6,19.91,0.148,1,0.013,0,1,0
C101101,2,43,71,East,store,Plus,9,16.28,0.186,2,0.016,0,0,0
C101102,23,31,6,Center,web,Basic,5,16.46,0.0,1,0.0,0,0,1
C101103,1,54,48,West,app,Premium,4,7.63,0.365,0,0.137,0,0,1
C101104,2,46,37,North,store,Premium,3,7.9,0.0,1,0.0,0,0,0
C101105,8,25,39,South,web,Plus,4,12.08,0.122,0,0.052,0,1,1
C101106,13,64,71,Center,web,Basic,7,14.5,0.035,0,0.221,0,1,0
C101107,24,25,61,Center,store,Basic,5,6.39,0.208,0,0.0,0,0,0
C101108,9,38,29,West,app,Basic,6,13.64,0.087,0,0.0,1,0,0
C101109,1,27,31,North,web,Plus,3,13.81,0.011,0,0.052,0,0,1
C101110,7,71,25,West,web,Plus,5,14.2,0.104,1,0.074,0,0,0
C101111,20,34,1,North,web,Basic,6,18.12,0.174,0,0.0,0,0,0
C101112,22,67,22,South,app,Plus,7,6.38,0.289,0,0.0,0,1,0
C101113,19,72,20,Center,store,Plus,6,7.93,0.064,0,0.13,0,0,0
C101114,23,30,38,South,app,Premium,4,14.14,0.312,1,0.0,0,0,0
C101115,20,19,43,West,app,Basic,4,10.22,0.173,0,0.162,1,0,1
C101116,21,18,70,East,web,Plus,4,13.93,0.327,0,0.087,0,0,0
C101117,3,28,68,North,store,Plus,5,14.98,0.204,0,0.114,0,0,1
C101118,14,40,51,Center,app,Basic,8,4.94,0.181,1,0.2,1,0,0
C101119,10,27,44,Center,app,Plus,7,19.36,0.353,1,0.095,0,1,1
C101120,20,72,21,East,web,Plus,4,18.65,0.104,1,0.0,1,1,0
C101121,3,45,21,North,web,Basic,0,6.15,0.147,0,0.0,0,0,1
C101122,24,66,36,West,app,Premium,3,9.91,0.284,0,0.117,0,0,1
C101123,1,18,71,East,app,Premium,6,15.64,0.135,0,0.077,0,0,0
C101124,5,25,54,West,web,Basic,3,10.43,0.187,0,0.095,1,0,0
C101125,19,44,29,North,web,Basic,6,13.94,0.013,0,0.07,0,1,0
C101126,22,27,41,North,app,Plus,7,8.55,0.333,1,0.019,0,0,0
C101127,21,27,17,East,app,Basic,5,17.19,0.291,0,0.037,0,1,0
C101128,14,19,7,South,web,Basic,7,6.9,0.141,0,0.036,0,0,0
C101129,20,33,40,Center,app,Basic,5,11.45,0.433,1,0.0,0,0,1
C101130,3,61,22,North,app,Plus,10,12.94,0.337,0,0.037,0,1,0
C101131,4,63,25,North,app,Plus,4,6.5,0.0,0,0.174,0,0,0
C101132,4,47,60,South,app,Premium,4,13.04,0.23,0,0.02,0,1,0
C101133,23,28,8,East,app,Premium,5,12.96,0.313,0,0.014,0,0,0
C101134,13,43,44,Center,app,Basic,3,14.73,0.197,0,0.304,0,1,0
C101135,20,53,51,West,app,Plus,13,6.15,0.368,1,0.305,0,0,0
C101136,13,26,32,South,web,Premium,3,17.39,0.367,0,0.026,0,1,0
C101137,15,41,50,South,app,Basic,4,8.72,0.0,0,0.147,0,1,0
C101138,15,64,7,Center,app,Plus,5,8.93,0.079,0,0.307,0,1,0
C101139,1,41,70,Center,store,Basic,5,9.96,0.288,0,0.06,0,0,0
C101140,17,44,66,Center,app,Basic,6,14.56,0.351,0,0.029,0,0,0
C101141,20,64,10,East,store,Plus,2,10.91,0.159,0,0.131,0,0,1
C101142,12,56,42,Center,app,Basic,8,11.04,0.015,1,0.157,0,1,0
C101143,20,27,65,Center,web,Plus,4,14.01,0.071,0,0.077,1,0,0
C101144,21,52,9,Center,app,Basic,4,11.07,0.394,0,0.0,0,1,0
C101145,4,70,57,West,store,Basic,9,9.73,0.187,0,0.144,0,0,0
C101146,10,30,33,South,store,Plus,4,9.27,0.158,0,0.121,0,0,0
C101147,19,68,18,North,web,Basic,6,10.7,0.007,1,0.148,0,1,0
C101148,4,51,70,Center,app,Basic,4,12.68,0.0,0,0.238,0,1,1
C101149,19,56,35,Center,web,Premium,7,16.76,0.3,0,0.0,0,0,0
C101150,1,36,16,North,web,Basic,5,12.31,0.084,0,0.014,0,0,1
C101151,8,20,45,West,web,Plus,11,16.22,0.353,0,0.222,0,0,0
C101152,20,19,42,West,web,Basic,3,15.09,0.218,0,0.0,0,0,0
C101153,13,55,23,North,app,Premium,2,17.88,0.192,0,0.003,0,0,0
C101154,4,74,52,South,web,Plus,9,13.0,0.285,0,0.1,0,0,0
C101155,6,52,8,Center,app,Basic,4,10.64,0.141,0,0.163,0,0,1
C101156,5,38,44,North,web,Plus,4,3.72,0.23,0,0.134,0,0,0
C101157,10,62,60,Center,app,Plus,3,11.21,0.423,2,0.125,0,0,0
C101158,15,71,54,North,app,Plus,5,13.83,0.285,1,0.046,0,0,0
C101159,20,30,12,East,app,Basic,5,14.55,0.012,0,0.169,0,1,1
C101160,15,23,57,Center,store,Basic,4,5.84,0.173,0,0.153,0,1,0
C101161,9,72,35,East,app,Plus,2,8.98,0.0,0,0.141,0,0,1
C101162,20,20,7,East,app,Basic,9,8.61,0.112,0,0.04,0,1,0
C101163,22,68,32,South,app,Basic,4,10.07,0.336,0,0.23,0,1,0
C101164,12,26,20,Center,app,Plus,7,15.09,0.374,2,0.081,0,0,1
C101165,17,24,65,North,app,Premium,6,14.26,0.188,0,0.086,0,0,0
C101166,10,33,27,South,app,Premium,3,16.79,0.109,0,0.048,0,0,0
C101167,17,35,40,South,app,Basic,4,6.13,0.361,1,0.053,0,1,0
C101168,3,36,46,East,app,Premium,6,5.6,0.156,1,0.02,0,1,0
C101169,22,19,31,North,app,Basic,5,11.9,0.148,0,0.029,1,1,1
C101170,24,66,10,North,app,Basic,4,9.13,0.183,1,0.0,0,1,0
C101171,4,65,70,West,web,Plus,3,11.95,0.237,0,0.0,0,1,0
C101172,11,56,19,South,store,Plus,3,12.01,0.075,0,0.019,1,0,0
C101173,20,70,26,North,app,Plus,3,15.19,0.177,0,0.0,2,1,0
C101174,15,71,25,East,app,Premium,3,16.3,0.165,0,0.048,0,1,0
C101175,5,74,52,North,web,Plus,3,9.82,0.357,1,0.0,0,0,0
C101176,1,39,6,South,app,Basic,4,13.43,0.239,0,0.056,0,1,1
C101177,4,52,17,South,app,Plus,5,14.07,0.113,0,0.099,0,0,0
C101178,19,61,65,East,web,Basic,3,17.65,0.116,0,0.061,0,0,0
C101179,23,55,54,North,app,Plus,3,13.27,0.216,0,0.22,0,1,0
C101180,3,63,41,West,app,Basic,6,5.4,0.159,1,0.08,0,0,0
C101181,8,56,54,West,app,Plus,9,13.49,0.292,0,0.088,0,0,0
C101182,6,40,25,West,store,Basic,4,10.74,0.0,1,0.041,0,0,1
C101183,17,50,59,East,app,Plus,3,6.46,0.092,0,0.151,0,0,1
C101184,16,29,58,Center,store,Basic,10,16.1,0.353,0,0.0,1,1,0
C101185,12,72,35,West,web,Plus,7,9.67,0.028,0,0.168,0,1,0
C101186,1,69,51,South,web,Basic,3,12.19,0.216,1,0.192,1,0,1
C101187,9,52,16,East,web,Plus,4,9.8,0.0,2,0.0,2,0,1
C101188,11,61,20,South,web,Premium,3,12.27,0.13,0,0.0,0,0,0
C101189,22,37,45,North,store,Plus,3,13.36,0.267,0,0.255,1,1,0
C101190,20,39,3,West,app,Basic,4,13.93,0.365,0,0.157,0,1,0
C101191,4,47,65,South,app,Basic,5,20.08,0.301,1,0.0,0,0,1
C101192,19,33,55,Center,web,Plus,2,19.48,0.0,0,0.034,0,0,0
C101193,3,19,22,Center,app,Premium,2,9.87,0.101,0,0.013,0,0,1
C101194,6,40,19,North,web,Basic,8,15.91,0.089,0,0.184,0,0,0
C101195,16,59,2,Center,app,Plus,5,17.45,0.04,1,0.0,0,1,0
C101196,18,32,26,West,store,Plus,8,15.57,0.117,0,0.122,0,0,0
C101197,1,57,14,Center,web,Premium,5,14.29,0.21,1,0.11,0,0,0
C101198,14,52,63,Center,web,Basic,6,12.64,0.035,0,0.028,2,0,1
C101199,4,41,67,East,app,Basic,4,10.96,0.088,1,0.0,0,0,1
C101200,24,59,15,North,app,Basic,2,9.11,0.002,1,0.302,0,0,0
C101201,16,66,1,North,app,Premium,5,9.4,0.0,0,0.093,0,1,0
C101202,21,72,17,East,store,Basic,7,14.45,0.275,0,0.214,0,1,0
C101203,13,61,4,North,app,Plus,7,10.04,0.145,0,0.147,0,1,0
C101204,21,23,51,South,web,Plus,3,15.92,0.305,0,0.141,0,0,0
C101205,12,37,7,East,web,Premium,6,8.39,0.177,0,0.14,0,1,0
C101206,12,48,15,South,web,Basic,8,15.96,0.133,0,0.0,0,1,0
C101207,22,22,64,North,web,Basic,6,8.75,0.44,1,0.149,0,1,0
C101208,1,41,53,North,app,Premium,14,8.23,0.231,0,0.203,0,1,0
C101209,2,25,28,South,app,Plus,7,10.26,0.0,0,0.283,0,1,0
C101210,20,49,10,West,app,Premium,5,18.92,0.05,2,0.004,0,0,1
C101211,20,28,50,South,web,Plus,5,16.5,0.101,0,0.152,0,0,0
C101212,12,33,22,East,web,Plus,3,6.48,0.27,1,0.0,0,1,1
C101213,14,35,51,South,app,Plus,3,18.09,0.201,0,0.331,0,0,0
C101214,10,73,59,Center,store,Basic,4,10.98,0.233,1,0.0,0,0,1
C101215,23,43,31,South,app,Premium,3,5.11,0.073,0,0.146,0,0,0
C101216,13,49,10,North,app,Basic,4,19.67,0.167,0,0.206,0,1,0
C101217,20,70,52,Center,web,Basic,2,10.99,0.351,0,0.0,0,0,0
C101218,6,18,62,East,web,Plus,6,8.77,0.247,0,0.147,1,0,0
C101219,13,33,33,North,web,Premium,5,16.24,0.003,0,0.231,0,0,0
C101220,22,42,30,South,web,Plus,6,16.95,0.225,0,0.058,0,0,0
C101221,2,69,39,East,app,Basic,4,6.2,0.343,1,0.258,0,0,0
C101222,4,59,63,North,app,Basic,1,15.3,0.429,0,0.049,1,1,0
C101223,15,56,22,West,app,Basic,10,8.44,0.0,0,0.0,0,0,0
C101224,10,39,23,Center,app,Basic,2,7.09,0.136,0,0.1,0,0,0
C101225,2,66,1,West,web,Plus,7,11.3,0.21,2,0.0,0,0,0
C101226,14,28,3,Center,store,Plus,7,12.49,0.107,1,0.036,0,1,0
C101227,6,40,43,South,store,Basic,4,10.08,0.119,1,0.0,0,1,0
C101228,16,38,69,West,app,Basic,7,7.98,0.0,0,0.0,0,1,0
C101229,18,18,19,East,app,Basic,2,11.78,0.133,0,0.007,0,1,0
C101230,18,23,20,Center,store,Basic,1,17.18,0.234,0,0.0,0,0,1
C101231,21,62,20,North,web,Plus,6,10.62,0.16,0,0.023,0,0,1
C101232,7,71,22,South,app,Premium,6,17.05,0.342,1,0.0,1,0,0
C101233,22,31,63,South,app,Plus,3,9.88,0.131,0,0.062,0,0,1
C101234,14,22,67,North,web,Premium,3,12.87,0.286,0,0.073,1,1,0
C101235,20,26,26,Center,app,Premium,7,12.77,0.206,1,0.141,0,1,0
C101236,10,21,34,West,app,Premium,1,8.31,0.096,0,0.053,0,0,0
C101237,13,63,8,South,app,Plus,8,18.64,0.248,0,0.236,1,1,0
C101238,23,20,15,North,web,Basic,7,13.92,0.223,1,0.091,1,1,1
C101239,7,57,45,South,web,Plus,4,13.03,0.14,1,0.314,2,1,0
C101240,17,63,3,Center,web,Premium,4,12.53,0.0,1,0.1,0,0,0
C101241,10,30,39,West,web,Basic,3,13.23,0.443,0,0.063,0,0,0
C101242,21,31,38,Center,web,Basic,8,15.46,0.316,0,0.032,0,0,0
C101243,4,33,5,North,web,Basic,5,17.64,0.233,0,0.075,0,0,0
C101244,7,61,35,North,web,Premium,1,13.32,0.327,0,0.214,0,0,0
C101245,24,71,25,North,web,Plus,7,13.35,0.0,0,0.0,0,1,0
C101246,19,61,10,West,web,Basic,7,10.98,0.244,0,0.0,0,1,0
C101247,19,33,44,Center,store,Basic,3,7.99,0.272,0,0.111,0,1,0
C101248,10,58,62,Center,app,Basic,3,14.24,0.257,0,0.0,1,0,1
C101249,24,58,20,West,app,Basic,6,6.63,0.272,0,0.154,0,1,0
C101250,3,42,40,North,web,Basic,5,16.1,0.018,0,0.0,0,0,1
C101251,24,25,71,South,app,Premium,2,12.55,0.238,0,0.0,0,1,0
C101252,8,35,61,West,store,Basic,6,7.91,0.232,0,0.17,0,0,0
C101253,7,64,57,West,app,Plus,5,12.78,0.365,0,0.0,0,0,0
C101254,4,47,27,North,web,Plus,5,6.4,0.17,1,0.0,0,1,1
C101255,23,24,36,Center,web,Plus,6,8.92,0.236,1,0.105,1,0,1
C101256,3,70,4,Center,app,Basic,0,4.1,0.246,2,0.077,1,1,1
C101257,1,47,66,East,app,Basic,8,18.33,0.301,0,0.125,0,0,1
C101258,16,37,2,Center,app,Premium,1,10.9,0.204,0,0.031,0,0,1
C101259,9,20,3,North,app,Basic,8,7.1,0.216,1,0.247,0,1,0
C101260,1,50,4,Center,app,Plus,8,14.02,0.209,0,0.006,0,0,0
C101261,12,49,16,North,app,Plus,5,8.6,0.214,0,0.0,1,1,1
C101262,16,26,64,East,app,Basic,2,9.0,0.25,1,0.055,0,1,0
C101263,17,66,65,Center,web,Plus,5,12.53,0.033,2,0.0,0,0,0
C101264,17,46,39,Center,web,Premium,8,16.28,0.16,0,0.077,0,1,0
C101265,8,22,37,Center,app,Basic,4,15.99,0.171,0,0.0,0,1,0
C101266,21,29,24,Center,web,Basic,7,12.86,0.218,1,0.016,0,1,1
C101267,6,33,13,Center,app,Basic,10,9.43,0.188,0,0.0,3,1,0
C101268,14,60,47,Center,web,Basic,4,10.21,0.0,0,0.026,1,1,1
C101269,13,61,41,East,store,Premium,4,9.85,0.259,0,0.335,0,0,0
C101270,9,64,36,North,web,Plus,4,12.83,0.105,0,0.0,0,0,0
C101271,9,52,52,East,app,Plus,4,10.23,0.078,1,0.037,0,0,1
C101272,24,69,20,Center,app,Basic,6,8.03,0.224,1,0.273,0,0,0
C101273,8,35,43,North,web,Plus,6,14.4,0.282,0,0.0,0,1,0
C101274,22,51,59,North,web,Basic,8,9.31,0.22,0,0.0,1,1,0
C101275,18,53,4,West,app,Basic,5,6.39,0.244,0,0.108,0,0,1
C101276,19,38,30,North,web,Basic,4,16.98,0.232,0,0.176,0,1,0
C101277,8,43,3,Center,store,Premium,4,16.09,0.254,0,0.107,0,0,0
C101278,13,58,10,West,web,Basic,7,5.65,0.186,1,0.0,2,0,0
C101279,1,67,29,North,app,Basic,8,11.15,0.053,0,0.261,1,1,0
C101280,10,70,32,North,store,Basic,3,8.48,0.19,0,0.107,0,0,0
C101281,19,34,2,Center,app,Basic,6,16.55,0.102,0,0.188,0,1,1
C101282,5,58,6,East,app,Premium,3,10.99,0.226,0,0.068,1,1,0
C101283,5,61,6,North,app,Basic,2,13.89,0.188,1,0.328,1,1,1
C101284,2,71,66,West,store,Basic,3,6.65,0.136,2,0.088,0,0,0
C101285,21,54,46,North,web,Premium,4,13.43,0.0,0,0.0,0,0,0
C101286,12,29,23,South,app,Plus,5,22.48,0.4,0,0.157,0,0,0
C101287,19,60,32,East,app,Basic,7,18.02,0.0,1,0.057,0,0,1
C101288,22,27,33,South,store,Basic,6,17.02,0.059,0,0.0,0,0,1
C101289,18,39,7,South,app,Basic,12,18.09,0.263,0,0.0,0,1,1
C101290,22,45,18,Center,web,Premium,3,11.06,0.157,0,0.139,0,0,0
C101291,14,59,63,Center,web,Premium,2,14.35,0.185,0,0.079,1,0,0
C101292,5,27,13,West,web,Basic,4,13.26,0.192,0,0.0,0,0,0
C101293,23,57,27,Center,web,Basic,1,10.5,0.247,0,0.0,1,1,0
C101294,17,26,33,South,app,Basic,4,12.05,0.0,1,0.107,0,0,1
C101295,21,40,63,South,web,Plus,4,18.35,0.064,0,0.045,0,0,0
C101296,2,24,68,West,store,Premium,7,16.32,0.263,1,0.186,0,1,0
C101297,6,19,44,Center,web,Premium,5,11.64,0.353,0,0.1,1,1,0
C101298,1,36,51,North,web,Premium,6,16.06,0.227,1,0.0,0,0,0
C101299,4,72,45,West,web,Plus,9,21.09,0.407,0,0.215,1,1,0
C101300,5,49,37,South,app,Plus,1,9.61,0.0,0,0.2,1,0,0
C101301,23,58,31,South,app,Premium,5,11.31,0.207,0,0.108,0,1,0
C101302,7,31,26,South,web,Plus,8,9.87,0.24,0,0.016,0,0,0
C101303,10,29,48,East,web,Plus,2,19.28,0.329,0,0.135,0,1,0
C101304,21,69,17,East,app,Premium,4,9.95,0.0,0,0.074,0,1,0
C101305,2,59,18,East,store,Plus,9,11.12,0.119,0,0.272,0,0,0
C101306,9,45,45,North,app,Basic,10,6.75,0.0,0,0.0,0,1,0
C101307,16,33,19,East,app,Basic,4,11.08,0.034,0,0.01,0,1,0
C101308,3,67,33,North,app,Plus,8,13.83,0.104,0,0.108,0,1,0
C101309,10,44,63,West,store,Basic,3,9.3,0.0,0,0.07,0,0,1
C101310,2,21,11,North,web,Plus,5,9.0,0.164,0,0.0,0,0,0
C101311,12,67,15,East,app,Plus,8,9.05,0.18,0,0.18,0,0,1
C101312,3,41,69,South,app,Basic,7,17.75,0.347,0,0.089,0,1,0
C101313,2,43,28,North,store,Premium,5,18.39,0.008,0,0.023,0,0,0
C101314,21,39,34,East,app,Plus,7,25.16,0.39,0,0.286,1,0,0
C101315,18,34,53,South,web,Premium,6,6.52,0.139,0,0.196,2,0,0
C101316,17,52,71,North,web,Premium,0,15.25,0.236,0,0.051,1,0,0
C101317,23,35,24,West,store,Basic,6,5.97,0.18,0,0.102,1,0,1
C101318,21,47,36,South,web,Basic,4,10.4,0.182,0,0.0,0,0,1
C101319,8,22,26,Center,app,Premium,7,9.61,0.052,0,0.0,0,0,0
C101320,20,65,62,West,web,Plus,6,10.62,0.225,0,0.029,1,0,0
C101321,20,30,65,North,store,Basic,3,5.11,0.264,0,0.119,1,0,0
C101322,7,52,5,North,app,Plus,5,19.31,0.331,0,0.288,0,1,0
C101323,22,33,15,West,app,Basic,5,14.25,0.0,2,0.0,1,1,0
C101324,6,28,45,North,app,Basic,6,11.99,0.068,1,0.0,0,1,0
C101325,7,27,18,East,web,Basic,3,11.32,0.214,0,0.147,0,0,0
C101326,18,58,11,North,store,Plus,5,9.99,0.239,1,0.16,0,1,0
C101327,18,21,63,East,app,Premium,3,18.29,0.223,0,0.081,0,0,0
C101328,11,63,66,Center,app,Basic,2,13.51,0.055,0,0.0,0,1,0
C101329,24,44,20,South,app,Basic,12,10.11,0.543,1,0.115,0,0,0
C101330,8,43,44,South,app,Premium,5,17.66,0.337,1,0.134,0,1,0
C101331,5,30,24,Center,app,Plus,3,16.91,0.246,0,0.0,0,1,0
C101332,15,38,11,South,app,Premium,5,17.23,0.105,0,0.066,0,1,0
C101333,12,60,63,South,web,Premium,6,11.1,0.0,0,0.148,1,0,0
C101334,8,68,1,North,app,Basic,4,13.32,0.119,0,0.172,0,0,0
C101335,15,70,23,West,store,Plus,7,11.86,0.076,0,0.19,0,0,0
C101336,13,53,4,East,web,Basic,2,19.59,0.08,0,0.277,0,0,0
C101337,7,33,71,North,web,Basic,6,18.51,0.25,0,0.0,0,0,0
C101338,10,22,38,Center,web,Plus,8,19.78,0.146,1,0.138,0,0,0
C101339,9,50,59,Center,app,Basic,5,14.33,0.215,0,0.154,1,1,0
C101340,24,49,30,East,web,Basic,9,13.98,0.169,2,0.181,0,0,0
C101341,19,46,61,South,app,Premium,5,15.34,0.182,0,0.162,1,1,1
C101342,1,47,41,Center,web,Basic,3,6.33,0.238,0,0.056,1,1,0
C101343,1,22,17,East,store,Plus,5,16.29,0.185,1,0.115,0,0,0
C101344,14,40,1,North,app,Plus,4,11.25,0.16,0,0.198,0,1,0
C101345,2,25,16,East,app,Plus,3,14.01,0.056,0,0.134,0,0,1
C101346,12,66,71,East,app,Premium,7,10.08,0.097,1,0.0,0,1,0
C101347,8,68,54,North,web,Basic,8,13.63,0.0,0,0.098,0,0,0
C101348,10,64,63,South,web,Basic,6,18.61,0.16,0,0.209,0,0,0
C101349,6,45,59,South,web,Plus,4,14.26,0.017,0,0.079,0,1,0
C101350,17,63,45,West,web,Basic,3,6.77,0.146,0,0.017,0,1,0
C101351,2,63,16,Center,app,Basic,10,10.67,0.201,1,0.0,0,0,0
C101352,5,37,29,Center,web,Plus,8,13.37,0.205,0,0.231,0,0,0
C101353,5,21,15,West,app,Plus,4,14.33,0.249,0,0.007,0,0,1
C101354,3,66,64,North,app,Plus,2,11.54,0.161,0,0.037,0,0,0
C101355,14,51,18,West,store,Premium,5,10.38,0.27,0,0.098,1,0,1
C101356,15,43,57,Center,web,Basic,5,15.19,0.048,0,0.07,0,1,0
C101357,14,67,10,Center,web,Premium,5,12.09,0.0,0,0.034,2,1,0
C101358,22,72,28,West,app,Premium,5,11.69,0.088,0,0.144,0,0,0
C101359,1,67,30,Center,web,Plus,2,14.49,0.212,1,0.164,0,0,0
C101360,2,18,52,Center,app,Plus,9,12.52,0.221,0,0.022,0,1,0
C101361,11,18,36,North,web,Plus,3,10.0,0.322,0,0.135,0,0,1
C101362,1,45,60,East,app,Basic,10,7.75,0.305,0,0.0,0,1,0
C101363,19,47,45,South,web,Basic,4,15.62,0.025,0,0.054,0,0,1
C101364,14,31,1,Center,web,Plus,4,8.92,0.205,0,0.26,0,0,1
C101365,9,39,4,Center,store,Basic,3,15.92,0.262,0,0.417,0,0,1
C101366,4,50,30,Center,web,Basic,3,8.81,0.123,0,0.09,0,1,0
C101367,2,61,14,East,web,Basic,5,14.03,0.133,1,0.036,0,1,0
C101368,24,61,17,Center,app,Premium,6,12.03,0.216,1,0.255,0,0,0
C101369,19,22,9,South,web,Plus,4,8.22,0.314,0,0.257,0,0,0
C101370,6,39,70,West,app,Basic,1,4.93,0.385,0,0.28,0,0,0
C101371,20,33,20,Center,store,Basic,4,14.29,0.3,0,0.211,0,0,0
C101372,24,34,49,West,store,Basic,3,9.51,0.004,1,0.054,0,1,1
C101373,6,64,14,Center,app,Basic,4,14.79,0.345,0,0.159,0,1,0
C101374,13,42,10,South,web,Plus,2,16.02,0.568,1,0.11,2,1,1
C101375,22,44,67,Center,app,Basic,7,17.57,0.113,1,0.01,0,0,1
C101376,19,73,35,East,web,Basic,2,11.24,0.144,0,0.061,0,0,0
C101377,13,43,27,East,store,Premium,4,14.02,0.13,0,0.014,0,0,0
C101378,2,60,15,South,app,Basic,7,7.82,0.134,0,0.147,1,0,0
C101379,21,73,10,West,web,Plus,7,14.79,0.247,0,0.155,0,0,0
C101380,18,73,4,Center,web,Premium,5,14.48,0.135,0,0.01,0,0,1
C101381,15,36,48,North,store,Basic,4,14.91,0.024,0,0.019,0,0,1
C101382,17,41,8,West,app,Basic,4,9.26,0.117,0,0.0,0,0,0
C101383,18,20,70,South,web,Premium,6,15.38,0.136,0,0.04,0,0,0
C101384,21,60,21,South,web,Plus,2,7.01,0.171,0,0.049,0,0,0
C101385,2,40,57,South,web,Plus,6,15.08,0.419,1,0.126,0,0,0
C101386,22,18,23,North,store,Plus,6,14.52,0.356,1,0.211,0,0,0
C101387,16,26,47,Center,web,Basic,3,17.28,0.188,0,0.013,0,0,0
C101388,20,28,45,North,app,Basic,1,9.34,0.258,0,0.173,0,0,0
C101389,19,22,27,South,web,Basic,9,18.03,0.112,0,0.078,0,1,0
C101390,6,22,15,West,web,Premium,5,5.67,0.044,0,0.039,0,1,0
C101391,7,50,29,South,web,Basic,6,16.17,0.034,0,0.238,0,1,0
C101392,11,31,24,East,web,Plus,11,15.6,0.121,0,0.172,0,1,0
C101393,13,72,22,Center,app,Basic,3,13.13,0.0,0,0.055,0,0,0
C101394,10,50,17,North,app,Premium,2,18.89,0.021,0,0.0,0,0,0
C101395,14,51,58,Center,app,Plus,5,14.77,0.412,2,0.156,1,0,0
C101396,10,47,26,North,web,Premium,5,4.08,0.001,0,0.043,1,0,1
C101397,16,54,58,Center,app,Premium,8,15.59,0.155,1,0.158,0,0,0
C101398,10,62,46,Center,web,Plus,4,15.73,0.122,0,0.109,0,0,0
C101399,20,36,35,North,web,Premium,6,13.23,0.034,0,0.0,0,0,0
C101400,13,52,52,East,app,Premium,12,12.48,0.186,1,0.089,1,1,0
C101401,18,50,62,South,app,Basic,3,10.25,0.201,0,0.105,0,0,1
C101402,4,57,11,East,web,Basic,4,15.29,0.227,1,0.0,0,0,1
C101403,21,60,47,West,app,Plus,7,13.3,0.161,0,0.075,1,1,0
C101404,19,61,19,Center,web,Plus,3,9.01,0.094,1,0.263,0,0,1
C101405,14,51,49,West,app,Basic,6,13.68,0.082,0,0.148,0,0,0
C101406,19,22,36,East,store,Plus,6,13.0,0.105,0,0.0,0,0,1
C101407,18,63,20,South,app,Plus,2,7.06,0.377,0,0.098,0,0,0
C101408,3,73,26,West,web,Basic,6,11.18,0.0,0,0.194,0,1,0
C101409,16,49,18,South,web,Basic,2,10.14,0.225,0,0.057,0,1,0
C101410,20,43,49,North,app,Premium,6,10.77,0.05,0,0.029,0,1,0
C101411,10,29,17,North,web,Plus,3,13.82,0.39,0,0.085,0,0,1
C101412,16,44,63,Center,app,Basic,3,3.71,0.254,0,0.0,0,1,0
C101413,11,51,65,East,store,Plus,2,17.7,0.173,1,0.0,0,1,0
C101414,20,62,15,South,app,Premium,4,12.09,0.411,0,0.286,0,1,0
C101415,22,45,57,East,app,Basic,7,13.24,0.256,0,0.054,1,0,0
C101416,7,28,35,North,web,Plus,1,6.2,0.057,0,0.08,0,0,1
C101417,18,27,64,Center,web,Basic,5,11.56,0.311,0,0.117,0,1,0
C101418,22,48,40,South,web,Plus,3,9.59,0.321,0,0.038,1,0,1
C101419,1,53,59,South,app,Premium,5,15.8,0.216,0,0.063,0,0,0
C101420,15,68,65,Center,app,Plus,5,14.3,0.231,3,0.229,0,1,0
C101421,4,64,58,North,app,Basic,2,10.9,0.008,0,0.032,1,0,0
C101422,11,51,29,Center,web,Basic,5,8.99,0.0,0,0.218,0,1,0
C101423,9,25,31,East,app,Plus,2,13.83,0.0,1,0.0,0,1,1
C101424,6,65,22,East,store,Basic,2,10.33,0.259,0,0.179,0,0,1
C101425,14,49,55,Center,app,Premium,6,8.63,0.198,1,0.096,0,1,0
C101426,8,66,6,West,app,Plus,7,17.75,0.216,0,0.098,0,0,0
C101427,9,59,12,North,app,Basic,6,13.37,0.227,2,0.078,1,0,1
C101428,3,36,12,Center,app,Plus,7,17.81,0.324,0,0.096,0,0,0
C101429,7,40,47,Center,app,Basic,6,13.59,0.051,0,0.127,0,1,0
C101430,16,41,33,East,store,Basic,2,13.32,0.14,0,0.046,1,0,1
C101431,7,33,4,South,web,Basic,7,12.84,0.095,0,0.029,1,0,0
C101432,13,61,29,South,app,Basic,7,11.6,0.184,0,0.108,0,1,0
C101433,15,39,69,West,app,Basic,7,10.67,0.056,0,0.074,0,0,0
C101434,13,57,24,Center,app,Plus,4,18.43,0.056,0,0.178,0,0,1
C101435,6,48,63,North,app,Basic,4,9.74,0.318,0,0.28,0,1,0
C101436,18,41,26,Center,web,Basic,8,12.03,0.19,1,0.145,0,0,0
C101437,14,57,12,South,app,Basic,5,15.7,0.215,0,0.0,1,0,1
C101438,15,27,4,North,web,Basic,7,18.78,0.142,0,0.015,0,1,1
C101439,23,49,55,North,app,Plus,6,19.17,0.304,0,0.105,0,0,0
C101440,12,26,35,East,web,Basic,5,9.65,0.165,0,0.197,0,1,0
C101441,20,24,59,West,web,Basic,4,14.01,0.118,1,0.147,0,0,0
C101442,19,65,48,West,app,Premium,6,12.69,0.069,0,0.081,0,1,0
C101443,17,64,3,Center,web,Basic,2,7.94,0.286,0,0.106,0,1,0
C101444,19,56,42,Center,store,Plus,9,13.27,0.111,0,0.218,0,0,0
C101445,3,70,41,East,app,Plus,4,6.65,0.0,1,0.0,0,0,0
C101446,13,52,11,West,store,Premium,3,7.78,0.07,0,0.159,0,1,0
C101447,3,23,30,Center,web,Basic,6,9.68,0.185,0,0.0,0,0,1
C101448,23,39,28,West,web,Plus,6,18.4,0.016,0,0.0,0,0,0
C101449,7,32,44,East,web,Premium,10,6.14,0.299,0,0.042,0,0,0
C101450,7,59,48,North,app,Plus,5,17.27,0.211,1,0.043,0,0,0
C101451,9,27,63,Center,app,Basic,7,1.0,0.147,0,0.021,0,0,1
C101452,3,52,5,North,store,Basic,3,12.93,0.446,0,0.156,1,0,1
C101453,9,66,52,Center,store,Basic,5,10.72,0.18,0,0.0,0,1,0
C101454,22,28,17,South,app,Plus,8,13.09,0.054,0,0.073,1,1,1
C101455,3,69,15,East,web,Premium,5,11.94,0.19,2,0.0,0,0,1
C101456,14,58,25,Center,app,Plus,8,8.93,0.293,0,0.0,0,0,0
C101457,13,20,40,South,app,Basic,3,10.61,0.302,0,0.139,0,1,0
C101458,19,48,2,South,web,Plus,6,10.12,0.173,1,0.281,0,1,0
C101459,13,36,40,South,web,Plus,1,9.17,0.033,1,0.01,0,1,1
C101460,19,57,59,South,app,Basic,6,7.96,0.335,0,0.135,1,1,0
C101461,5,28,1,Center,web,Basic,5,17.94,0.246,0,0.062,0,0,1
C101462,19,46,63,South,app,Premium,4,11.35,0.153,0,0.117,0,0,0
C101463,19,44,10,Center,app,Basic,1,18.67,0.307,0,0.043,0,0,1
C101464,18,46,60,West,app,Plus,1,10.54,0.414,1,0.144,1,0,1
C101465,6,70,26,North,app,Basic,6,11.25,0.165,0,0.187,0,0,0
C101466,2,71,26,West,web,Plus,1,10.18,0.37,0,0.084,1,1,1
C101467,3,21,13,East,web,Plus,6,9.94,0.322,0,0.0,0,0,0
C101468,15,62,40,North,app,Premium,5,9.62,0.16,0,0.0,0,0,0
C101469,17,27,17,East,web,Plus,5,12.37,0.181,1,0.076,0,1,1
C101470,2,26,15,Center,app,Basic,4,11.92,0.182,1,0.015,2,1,0
C101471,11,45,49,South,app,Premium,3,11.19,0.066,0,0.172,0,1,0
C101472,3,73,52,South,app,Premium,6,4.36,0.132,1,0.098,0,0,0
C101473,16,47,69,East,app,Basic,4,20.65,0.13,1,0.257,1,0,0
C101474,14,51,39,Center,web,Basic,5,11.5,0.16,1,0.0,0,0,0
C101475,20,60,33,South,store,Premium,7,12.31,0.031,0,0.188,0,1,0
C101476,6,45,50,North,app,Plus,3,14.94,0.108,1,0.119,0,0,1
C101477,16,42,46,North,web,Basic,5,13.56,0.097,0,0.0,0,0,0
C101478,12,57,66,South,web,Plus,6,1.0,0.305,0,0.0,0,0,0
C101479,5,26,55,West,store,Premium,4,9.15,0.168,0,0.01,1,0,0
C101480,5,68,64,North,web,Basic,9,11.91,0.0,0,0.0,0,1,0
C101481,20,38,48,West,store,Premium,10,9.22,0.222,0,0.103,0,0,0
C101482,8,51,66,Center,store,Plus,4,17.17,0.045,1,0.0,0,0,0
C101483,24,73,47,South,store,Plus,3,14.85,0.109,1,0.205,0,1,0
C101484,11,61,39,Center,web,Basic,4,6.77,0.224,0,0.132,0,1,0
C101485,15,60,1,East,store,Premium,10,13.13,0.24,0,0.139,0,0,0
C101486,19,64,21,Center,app,Premium,2,17.31,0.083,1,0.125,0,1,0
C101487,5,24,62,East,web,Basic,8,11.69,0.352,1,0.083,0,1,0
C101488,14,43,48,Center,web,Premium,3,5.31,0.174,1,0.188,0,0,0
C101489,13,64,12,Center,app,Basic,7,14.09,0.062,0,0.188,0,1,0
C101490,21,32,4,South,app,Basic,4,10.19,0.28,0,0.025,0,1,0
C101491,6,35,13,North,app,Plus,6,5.0,0.301,0,0.0,0,0,1
C101492,4,68,14,West,app,Premium,7,9.12,0.053,1,0.0,2,1,1
C101493,6,62,37,South,web,Plus,7,11.03,0.073,2,0.0,1,1,0
C101494,23,32,19,West,web,Basic,3,11.53,0.064,0,0.093,0,0,0
C101495,19,18,42,North,store,Premium,5,14.86,0.298,0,0.0,0,0,1
C101496,23,45,53,East,app,Basic,6,13.58,0.193,0,0.142,0,0,1
C101497,21,67,54,North,app,Plus,2,7.03,0.295,0,0.11,0,1,0
C101498,8,49,56,North,web,Basic,1,11.79,0.0,0,0.014,0,0,1
C101499,4,27,21,Center,store,Premium,4,14.91,0.07,0,0.0,0,0,0
C101500,24,45,67,Center,app,Plus,5,9.43,0.14,0,0.0,0,0,1
C101501,22,43,68,South,app,Premium,6,9.97,0.04,0,0.131,1,0,0
C101502,19,52,6,Center,app,Premium,5,10.91,0.169,0,0.063,0,0,1
C101503,14,55,45,North,app,Plus,11,9.83,0.017,0,0.159,0,1,0
C101504,11,31,30,East,store,Premium,3,6.87,0.204,0,0.174,0,0,0
C101505,23,46,60,Center,store,Basic,4,13.3,0.175,1,0.128,0,0,0
C101506,13,45,49,Center,app,Basic,8,13.06,0.247,1,0.051,0,1,1
C101507,4,27,34,East,store,Plus,6,14.16,0.312,0,0.023,0,0,0
C101508,23,46,26,East,app,Plus,8,11.07,0.113,0,0.082,1,0,0
C101509,3,25,6,East,web,Premium,6,9.18,0.216,0,0.125,0,0,0
C101510,6,29,25,West,store,Basic,7,13.64,0.038,1,0.0,0,0,1
C101511,12,34,1,West,app,Basic,7,12.89,0.331,0,0.151,0,1,0
C101512,5,73,69,North,web,Basic,7,10.94,0.0,0,0.127,0,1,0
C101513,7,20,46,West,web,Premium,4,16.72,0.24,0,0.122,0,0,0
C101514,24,66,39,South,app,Plus,6,15.56,0.06,0,0.208,1,0,0
C101515,24,30,31,South,app,Basic,5,5.8,0.248,1,0.0,0,0,1
C101516,8,72,46,Center,web,Plus,4,11.02,0.363,0,0.081,0,0,0
C101517,24,25,32,Center,app,Plus,3,10.48,0.27,0,0.086,0,0,0
C101518,12,52,65,South,app,Basic,7,17.5,0.338,0,0.0,0,1,0
C101519,23,44,24,North,app,Plus,12,7.71,0.0,1,0.08,0,0,1
C101520,6,30,32,East,web,Basic,5,10.45,0.0,0,0.257,1,1,0
C101521,19,38,13,Center,app,Premium,3,12.11,0.177,0,0.137,0,0,0
C101522,20,41,51,East,web,Premium,6,19.94,0.138,0,0.0,0,0,0
C101523,21,51,34,East,web,Plus,2,5.81,0.085,0,0.005,0,0,1
C101524,5,59,20,South,app,Basic,4,6.76,0.077,0,0.0,1,1,0
C101525,21,34,19,North,web,Plus,5,7.13,0.24,0,0.173,0,1,0
C101526,12,39,61,South,app,Basic,10,4.94,0.186,1,0.132,1,1,0
C101527,21,19,64,Center,app,Basic,6,5.98,0.353,0,0.294,0,1,0
C101528,24,32,15,East,web,Basic,4,8.81,0.117,0,0.107,0,0,1
C101529,13,36,13,East,app,Plus,4,8.39,0.169,0,0.011,0,0,0
C101530,22,64,42,South,web,Basic,4,11.19,0.318,0,0.01,0,0,0
C101531,24,61,69,East,store,Basic,8,9.2,0.307,0,0.0,0,0,0
C101532,19,62,43,North,app,Plus,5,5.4,0.253,0,0.209,1,1,1
C101533,14,32,62,East,web,Plus,5,13.79,0.163,0,0.215,0,1,0
C101534,9,30,55,West,web,Plus,8,14.26,0.094,1,0.212,0,0,0
C101535,13,41,28,West,app,Plus,2,7.43,0.223,0,0.262,0,0,0
C101536,21,42,21,East,app,Basic,3,17.4,0.349,0,0.072,0,0,1
C101537,10,61,55,Center,web,Basic,4,8.13,0.284,0,0.079,0,1,0
C101538,1,67,41,West,web,Basic,7,13.03,0.201,1,0.108,0,0,0
C101539,22,41,42,South,app,Plus,6,7.19,0.234,0,0.077,0,1,0
C101540,9,30,4,North,web,Premium,11,9.05,0.306,0,0.169,0,0,0
C101541,19,68,34,South,web,Plus,7,13.47,0.181,0,0.12,0,0,0
C101542,14,48,55,West,app,Plus,7,12.28,0.317,1,0.195,0,1,1
C101543,6,70,58,South,app,Premium,10,16.09,0.201,0,0.015,0,1,0
C101544,3,40,39,East,store,Basic,7,13.37,0.235,0,0.154,0,1,0
C101545,21,35,59,North,app,Basic,5,9.82,0.353,0,0.0,0,1,0
C101546,23,21,58,West,web,Premium,6,17.98,0.077,0,0.072,0,1,0
C101547,23,59,15,West,web,Basic,5,8.81,0.13,1,0.0,0,0,0
C101548,17,46,51,South,app,Plus,5,8.33,0.202,0,0.138,0,0,0
C101549,24,32,65,West,app,Basic,7,13.73,0.224,0,0.149,0,0,0
C101550,4,43,34,North,app,Basic,5,11.01,0.102,0,0.116,0,0,1
C101551,15,25,3,Center,web,Premium,2,9.56,0.212,0,0.029,0,0,0
C101552,19,73,70,North,app,Plus,3,12.0,0.109,2,0.0,0,0,0
C101553,4,42,1,South,web,Plus,4,6.58,0.103,0,0.129,0,1,0
C101554,6,35,7,West,web,Basic,7,14.98,0.162,1,0.117,0,1,1
C101555,18,52,35,West,web,Premium,3,10.37,0.374,0,0.092,0,1,0
C101556,5,63,24,North,app,Basic,6,10.24,0.179,0,0.0,1,0,0
C101557,21,71,22,East,web,Basic,5,13.86,0.441,0,0.0,0,1,0
C101558,23,56,67,South,store,Plus,7,4.85,0.27,0,0.097,0,1,0
C101559,22,26,31,Center,app,Basic,5,14.38,0.246,0,0.142,0,1,0
C101560,21,41,6,West,web,Premium,6,12.46,0.399,0,0.137,0,0,0
C101561,3,58,35,South,app,Basic,5,13.55,0.23,1,0.181,1,0,1
C101562,14,64,20,North,web,Basic,4,16.28,0.17,1,0.197,0,1,0
C101563,9,45,34,Center,web,Basic,1,10.73,0.125,1,0.004,2,1,1
C101564,16,66,60,East,web,Basic,7,12.74,0.073,0,0.072,0,0,1
C101565,19,25,65,West,store,Basic,2,17.91,0.385,0,0.073,0,0,0
C101566,24,37,51,North,web,Plus,6,13.72,0.253,1,0.0,1,0,0
C101567,16,73,66,South,web,Basic,4,10.0,0.104,2,0.0,0,0,0
C101568,17,29,16,North,app,Plus,7,7.02,0.307,0,0.098,0,0,1
C101569,2,57,25,West,web,Premium,4,10.9,0.32,0,0.147,0,0,0
C101570,17,30,57,North,store,Plus,4,15.76,0.38,0,0.061,0,0,0
C101571,17,25,21,West,store,Plus,6,12.72,0.418,1,0.0,0,0,1
C101572,19,27,41,South,app,Basic,2,14.69,0.283,0,0.0,0,0,1
C101573,4,69,47,East,web,Basic,4,15.24,0.284,0,0.0,0,1,0
C101574,6,73,23,South,app,Basic,3,10.72,0.218,0,0.208,0,0,0
C101575,16,23,15,South,app,Basic,3,3.76,0.236,1,0.26,0,1,1
C101576,19,58,1,Center,app,Premium,5,6.82,0.278,0,0.165,0,0,0
C101577,6,23,29,North,app,Plus,2,17.0,0.068,0,0.0,0,0,1
C101578,15,64,30,Center,web,Basic,3,8.15,0.183,0,0.048,0,1,0
C101579,21,36,51,North,app,Basic,8,15.06,0.43,0,0.156,0,1,0
C101580,23,20,52,Center,app,Basic,9,14.47,0.103,0,0.109,0,0,0
C101581,23,71,1,South,store,Plus,6,9.55,0.265,0,0.002,1,1,1
C101582,8,70,35,South,app,Basic,7,6.31,0.0,0,0.049,1,1,0
C101583,8,19,55,South,app,Plus,2,17.05,0.219,0,0.0,0,0,1
C101584,5,40,69,South,app,Plus,6,11.43,0.085,0,0.147,0,1,0
C101585,24,70,53,West,app,Plus,4,16.79,0.141,1,0.16,1,0,0
C101586,7,37,21,West,web,Plus,4,10.91,0.081,1,0.0,0,0,0
C101587,9,52,28,Center,web,Plus,4,7.41,0.044,0,0.0,0,0,0
C101588,11,67,27,South,app,Premium,2,11.24,0.351,0,0.295,1,1,1
C101589,5,21,18,West,web,Basic,9,12.19,0.145,0,0.0,0,0,1
C101590,22,46,1,Center,app,Plus,4,11.79,0.268,0,0.133,1,0,0
C101591,3,50,39,East,app,Premium,2,16.54,0.342,1,0.035,0,0,0
C101592,16,70,20,South,app,Plus,5,13.23,0.333,0,0.201,0,0,0
C101593,15,44,21,South,app,Premium,6,9.63,0.34,2,0.099,0,0,1
C101594,23,65,27,South,app,Basic,5,8.43,0.195,0,0.062,0,0,0
C101595,10,50,59,East,app,Plus,5,7.82,0.29,0,0.047,0,0,0
C101596,13,42,52,Center,app,Plus,5,16.77,0.044,1,0.057,0,1,0
C101597,18,60,42,West,app,Basic,4,11.72,0.246,3,0.122,0,0,0
C101598,9,66,52,South,app,Basic,8,16.52,0.442,0,0.0,0,0,0
C101599,21,56,22,Center,web,Basic,4,14.09,0.171,0,0.136,0,0,0
C101600,7,53,28,South,app,Premium,7,15.38,0.27,1,0.01,0,0,0
C101601,11,74,58,East,web,Basic,2,15.36,0.0,0,0.036,1,1,0
C101602,1,52,45,West,web,Plus,6,8.68,0.117,0,0.105,2,0,0
C101603,12,26,44,South,app,Plus,7,7.43,0.0,0,0.0,1,0,1
C101604,8,70,15,South,app,Plus,2,8.83,0.006,1,0.0,1,0,0
C101605,13,64,10,Center,web,Plus,4,8.27,0.058,0,0.0,0,1,1
C101606,4,39,16,Center,app,Premium,6,10.89,0.213,0,0.073,0,1,0
C101607,10,41,30,Center,web,Basic,3,8.79,0.0,0,0.084,1,1,1
C101608,16,55,19,South,app,Basic,7,10.42,0.303,0,0.0,0,0,0
C101609,14,62,35,West,app,Plus,5,19.08,0.299,1,0.032,0,1,0
C101610,14,58,20,South,app,Basic,4,10.16,0.311,0,0.0,1,0,1
C101611,4,68,68,North,web,Basic,6,14.41,0.225,0,0.0,0,1,1
C101612,2,22,69,North,web,Basic,5,7.03,0.0,0,0.242,0,0,0
C101613,13,74,23,West,web,Premium,2,7.23,0.0,0,0.126,0,0,0
C101614,1,45,53,Center,app,Plus,1,21.55,0.0,0,0.26,0,0,0
C101615,12,33,32,East,app,Basic,3,16.75,0.226,0,0.221,1,0,0
C101616,10,30,57,West,app,Basic,7,13.27,0.254,0,0.0,1,0,1
C101617,23,43,70,West,app,Basic,9,9.9,0.0,0,0.02,0,1,0
C101618,17,35,59,South,app,Basic,6,7.82,0.263,1,0.156,0,0,0
C101619,15,71,31,West,app,Basic,3,9.81,0.104,1,0.156,0,0,1
C101620,24,46,36,Center,web,Premium,3,20.31,0.044,0,0.09,0,1,0
C101621,22,71,59,West,app,Plus,2,8.74,0.15,0,0.0,0,0,0
C101622,10,56,27,South,app,Basic,2,7.89,0.258,1,0.225,0,0,1
C101623,11,39,7,North,web,Premium,4,10.11,0.378,1,0.141,0,1,0
C101624,13,40,27,East,app,Plus,7,11.33,0.358,0,0.182,0,0,0
C101625,10,71,28,North,app,Basic,8,11.54,0.108,1,0.044,1,0,1
C101626,19,55,6,West,web,Plus,6,10.48,0.0,0,0.054,0,1,0
C101627,23,41,14,North,app,Plus,10,8.78,0.222,1,0.127,0,0,0
C101628,13,60,29,East,app,Plus,3,10.15,0.22,0,0.207,0,0,0
C101629,12,39,63,North,app,Basic,6,22.15,0.325,0,0.225,0,0,0
C101630,20,30,29,South,web,Plus,5,14.9,0.296,0,0.052,1,0,0
C101631,8,61,40,Center,app,Premium,1,5.47,0.15,0,0.152,0,1,0
C101632,22,22,22,West,web,Plus,3,17.99,0.129,1,0.063,1,1,0
C101633,18,44,16,Center,web,Premium,2,17.35,0.186,0,0.166,0,1,1
C101634,6,41,13,East,app,Plus,2,14.8,0.0,0,0.053,0,1,1
C101635,17,43,7,West,store,Basic,4,13.42,0.23,1,0.056,0,1,1
C101636,8,30,6,North,web,Plus,4,20.11,0.055,0,0.0,1,1,1
C101637,9,40,30,East,app,Plus,6,5.93,0.109,1,0.116,0,1,0
C101638,13,25,41,North,app,Basic,4,11.52,0.336,0,0.189,2,0,0
C101639,10,42,7,East,app,Basic,2,8.6,0.221,0,0.096,0,0,1
C101640,24,59,64,West,web,Basic,8,17.53,0.073,1,0.045,2,1,0
C101641,20,25,35,North,app,Basic,4,8.14,0.263,0,0.139,0,0,0
C101642,12,26,63,West,app,Basic,4,15.18,0.014,0,0.122,0,0,1
C101643,2,21,52,Center,app,Plus,10,6.26,0.156,0,0.106,0,1,0
C101644,8,65,30,Center,store,Plus,3,17.55,0.0,1,0.0,0,0,1
C101645,7,60,23,West,web,Plus,2,10.53,0.066,1,0.082,1,1,0
C101646,8,20,20,Center,web,Premium,11,7.9,0.097,0,0.114,0,0,0
C101647,22,50,12,North,web,Basic,6,7.85,0.095,0,0.013,0,0,0
C101648,4,44,36,Center,app,Premium,6,9.4,0.202,0,0.151,0,1,0
C101649,21,56,26,West,app,Plus,9,10.81,0.0,0,0.0,0,0,0
C101650,5,39,36,West,app,Basic,7,12.26,0.0,0,0.045,0,0,1
C101651,9,63,12,Center,app,Basic,4,7.12,0.075,2,0.123,0,0,1
C101652,24,46,49,Center,store,Basic,9,18.1,0.125,1,0.073,0,0,0
C101653,7,31,60,South,app,Plus,7,13.75,0.326,0,0.177,0,0,0
C101654,17,46,40,East,app,Plus,1,8.95,0.212,0,0.177,0,0,1
C101655,18,31,7,North,web,Basic,4,15.17,0.0,0,0.083,0,1,0
C101656,15,46,12,East,app,Plus,4,16.79,0.037,1,0.289,0,1,0
C101657,24,33,53,West,app,Basic,2,13.62,0.212,1,0.0,0,0,0
C101658,4,42,23,Center,web,Plus,6,6.11,0.455,2,0.105,0,1,0
C101659,11,35,24,Center,app,Plus,4,11.87,0.097,0,0.0,0,0,0
C101660,8,47,69,West,app,Basic,7,10.47,0.338,0,0.059,0,0,0
C101661,4,61,52,Center,app,Basic,7,6.02,0.29,0,0.163,0,1,0
C101662,8,57,31,Center,app,Plus,3,12.2,0.276,1,0.057,0,0,1
C101663,19,39,55,West,web,Basic,5,8.07,0.0,0,0.001,0,0,1
C101664,14,46,20,Center,store,Plus,2,9.07,0.13,0,0.161,1,0,1
C101665,22,36,10,South,web,Plus,2,13.7,0.098,0,0.002,0,1,0
C101666,13,35,34,Center,app,Basic,3,4.08,0.268,0,0.159,0,0,1
C101667,9,54,54,East,app,Plus,14,14.4,0.0,2,0.033,1,0,0
C101668,18,62,20,Center,web,Basic,6,7.57,0.256,0,0.21,0,1,0
C101669,8,28,68,East,web,Plus,9,17.09,0.201,0,0.065,0,0,1
C101670,22,32,22,Center,web,Plus,6,9.83,0.339,0,0.0,0,0,0
C101671,13,24,41,West,app,Plus,5,6.5,0.167,1,0.102,0,0,0
C101672,7,74,14,South,app,Plus,8,22.04,0.043,0,0.045,0,0,0
C101673,9,57,46,West,app,Plus,5,22.46,0.326,0,0.23,0,0,0
C101674,24,27,14,Center,app,Plus,9,2.91,0.144,0,0.0,0,1,0
C101675,9,61,23,South,web,Basic,2,14.24,0.019,1,0.081,0,0,1
C101676,1,35,5,Center,app,Plus,3,1.66,0.154,0,0.0,0,0,0
C101677,16,34,13,South,app,Basic,6,13.27,0.076,0,0.185,0,0,1
C101678,1,45,9,South,app,Basic,5,9.89,0.15,0,0.098,1,0,1
C101679,2,54,53,North,web,Plus,5,11.81,0.052,0,0.065,0,0,1
C101680,12,55,52,South,web,Premium,3,11.27,0.309,0,0.114,0,1,0
C101681,10,19,59,West,web,Premium,2,9.71,0.172,1,0.05,0,1,0
C101682,4,60,23,North,app,Plus,7,6.78,0.111,0,0.004,0,0,0
C101683,15,41,15,Center,web,Premium,4,12.62,0.135,0,0.004,0,0,0
C101684,24,70,15,East,store,Premium,9,14.5,0.035,0,0.146,1,0,0
C101685,19,50,9,Center,app,Basic,2,10.24,0.328,0,0.188,1,0,0
C101686,11,71,7,North,web,Plus,4,17.35,0.0,0,0.081,1,0,1
C101687,4,32,26,South,web,Basic,7,8.75,0.294,1,0.087,0,0,1
C101688,8,55,10,Center,app,Plus,6,15.04,0.167,0,0.025,1,0,0
C101689,3,37,45,West,web,Basic,10,16.75,0.16,0,0.045,0,0,0
C101690,24,66,42,South,web,Premium,3,6.82,0.451,0,0.01,0,0,0
C101691,1,52,26,East,app,Basic,5,14.04,0.208,1,0.203,0,0,0
C101692,5,60,9,Center,store,Basic,7,9.13,0.358,0,0.098,0,0,0
C101693,13,51,69,West,store,Plus,1,9.78,0.005,0,0.161,0,0,0
C101694,6,61,16,East,app,Plus,6,22.51,0.018,0,0.086,0,1,0
C101695,13,26,57,North,store,Plus,2,14.51,0.26,0,0.0,0,0,1
C101696,24,31,65,South,web,Plus,6,11.99,0.388,0,0.016,0,0,1
C101697,4,58,66,West,web,Basic,5,7.01,0.112,0,0.0,0,1,0
C101698,11,28,43,South,web,Plus,1,13.29,0.287,1,0.102,0,0,0
C101699,13,22,43,West,store,Basic,6,10.28,0.236,0,0.105,2,1,0
C101700,9,49,59,Center,app,Basic,4,11.37,0.322,2,0.0,0,1,0
C101701,11,73,54,South,app,Premium,7,11.21,0.315,1,0.0,0,1,0
C101702,15,35,48,South,web,Plus,6,21.52,0.109,2,0.129,0,0,1
C101703,2,29,68,Center,app,Plus,7,14.84,0.093,0,0.068,0,0,0
C101704,19,59,17,East,web,Basic,5,13.06,0.0,0,0.22,0,1,0
C101705,18,32,3,Center,app,Basic,6,14.12,0.089,0,0.198,0,0,0
C101706,18,62,40,South,store,Basic,1,7.81,0.271,0,0.006,0,1,1
C101707,8,29,41,East,web,Premium,8,14.8,0.0,0,0.034,0,1,0
C101708,3,28,61,East,web,Plus,4,12.21,0.361,1,0.297,0,0,0
C101709,20,74,14,North,web,Plus,3,8.04,0.182,1,0.083,0,0,1
C101710,22,52,7,North,app,Basic,3,15.44,0.034,1,0.263,1,0,0
C101711,24,34,57,East,web,Basic,7,2.38,0.274,1,0.0,0,0,0
C101712,8,43,67,South,web,Plus,5,11.09,0.192,1,0.043,0,1,0
C101713,21,52,17,North,app,Basic,4,9.51,0.0,1,0.152,0,0,0
C101714,20,20,18,North,app,Premium,2,7.06,0.072,1,0.155,0,0,1
C101715,18,74,53,Center,app,Basic,6,9.65,0.316,1,0.178,0,0,0
C101716,23,45,45,North,app,Basic,4,11.19,0.148,1,0.02,0,0,0
C101717,5,72,24,West,web,Premium,0,14.89,0.306,0,0.229,0,0,0
C101718,21,63,44,Center,app,Basic,6,15.89,0.13,0,0.096,0,0,0
C101719,3,20,47,West,store,Basic,3,14.37,0.267,0,0.014,0,1,0
C101720,4,63,7,East,app,Plus,7,17.46,0.156,1,0.04,0,0,0
C101721,21,47,49,South,app,Basic,3,3.1,0.02,0,0.089,0,0,0
C101722,9,68,45,South,app,Plus,3,5.65,0.182,0,0.089,0,0,0
C101723,15,52,65,East,store,Basic,2,12.86,0.24,0,0.0,0,1,1
C101724,17,33,14,Center,app,Premium,2,7.38,0.096,0,0.261,0,1,0
C101725,3,58,62,Center,store,Plus,5,11.59,0.296,0,0.088,0,0,1
C101726,20,34,51,North,web,Plus,5,14.37,0.17,1,0.0,1,1,0
C101727,8,37,32,North,app,Plus,5,18.38,0.1,0,0.123,0,0,0
C101728,5,51,1,West,app,Premium,5,14.81,0.243,0,0.132,0,1,0
C101729,3,36,49,West,app,Basic,4,14.17,0.186,2,0.145,0,0,0
C101730,13,71,71,East,web,Basic,7,13.5,0.222,1,0.238,0,1,0
C101731,22,18,13,North,web,Plus,9,8.74,0.0,0,0.082,0,0,1
C101732,24,39,10,South,app,Basic,3,10.08,0.186,0,0.152,0,0,1
C101733,14,20,7,East,web,Basic,7,6.83,0.11,0,0.0,0,0,0
C101734,19,59,16,Center,web,Plus,3,11.83,0.148,0,0.166,0,1,0
C101735,10,49,51,Center,web,Plus,3,12.83,0.051,0,0.0,0,1,0
C101736,5,26,16,East,web,Premium,3,7.75,0.316,0,0.0,0,1,0
C101737,12,22,65,North,app,Premium,8,14.65,0.297,0,0.054,0,1,0
C101738,1,60,63,Center,app,Basic,7,8.68,0.074,1,0.242,0,1,1
C101739,2,29,54,Center,web,Basic,6,18.4,0.184,0,0.072,0,0,0
C101740,19,65,2,Center,app,Plus,4,12.04,0.198,0,0.024,0,1,0
C101741,18,36,37,South,app,Basic,5,8.87,0.24,0,0.101,0,1,1
C101742,6,49,15,Center,web,Premium,3,15.05,0.105,0,0.0,0,0,0
C101743,2,22,45,West,app,Plus,4,17.82,0.222,0,0.096,0,1,1
C101744,24,46,48,West,web,Basic,9,12.83,0.499,0,0.143,0,0,0
C101745,3,19,52,East,app,Premium,3,11.86,0.158,2,0.023,0,0,0
C101746,1,30,49,East,app,Plus,5,7.85,0.237,0,0.051,0,1,0
C101747,23,70,41,South,app,Basic,5,7.88,0.074,0,0.002,1,1,0
C101748,21,73,58,Center,store,Premium,5,6.18,0.1,1,0.098,0,0,0
C101749,16,42,26,East,web,Premium,7,10.86,0.147,0,0.042,0,0,0
C101750,4,69,63,North,app,Basic,4,19.3,0.059,0,0.232,1,1,0
C101751,3,29,61,South,app,Premium,3,10.89,0.039,0,0.34,2,0,0
C101752,18,51,6,South,app,Basic,5,5.72,0.375,0,0.0,0,1,0
C101753,2,58,27,North,web,Plus,7,13.06,0.082,0,0.168,0,0,0
C101754,16,68,43,North,store,Plus,7,11.94,0.17,0,0.16,0,1,0
C101755,15,18,65,South,app,Premium,6,16.15,0.069,0,0.192,0,1,0
C101756,7,51,70,West,store,Premium,7,14.22,0.134,2,0.004,0,0,0
C101757,18,31,57,Center,app,Basic,6,5.07,0.0,0,0.069,0,0,1
C101758,11,40,7,South,app,Plus,3,12.68,0.232,0,0.003,0,1,0
C101759,11,72,57,East,app,Premium,7,12.47,0.086,1,0.003,1,1,0
C101760,4,55,5,South,app,Basic,5,8.35,0.295,1,0.0,0,0,0
C101761,11,69,60,Center,app,Basic,5,17.04,0.25,0,0.093,0,1,0
C101762,13,28,52,South,web,Plus,7,12.14,0.118,0,0.0,0,0,0
C101763,9,54,71,East,app,Basic,4,9.71,0.011,0,0.186,0,1,0
C101764,15,70,60,East,web,Basic,5,11.22,0.225,0,0.128,0,0,0
C101765,16,23,71,South,app,Premium,3,14.8,0.127,0,0.165,0,1,0
C101766,22,67,48,South,web,Premium,7,16.82,0.081,0,0.041,0,0,0
C101767,5,36,36,North,app,Premium,0,13.96,0.15,0,0.118,0,0,1
C101768,2,42,18,North,app,Basic,5,12.08,0.234,0,0.096,0,0,0
C101769,10,19,27,East,store,Plus,8,14.16,0.044,0,0.08,1,1,0
C101770,21,65,3,Center,web,Plus,6,7.95,0.253,0,0.265,0,0,1
C101771,1,30,53,Center,web,Plus,1,11.32,0.205,1,0.036,0,1,0
C101772,12,74,36,West,web,Basic,2,9.98,0.207,1,0.0,2,0,0
C101773,5,19,69,North,app,Basic,7,10.11,0.213,0,0.085,0,0,0
C101774,19,24,69,South,web,Premium,4,20.27,0.0,1,0.155,0,1,0
C101775,20,25,45,Center,app,Plus,2,14.93,0.126,0,0.068,0,0,1
C101776,21,56,66,South,web,Plus,7,11.97,0.217,0,0.013,1,1,0
C101777,23,54,2,East,web,Plus,5,4.24,0.11,0,0.01,0,0,0
C101778,15,29,32,East,store,Basic,10,15.8,0.104,0,0.079,0,1,0
C101779,24,23,3,East,web,Basic,9,12.39,0.393,0,0.112,0,1,0
C101780,21,32,11,South,web,Premium,5,9.57,0.18,0,0.101,0,1,0
C101781,15,26,33,South,app,Premium,4,9.65,0.302,0,0.0,0,0,0
C101782,20,58,57,North,app,Basic,4,13.09,0.228,1,0.122,0,0,0
C101783,8,69,56,North,app,Plus,8,3.96,0.277,0,0.0,1,0,0
C101784,8,42,51,East,store,Plus,10,7.33,0.267,0,0.033,0,0,0
C101785,23,37,64,North,web,Plus,3,14.15,0.074,0,0.062,1,0,1
C101786,2,47,70,West,web,Basic,2,9.58,0.076,0,0.093,1,0,0
C101787,20,36,27,North,web,Premium,5,9.22,0.147,0,0.141,1,0,0
C101788,11,28,10,East,web,Plus,4,8.16,0.171,1,0.159,0,1,1
C101789,3,22,37,Center,app,Premium,3,17.84,0.0,1,0.188,0,0,0
C101790,13,55,67,South,app,Basic,10,9.09,0.148,0,0.153,0,0,0
C101791,17,63,37,East,store,Plus,7,12.55,0.084,0,0.213,0,1,0
C101792,16,47,70,Center,web,Basic,3,14.92,0.241,1,0.0,0,0,1
C101793,10,56,7,East,app,Basic,4,9.95,0.196,1,0.233,0,0,0
C101794,16,24,34,East,store,Basic,5,8.78,0.0,1,0.125,0,1,0
C101795,7,49,1,South,web,Plus,11,20.74,0.425,1,0.023,0,1,0
C101796,12,56,50,South,app,Basic,6,14.41,0.0,0,0.0,0,1,0
C101797,2,53,38,Center,app,Basic,4,15.44,0.415,0,0.1,1,1,0
C101798,19,19,19,West,store,Basic,5,9.7,0.156,0,0.073,0,0,0
C101799,15,23,36,Center,store,Plus,5,23.14,0.575,0,0.008,1,0,0
C101800,4,74,46,Center,app,Basic,8,14.75,0.192,2,0.003,1,0,0
C101801,15,32,62,South,web,Basic,8,7.93,0.281,2,0.089,0,0,0
C101802,5,31,71,West,app,Basic,6,5.51,0.179,0,0.212,0,0,0
C101803,7,51,13,West,web,Premium,3,16.66,0.075,0,0.0,0,0,0
C101804,20,59,4,South,app,Basic,3,7.5,0.0,0,0.0,0,0,0
C101805,7,72,61,Center,web,Basic,1,17.2,0.064,0,0.0,0,0,1
C101806,10,60,41,East,app,Premium,5,4.87,0.102,0,0.0,0,0,1
C101807,11,64,20,South,app,Basic,5,9.77,0.194,0,0.118,1,0,0
C101808,8,70,46,East,app,Plus,7,18.0,0.273,0,0.007,0,0,0
C101809,16,54,39,East,store,Basic,6,10.31,0.237,1,0.012,1,0,1
C101810,16,52,49,East,app,Basic,5,14.7,0.19,0,0.116,0,0,0
C101811,8,47,51,West,app,Plus,4,11.7,0.282,1,0.071,0,0,1
C101812,1,29,63,South,app,Basic,3,16.49,0.223,1,0.136,0,1,0
C101813,12,18,11,West,app,Basic,4,12.34,0.383,0,0.079,0,1,0
C101814,12,24,61,South,web,Basic,3,11.94,0.457,0,0.125,0,1,0
C101815,24,68,68,North,app,Plus,4,16.32,0.187,3,0.024,0,1,0
C101816,15,35,32,South,web,Basic,2,10.97,0.202,0,0.0,1,0,0
C101817,24,21,69,East,app,Basic,6,13.78,0.298,0,0.0,0,0,0
C101818,9,25,45,Center,app,Basic,6,22.38,0.222,1,0.235,0,1,0
C101819,16,25,69,North,web,Plus,3,11.64,0.218,1,0.031,0,0,0
C101820,9,39,39,Center,app,Premium,5,16.91,0.059,0,0.0,0,1,0
C101821,14,57,1,East,web,Plus,5,9.89,0.116,0,0.255,1,1,1
C101822,14,63,12,North,store,Basic,5,8.72,0.237,1,0.015,0,1,1
C101823,16,64,46,North,web,Premium,6,11.33,0.217,0,0.081,0,1,0
C101824,22,72,67,West,app,Basic,4,16.12,0.048,0,0.043,0,1,0
C101825,5,62,48,West,web,Plus,5,16.81,0.0,2,0.145,0,0,0
C101826,6,33,48,West,web,Plus,6,14.43,0.103,1,0.0,0,0,0
C101827,1,43,63,East,app,Plus,6,10.51,0.141,1,0.005,0,0,0
C101828,20,54,22,East,store,Plus,4,14.31,0.15,0,0.095,0,0,0
C101829,15,28,15,South,app,Basic,3,11.84,0.031,0,0.173,1,0,1
C101830,15,57,63,South,app,Plus,9,19.51,0.0,0,0.0,1,1,0
C101831,2,20,9,East,web,Basic,5,14.85,0.135,0,0.266,0,0,1
C101832,20,30,23,Center,app,Premium,3,12.98,0.179,0,0.088,1,0,1
C101833,18,66,58,North,app,Plus,2,12.1,0.445,0,0.031,0,0,0
C101834,1,36,18,East,app,Plus,8,10.38,0.139,0,0.052,0,0,0
C101835,14,73,19,South,app,Premium,3,12.38,0.155,0,0.102,0,0,1
C101836,15,65,64,West,web,Premium,8,19.73,0.314,1,0.077,0,0,0
C101837,15,31,5,Center,app,Basic,6,6.62,0.274,0,0.0,0,0,0
C101838,10,70,49,Center,web,Premium,4,14.11,0.24,1,0.043,0,0,0
C101839,11,67,7,North,app,Premium,5,14.52,0.0,0,0.152,1,0,1
C101840,13,74,9,North,store,Basic,9,7.07,0.187,0,0.0,0,0,1
C101841,18,40,46,North,app,Basic,6,15.41,0.279,0,0.099,0,0,0
C101842,3,69,40,South,web,Basic,7,14.95,0.232,0,0.033,0,1,0
C101843,7,35,39,West,web,Plus,4,5.98,0.068,0,0.0,0,0,0
C101844,3,38,19,North,web,Plus,3,16.29,0.0,0,0.072,0,0,1
C101845,14,46,54,North,app,Basic,3,10.92,0.342,0,0.172,0,0,0
C101846,15,38,11,East,web,Plus,3,10.05,0.299,0,0.158,0,0,0
C101847,22,18,58,Center,web,Plus,6,8.54,0.193,0,0.087,0,0,0
C101848,3,58,41,North,app,Plus,4,12.3,0.212,0,0.103,0,1,0
C101849,3,43,1,West,app,Basic,6,16.86,0.07,1,0.162,0,1,1
C101850,7,64,36,North,app,Basic,2,9.46,0.347,0,0.048,0,0,0
C101851,23,29,67,Center,app,Basic,6,17.65,0.218,0,0.076,0,0,0
C101852,5,30,35,East,web,Plus,2,20.68,0.425,2,0.102,0,1,0
C101853,11,58,63,East,store,Basic,5,16.84,0.2,0,0.174,0,0,0
C101854,1,57,3,West,app,Basic,6,8.8,0.229,0,0.0,1,1,0
C101855,24,46,67,South,store,Basic,3,14.02,0.165,1,0.109,0,0,1
C101856,2,52,18,North,app,Plus,4,10.17,0.189,0,0.139,1,1,1
C101857,23,67,55,North,store,Basic,7,6.22,0.326,2,0.084,0,0,1
C101858,23,68,5,South,app,Plus,11,13.06,0.334,2,0.139,0,0,0
C101859,21,69,28,South,app,Premium,7,3.81,0.175,1,0.095,0,0,0
C101860,1,74,51,Center,web,Plus,6,12.21,0.257,0,0.0,0,0,0
C101861,11,36,18,North,store,Basic,2,7.4,0.287,0,0.046,0,0,0
C101862,22,63,68,Center,web,Basic,5,5.59,0.264,0,0.029,0,1,1
C101863,23,33,65,Center,web,Plus,3,10.44,0.158,0,0.0,0,0,0
C101864,21,67,26,Center,app,Premium,4,9.31,0.065,0,0.009,0,0,0
C101865,5,71,30,Center,store,Basic,4,17.0,0.115,2,0.224,0,0,0
C101866,9,43,71,East,web,Basic,6,16.84,0.144,0,0.028,0,1,1
C101867,10,46,35,Center,web,Basic,7,20.64,0.499,0,0.016,1,0,1
C101868,20,24,66,East,app,Basic,4,12.88,0.0,0,0.153,2,0,0
C101869,14,23,50,South,store,Plus,4,10.6,0.187,0,0.055,0,0,0
C101870,20,29,34,Center,web,Basic,9,12.11,0.321,0,0.138,0,1,0
C101871,12,20,49,West,web,Basic,4,16.47,0.0,0,0.0,0,0,0
C101872,18,40,39,South,app,Premium,2,11.87,0.253,0,0.0,1,1,0
C101873,21,74,50,East,app,Basic,6,17.19,0.06,0,0.167,0,0,0
C101874,14,58,27,Center,app,Basic,8,10.82,0.002,0,0.063,0,0,0
C101875,15,51,45,West,app,Basic,4,9.93,0.185,0,0.291,0,0,0
C101876,6,59,44,South,web,Basic,4,17.37,0.203,0,0.3,0,1,0
C101877,10,21,37,Center,app,Plus,3,15.1,0.175,1,0.064,0,1,1
C101878,16,55,38,Center,app,Basic,0,14.55,0.176,1,0.0,1,0,1
C101879,11,47,55,North,app,Plus,5,11.84,0.0,0,0.064,0,0,0
C101880,23,24,15,North,web,Basic,4,10.99,0.321,1,0.164,0,0,1
C101881,1,46,29,North,app,Basic,7,12.94,0.205,1,0.273,0,0,0
C101882,3,55,44,Center,web,Plus,5,8.1,0.131,0,0.254,1,1,0
C101883,9,42,19,South,app,Basic,6,10.94,0.229,0,0.141,0,1,1
C101884,9,70,57,Center,web,Plus,7,8.14,0.052,1,0.12,0,0,1
C101885,5,72,65,North,app,Basic,6,13.36,0.033,0,0.162,1,0,1
C101886,2,38,36,North,app,Premium,9,7.9,0.073,0,0.0,0,1,0
C101887,21,72,61,North,web,Premium,5,5.39,0.143,0,0.166,0,1,0
C101888,9,31,4,North,web,Basic,8,10.04,0.021,0,0.088,0,0,0
C101889,1,25,51,Center,web,Premium,8,8.21,0.12,0,0.034,2,0,0
C101890,8,54,32,South,web,Plus,2,9.54,0.067,1,0.026,0,0,1
C101891,1,26,12,North,web,Plus,4,6.49,0.113,0,0.0,0,1,1
C101892,21,36,62,West,app,Premium,9,22.6,0.358,0,0.025,1,0,0
C101893,14,41,4,West,app,Plus,12,11.67,0.128,0,0.086,1,1,1
C101894,24,57,71,South,app,Plus,2,18.92,0.129,0,0.029,0,0,0
C101895,24,65,66,North,app,Basic,10,13.87,0.287,0,0.0,0,0,0
C101896,19,68,54,North,web,Plus,6,11.67,0.183,0,0.041,0,0,0
C101897,22,53,67,South,store,Basic,3,7.29,0.346,1,0.015,0,1,0
C101898,12,72,51,West,store,Plus,4,15.76,0.109,0,0.055,0,0,0
C101899,11,59,20,West,web,Plus,10,13.79,0.206,1,0.0,0,1,0
C101900,4,67,62,East,web,Plus,7,12.75,0.038,0,0.158,0,0,0
C101901,13,50,45,West,app,Plus,8,12.18,0.193,1,0.073,0,0,0
C101902,11,24,46,North,web,Basic,5,8.03,0.273,0,0.031,1,1,0
C101903,19,29,2,South,app,Plus,5,7.64,0.139,0,0.0,1,0,1
C101904,18,41,28,Center,store,Basic,6,12.51,0.221,1,0.082,0,1,0
C101905,7,64,28,North,app,Plus,6,14.13,0.255,1,0.18,0,1,0
C101906,13,41,23,South,app,Basic,4,18.94,0.0,2,0.077,0,0,0
C101907,18,18,50,South,app,Basic,4,4.07,0.113,0,0.0,1,1,0
C101908,15,42,71,West,app,Plus,8,13.89,0.29,0,0.0,0,0,0
C101909,23,57,26,North,web,Basic,4,11.72,0.18,0,0.157,0,0,0
C101910,5,74,20,Center,app,Premium,6,8.74,0.154,0,0.101,0,0,0
C101911,14,29,58,North,app,Premium,9,10.92,0.177,0,0.177,0,0,0
C101912,14,35,27,Center,app,Plus,6,14.69,0.17,0,0.075,1,0,0
C101913,17,44,65,Center,store,Basic,2,10.41,0.1,0,0.162,0,1,0
C101914,14,45,55,Center,store,Basic,6,11.35,0.139,0,0.0,0,1,0
C101915,21,73,10,West,app,Basic,9,10.7,0.189,0,0.0,0,0,0
C101916,7,40,26,Center,store,Plus,1,11.5,0.348,0,0.057,0,0,0
C101917,20,48,49,Center,app,Premium,4,22.89,0.158,0,0.376,0,0,0
C101918,1,32,2,North,app,Basic,2,21.42,0.057,0,0.095,0,1,1
C101919,23,21,27,Center,web,Basic,1,16.77,0.155,0,0.118,1,1,1
C101920,6,40,10,North,app,Basic,3,5.07,0.277,0,0.118,0,0,0
C101921,13,42,13,South,store,Premium,3,19.72,0.232,0,0.134,0,1,0
C101922,13,27,61,Center,store,Basic,4,10.83,0.08,0,0.02,1,0,0
C101923,12,55,25,Center,app,Basic,6,13.37,0.215,0,0.097,1,0,0
C101924,16,36,57,South,app,Basic,3,10.01,0.167,0,0.008,0,0,0
C101925,14,21,35,North,app,Basic,6,14.07,0.225,0,0.033,0,1,0
C101926,23,48,62,West,store,Basic,2,7.7,0.291,0,0.0,2,0,0
C101927,1,32,64,North,store,Plus,1,16.54,0.209,0,0.041,1,1,1
C101928,12,59,53,Center,app,Basic,6,14.38,0.063,0,0.255,0,0,0
C101929,13,19,55,West,store,Basic,2,9.97,0.0,0,0.059,0,0,1
C101930,12,61,10,North,web,Plus,10,11.54,0.101,0,0.113,0,1,0
C101931,17,48,1,North,app,Premium,4,8.36,0.268,0,0.104,1,0,0
C101932,3,59,63,Center,app,Basic,6,12.06,0.206,0,0.134,1,0,0
C101933,17,39,5,South,store,Basic,8,11.35,0.009,0,0.197,1,0,0
C101934,9,68,3,Center,app,Basic,7,9.98,0.0,1,0.0,1,1,0
C101935,22,46,71,Center,app,Basic,8,8.46,0.167,0,0.142,0,0,0
C101936,18,74,12,East,app,Basic,7,11.79,0.0,0,0.142,0,0,0
C101937,18,34,40,South,app,Basic,4,10.66,0.2,0,0.108,0,0,0
C101938,9,66,3,Center,web,Basic,3,11.7,0.164,0,0.13,0,1,0
C101939,8,55,44,South,web,Plus,4,9.21,0.0,0,0.146,1,0,0
C101940,5,70,19,East,app,Basic,5,18.0,0.155,1,0.0,0,0,0
C101941,9,27,26,South,app,Premium,11,10.03,0.07,1,0.027,2,0,1
C101942,6,47,3,Center,web,Plus,8,17.09,0.11,0,0.128,0,0,0
C101943,7,69,60,South,app,Premium,4,12.46,0.215,0,0.0,1,0,0
C101944,16,31,70,South,app,Basic,2,15.3,0.019,1,0.085,0,1,1
C101945,7,72,40,North,store,Premium,7,3.68,0.307,0,0.0,0,0,0
C101946,2,73,15,West,app,Basic,6,19.62,0.34,0,0.153,0,1,1
C101947,15,46,43,North,store,Basic,5,4.85,0.109,0,0.029,0,1,0
C101948,8,59,13,East,web,Premium,5,10.2,0.309,0,0.164,0,1,0
C101949,8,44,18,Center,app,Basic,8,9.14,0.0,0,0.099,0,1,0
C101950,4,55,55,East,app,Basic,5,16.13,0.112,0,0.082,0,0,0
C101951,16,66,56,South,app,Basic,1,15.35,0.0,0,0.188,0,1,1
C101952,1,60,11,East,store,Plus,3,7.95,0.101,0,0.0,0,1,1
C101953,22,34,16,Center,web,Basic,5,14.71,0.439,1,0.114,0,0,0
C101954,12,51,66,Center,app,Plus,6,15.61,0.0,1,0.056,0,0,0
C101955,1,63,10,East,web,Basic,4,9.72,0.312,0,0.0,0,0,1
C101956,20,51,31,East,app,Basic,4,10.88,0.23,0,0.077,1,1,1
C101957,1,34,43,South,store,Basic,7,11.26,0.0,0,0.055,0,0,0
C101958,1,60,3,West,app,Premium,5,11.89,0.255,1,0.101,0,0,0
C101959,22,59,60,East,app,Premium,5,14.42,0.041,0,0.095,0,0,0
C101960,20,54,51,West,app,Basic,5,14.9,0.094,0,0.073,1,1,0
C101961,2,37,21,North,app,Plus,2,9.65,0.317,0,0.0,1,1,0
C101962,21,50,71,West,web,Basic,1,12.23,0.276,0,0.291,0,1,0
C101963,23,52,22,East,web,Basic,7,13.15,0.002,0,0.045,0,0,0
C101964,11,30,55,West,store,Basic,3,12.09,0.202,0,0.0,0,0,0
C101965,4,70,11,Center,app,Basic,7,5.82,0.155,1,0.085,1,0,0
C101966,7,51,55,South,app,Basic,2,7.27,0.167,0,0.042,0,0,0
C101967,8,21,43,West,app,Basic,7,9.04,0.35,1,0.0,1,0,0
C101968,3,33,58,South,web,Premium,8,10.23,0.182,1,0.003,0,1,0
C101969,9,64,55,Center,app,Basic,6,14.76,0.359,0,0.0,0,0,0
C101970,21,57,46,Center,store,Basic,4,8.25,0.136,0,0.082,1,0,1
C101971,7,48,9,West,app,Basic,5,21.47,0.264,0,0.083,0,1,0
C101972,11,46,33,South,web,Plus,6,7.14,0.062,2,0.116,0,0,1
C101973,11,39,38,North,app,Plus,3,12.01,0.12,0,0.0,0,1,0
C101974,24,71,67,Center,app,Basic,6,11.85,0.05,1,0.0,0,1,0
C101975,7,37,39,South,store,Plus,6,7.42,0.203,0,0.134,1,0,0
C101976,16,65,65,North,web,Plus,1,15.69,0.064,2,0.201,1,0,0
C101977,6,21,8,Center,app,Premium,5,13.31,0.067,0,0.105,0,1,0
C101978,6,48,25,South,web,Basic,5,9.79,0.137,1,0.185,0,0,1
C101979,3,32,38,North,app,Basic,6,10.57,0.062,0,0.002,0,0,0
C101980,17,42,60,Center,app,Plus,5,7.22,0.28,0,0.0,0,0,0
C101981,24,53,20,West,app,Basic,5,16.03,0.0,1,0.212,0,0,1
C101982,14,21,32,North,app,Plus,2,12.32,0.063,0,0.131,0,0,0
C101983,23,23,15,North,app,Basic,1,8.89,0.225,0,0.083,0,0,1
C101984,17,51,62,East,app,Basic,5,15.41,0.387,1,0.0,0,1,0
C101985,19,56,70,South,web,Basic,0,4.23,0.261,0,0.185,0,1,0
C101986,20,21,61,Center,app,Plus,6,13.6,0.17,0,0.0,0,0,0
C101987,2,72,7,West,web,Basic,4,14.19,0.214,0,0.0,0,0,0
C101988,3,42,50,North,web,Basic,3,11.89,0.204,0,0.0,0,0,0
C101989,1,73,25,North,web,Basic,4,13.68,0.148,1,0.0,0,0,0
C101990,8,25,39,East,store,Basic,3,15.92,0.154,1,0.002,1,0,0
C101991,14,68,44,South,web,Basic,2,16.11,0.025,0,0.157,0,1,0
C101992,20,54,43,Center,web,Premium,1,9.16,0.285,0,0.164,0,0,0
C101993,1,63,29,South,web,Premium,7,15.67,0.132,1,0.0,0,0,0
C101994,12,64,40,North,web,Premium,4,10.19,0.307,0,0.167,1,0,0
C101995,18,28,2,Center,store,Premium,5,9.89,0.275,1,0.134,0,1,1
C101996,3,27,42,South,web,Premium,4,13.73,0.103,0,0.05,0,0,0
C101997,18,73,62,East,app,Basic,2,9.91,0.0,0,0.036,0,0,0
C101998,13,42,64,Center,app,Plus,8,14.88,0.144,0,0.053,1,0,1
C101999,8,29,17,North,app,Plus,6,14.48,0.305,1,0.0,1,0,1
C102000,13,53,8,North,store,Premium,6,14.82,0.534,0,0.168,0,0,0
C102001,21,67,30,Center,app,Plus,7,8.4,0.134,0,0.163,0,0,0
C102002,16,33,23,South,app,Basic,2,13.02,0.211,0,0.176,0,0,0
C102003,21,68,65,East,store,Basic,3,15.55,0.125,0,0.0,1,0,0
C102004,24,21,51,East,web,Basic,4,16.13,0.288,0,0.193,0,1,1
C102005,3,53,69,West,web,Plus,6,19.67,0.0,0,0.07,0,1,0
C102006,20,39,36,East,app,Premium,11,16.55,0.314,0,0.086,1,0,0
C102007,1,47,65,South,app,Basic,8,6.82,0.273,0,0.03,0,1,0
C102008,17,52,51,South,app,Basic,6,11.62,0.132,1,0.0,0,0,0
C102009,22,29,30,South,app,Premium,3,12.64,0.018,0,0.056,0,1,1
C102010,22,20,2,East,store,Premium,8,6.83,0.158,0,0.035,0,0,1
C102011,8,47,53,West,web,Premium,4,9.93,0.239,0,0.005,0,0,0
C102012,17,72,6,North,web,Plus,4,7.06,0.0,0,0.105,0,0,1
C102013,13,34,61,South,web,Premium,11,10.22,0.299,0,0.213,1,0,0
C102014,12,49,21,North,app,Basic,2,18.05,0.206,1,0.0,0,1,0
C102015,1,25,15,North,app,Basic,8,12.13,0.047,2,0.07,0,1,0
C102016,23,37,45,West,web,Premium,2,7.83,0.396,0,0.046,0,0,0
C102017,15,25,69,Center,web,Premium,5,5.83,0.222,1,0.125,0,1,0
C102018,8,24,50,South,store,Basic,4,9.64,0.267,1,0.022,0,1,1
C102019,14,63,8,North,app,Plus,4,20.92,0.134,0,0.074,0,1,0
C102020,4,69,22,South,app,Basic,10,10.04,0.209,0,0.2,0,1,0
C102021,16,70,47,North,store,Basic,3,10.69,0.059,0,0.151,0,1,0
C102022,5,59,14,South,app,Premium,6,23.37,0.0,1,0.065,0,0,1
C102023,17,26,17,West,app,Premium,7,13.98,0.313,0,0.202,1,1,0
C102024,16,70,36,East,web,Basic,5,10.09,0.249,3,0.112,0,0,1
C102025,21,18,16,South,store,Plus,2,11.66,0.066,0,0.302,0,1,0
C102026,11,33,38,South,store,Plus,4,7.46,0.119,0,0.101,0,1,0
C102027,13,33,10,Center,web,Plus,1,15.89,0.173,0,0.018,0,1,1
C102028,3,60,21,East,app,Plus,5,11.87,0.362,1,0.139,0,0,0
C102029,11,25,67,Center,app,Plus,3,6.72,0.23,1,0.0,1,0,1
C102030,18,73,54,Center,web,Basic,5,6.75,0.284,0,0.141,0,1,1
C102031,20,28,10,South,web,Premium,1,8.98,0.0,0,0.111,1,0,1
C102032,5,67,23,West,app,Plus,6,7.54,0.026,0,0.0,0,0,0
C102033,4,51,65,East,web,Plus,4,13.01,0.235,2,0.0,0,0,0
C102034,24,32,70,South,store,Basic,6,3.54,0.306,0,0.059,0,0,1
C102035,15,42,12,North,app,Basic,4,17.26,0.253,0,0.105,0,0,0
C102036,4,24,66,East,web,Plus,7,16.02,0.239,0,0.05,0,0,0
C102037,7,42,24,Center,app,Basic,8,3.27,0.356,0,0.138,1,0,0
C102038,20,57,10,South,web,Plus,5,7.21,0.194,0,0.0,1,1,0
C102039,8,29,16,South,app,Basic,2,12.34,0.0,0,0.092,0,0,1
C102040,15,72,38,East,store,Basic,6,14.57,0.129,0,0.018,1,0,0
C102041,14,55,71,North,app,Basic,2,15.94,0.087,0,0.056,0,0,0
C102042,23,38,69,North,web,Basic,8,11.91,0.075,0,0.0,0,0,0
C102043,10,34,7,Center,app,Plus,5,12.52,0.38,0,0.0,0,1,1
C102044,12,62,27,North,app,Premium,3,7.62,0.159,0,0.0,0,1,0
C102045,17,40,62,East,store,Basic,7,13.99,0.0,0,0.0,0,0,0
C102046,3,71,68,North,app,Basic,4,8.64,0.032,0,0.092,0,1,0
C102047,14,44,22,North,store,Plus,4,10.71,0.194,0,0.007,0,0,0
C102048,20,57,18,South,store,Basic,4,9.17,0.083,2,0.0,0,0,1
C102049,6,69,68,North,web,Premium,4,12.74,0.242,0,0.124,0,0,0
C102050,17,72,28,East,web,Plus,4,18.32,0.248,0,0.127,1,0,0
C102051,6,32,54,Center,app,Plus,5,14.27,0.151,0,0.079,0,1,0
C102052,3,42,25,Center,web,Basic,3,7.81,0.157,0,0.129,0,0,0
C102053,14,58,19,South,web,Plus,3,16.7,0.0,0,0.083,0,0,1
C102054,24,41,64,West,web,Plus,3,16.28,0.0,1,0.051,0,0,0
C102055,11,35,37,Center,web,Plus,8,6.94,0.163,1,0.053,0,1,0
C102056,8,53,38,Center,app,Plus,8,9.6,0.209,0,0.085,0,0,0
C102057,16,68,12,Center,app,Basic,5,16.02,0.178,1,0.0,1,1,0
C102058,19,44,19,East,web,Basic,7,9.68,0.0,0,0.077,0,1,0
C102059,17,40,29,West,app,Basic,3,10.74,0.045,0,0.0,0,1,0
C102060,18,61,36,North,web,Basic,3,16.73,0.13,0,0.009,0,0,0
C102061,20,46,2,North,app,Basic,5,15.64,0.137,1,0.089,1,0,1
C102062,23,35,22,Center,app,Premium,2,17.37,0.258,0,0.145,0,0,0
C102063,17,68,49,Center,app,Plus,5,8.66,0.043,1,0.0,0,0,1
C102064,2,52,41,East,web,Basic,1,19.42,0.139,0,0.148,0,1,0
C102065,19,56,43,East,store,Premium,6,2.79,0.0,1,0.12,0,0,0
C102066,6,64,63,East,store,Basic,3,13.51,0.056,0,0.054,0,1,0
C102067,11,23,20,Center,web,Basic,1,13.25,0.164,0,0.151,0,1,0
C102068,13,66,4,Center,web,Basic,7,8.96,0.214,0,0.025,0,0,0
C102069,14,25,1,West,app,Basic,6,6.16,0.191,1,0.113,0,1,0
C102070,3,18,64,North,app,Basic,6,11.67,0.391,0,0.231,1,0,0
C102071,21,74,67,North,store,Plus,1,14.77,0.016,0,0.0,1,0,0
C102072,16,33,38,North,app,Basic,7,8.59,0.306,1,0.083,0,0,0
C102073,21,19,9,East,app,Plus,5,13.59,0.264,0,0.183,0,1,0
C102074,11,58,5,South,app,Plus,4,13.39,0.0,0,0.108,1,0,0
C102075,4,35,24,East,web,Premium,3,10.46,0.13,1,0.0,0,0,0
C102076,20,41,8,South,store,Plus,5,9.13,0.027,1,0.0,0,0,1
C102077,5,72,2,East,app,Basic,5,17.45,0.028,0,0.075,0,1,0
C102078,17,50,20,South,web,Basic,8,8.23,0.279,0,0.095,0,0,0
C102079,19,18,28,Center,web,Basic,7,16.02,0.246,0,0.007,0,0,0
C102080,22,56,59,North,web,Basic,9,8.73,0.234,0,0.207,0,1,0
C102081,21,27,29,Center,store,Plus,10,11.25,0.143,2,0.236,0,0,0
C102082,1,36,51,North,web,Plus,9,12.21,0.349,0,0.183,0,1,0
C102083,15,30,38,West,web,Basic,5,17.35,0.21,0,0.023,0,0,0
C102084,21,70,60,East,app,Plus,5,10.19,0.046,1,0.154,0,0,0
C102085,15,22,23,Center,web,Plus,8,15.38,0.001,0,0.0,0,0,0
C102086,22,48,70,South,web,Plus,4,9.69,0.148,0,0.0,1,0,1
C102087,7,44,18,Center,app,Basic,7,17.77,0.436,0,0.0,0,1,1
C102088,1,49,9,South,app,Plus,9,8.52,0.176,0,0.196,0,0,0
C102089,18,51,56,West,web,Premium,5,16.51,0.103,0,0.026,0,0,0
C102090,18,23,40,Center,app,Premium,7,16.69,0.095,0,0.0,2,0,0
C102091,10,36,20,South,web,Basic,4,7.4,0.125,0,0.177,1,0,1
C102092,3,50,12,South,web,Premium,11,16.89,0.185,0,0.105,0,0,0
C102093,16,24,24,West,app,Premium,1,8.73,0.234,2,0.217,0,0,1
C102094,5,64,46,North,app,Premium,3,9.17,0.258,0,0.106,0,0,0
C102095,12,64,35,South,web,Premium,6,7.81,0.157,0,0.127,0,1,0
C102096,9,48,9,North,app,Basic,3,8.61,0.416,0,0.224,0,0,1
C102097,24,63,20,South,web,Basic,4,11.08,0.127,0,0.164,1,1,0
C102098,9,42,37,West,app,Plus,7,15.11,0.0,1,0.0,0,1,1
C102099,14,50,52,East,store,Premium,2,20.32,0.274,1,0.072,0,1,0
C102100,19,44,42,North,app,Premium,5,12.81,0.229,0,0.036,1,1,0
C102101,5,25,6,West,store,Basic,2,6.93,0.265,2,0.0,0,1,1
C102102,4,28,10,South,app,Basic,3,15.27,0.168,0,0.0,0,0,0
C102103,21,48,23,South,app,Plus,7,5.85,0.255,0,0.163,0,0,0
C102104,9,22,50,West,app,Basic,6,14.14,0.088,1,0.0,0,1,0
C102105,20,53,30,South,web,Basic,6,9.05,0.147,1,0.235,1,0,1
C102106,19,36,9,Center,app,Premium,2,9.21,0.12,0,0.084,0,1,0
C102107,11,42,19,Center,web,Basic,5,6.49,0.419,0,0.152,0,1,1
C102108,12,69,42,East,app,Premium,5,15.74,0.238,0,0.0,0,1,0
C102109,3,67,60,Center,store,Basic,6,12.87,0.176,1,0.161,0,0,0
C102110,20,44,17,North,web,Basic,1,11.62,0.302,0,0.181,1,0,0
C102111,13,40,26,Center,store,Basic,4,4.7,0.181,0,0.108,0,0,1
C102112,3,64,17,North,web,Plus,3,9.23,0.0,0,0.031,0,0,1
C102113,7,47,30,North,app,Basic,5,8.85,0.178,0,0.088,1,0,0
C102114,17,60,33,North,store,Premium,5,16.53,0.0,0,0.238,1,0,0
C102115,13,24,34,South,store,Plus,4,17.92,0.0,0,0.091,0,0,0
C102116,8,58,11,Center,web,Basic,8,15.79,0.103,1,0.311,1,1,0
C102117,20,50,59,North,web,Basic,5,18.22,0.464,0,0.0,1,0,0
C102118,6,30,40,East,app,Premium,7,16.88,0.297,1,0.199,0,0,0
C102119,14,61,16,South,app,Basic,0,10.44,0.314,0,0.235,0,0,0
C102120,8,48,30,East,web,Basic,4,12.62,0.0,0,0.17,0,0,0
C102121,24,59,59,North,web,Basic,7,5.28,0.224,0,0.189,1,1,0
C102122,24,65,52,South,app,Basic,7,14.6,0.112,2,0.084,0,0,0
C102123,4,32,68,Center,web,Basic,8,14.65,0.002,0,0.089,1,1,0
C102124,5,64,40,Center,web,Plus,3,6.81,0.052,0,0.003,1,0,0
C102125,13,74,19,Center,app,Premium,6,15.54,0.233,0,0.0,0,0,0
C102126,20,47,11,South,app,Plus,4,11.03,0.011,0,0.037,0,0,0
C102127,8,59,13,South,app,Plus,11,4.13,0.371,0,0.246,0,1,0
C102128,10,61,39,West,store,Basic,7,11.44,0.219,1,0.192,0,0,0
C102129,24,42,57,South,app,Basic,4,15.17,0.229,0,0.091,0,1,1
C102130,22,63,48,Center,store,Plus,3,9.72,0.106,0,0.068,0,1,1
C102131,4,41,23,East,app,Plus,8,12.19,0.272,1,0.046,0,0,1
C102132,24,68,21,North,web,Premium,2,13.75,0.207,0,0.146,0,0,1
C102133,11,62,17,East,web,Basic,5,10.09,0.321,1,0.079,1,0,0
C102134,11,48,20,South,app,Premium,4,9.66,0.253,0,0.288,0,0,0
C102135,5,28,6,Center,app,Basic,3,5.51,0.316,0,0.144,1,0,1
C102136,7,65,12,East,web,Plus,8,13.2,0.141,1,0.079,0,0,0
C102137,13,54,44,North,web,Plus,10,12.35,0.379,0,0.06,0,1,0
C102138,11,50,17,North,web,Premium,7,18.91,0.212,1,0.123,0,1,0
C102139,24,58,67,Center,web,Basic,1,14.05,0.209,1,0.071,1,1,0
C102140,16,74,10,South,web,Plus,6,11.37,0.358,1,0.179,0,0,0
C102141,2,47,63,South,app,Premium,2,6.5,0.039,1,0.218,0,1,0
C102142,4,39,60,Center,store,Plus,4,3.8,0.072,0,0.0,0,0,0
C102143,23,67,42,South,web,Premium,9,9.94,0.147,0,0.0,0,1,0
C102144,23,55,20,West,store,Premium,8,10.05,0.239,1,0.026,0,1,0
C102145,5,44,32,West,store,Basic,6,13.96,0.06,0,0.035,0,1,1
C102146,10,28,45,East,app,Plus,6,11.99,0.29,0,0.169,0,1,0
C102147,11,44,70,Center,app,Basic,3,12.02,0.121,1,0.154,0,1,0
C102148,17,71,21,Center,web,Premium,6,16.67,0.243,1,0.0,0,1,0
C102149,24,34,47,East,web,Basic,8,13.31,0.286,0,0.0,0,0,0
C102150,10,72,60,West,store,Plus,4,13.69,0.101,1,0.192,0,0,0
C102151,18,70,68,West,app,Basic,3,12.85,0.16,0,0.098,0,0,0
C102152,12,66,25,Center,web,Basic,3,13.76,0.0,0,0.075,0,1,0
C102153,5,36,49,Center,app,Plus,2,11.51,0.109,1,0.0,0,0,1
C102154,6,63,37,Center,app,Basic,7,18.42,0.2,0,0.179,0,1,0
C102155,4,57,50,East,web,Plus,3,12.51,0.113,0,0.019,0,1,0
C102156,6,69,25,West,web,Premium,9,14.52,0.076,0,0.205,1,1,0
C102157,2,41,50,South,app,Basic,6,17.33,0.016,0,0.155,0,0,0
C102158,6,53,63,Center,app,Basic,3,10.89,0.24,0,0.0,0,1,0
C102159,18,71,9,South,app,Plus,7,9.53,0.241,0,0.125,0,1,0
C102160,18,70,63,Center,store,Plus,4,14.51,0.097,1,0.0,0,1,0
C102161,7,72,18,South,web,Plus,1,17.34,0.176,0,0.114,0,1,0
C102162,5,23,3,North,web,Basic,4,19.14,0.0,0,0.036,0,0,1
C102163,5,19,5,North,app,Plus,6,12.09,0.138,1,0.0,0,0,0
C102164,24,23,37,Center,store,Premium,7,18.91,0.301,0,0.046,0,0,0
C102165,17,74,67,Center,app,Plus,4,11.31,0.176,1,0.0,0,1,0
C102166,18,41,12,North,app,Plus,2,11.67,0.0,1,0.0,0,1,1
C102167,20,52,71,West,web,Plus,8,14.67,0.159,0,0.136,0,0,0
C102168,16,41,6,East,app,Basic,5,11.57,0.324,0,0.0,1,0,0
C102169,23,22,43,Center,store,Plus,7,8.32,0.109,0,0.127,1,1,0
C102170,12,69,43,West,web,Basic,4,10.3,0.0,0,0.091,0,0,1
C102171,24,46,12,North,web,Basic,7,23.44,0.21,0,0.188,1,0,0
C102172,24,35,62,Center,store,Basic,5,14.28,0.021,0,0.104,0,0,1
C102173,17,20,9,West,web,Premium,4,14.73,0.258,0,0.099,0,1,0
C102174,18,24,11,West,web,Basic,5,7.78,0.1,0,0.0,0,0,0
C102175,6,49,32,East,web,Plus,5,10.57,0.0,1,0.0,1,0,1
C102176,16,61,26,North,app,Basic,4,11.37,0.282,1,0.031,0,0,0
C102177,8,28,28,South,app,Plus,5,12.62,0.355,1,0.074,0,1,0
C102178,10,48,27,North,app,Plus,8,14.72,0.267,0,0.106,0,1,0
C102179,5,38,14,North,web,Plus,7,6.43,0.239,0,0.0,0,0,0
C102180,9,55,43,West,app,Plus,1,13.07,0.087,0,0.022,1,1,0
C102181,20,35,7,North,store,Premium,3,16.43,0.278,1,0.082,0,1,1
C102182,19,68,41,North,app,Basic,4,16.77,0.252,0,0.097,0,1,0
C102183,8,52,46,North,web,Plus,7,1.0,0.292,0,0.072,1,1,0
C102184,17,28,30,East,app,Basic,4,16.44,0.234,0,0.249,0,0,0
C102185,22,64,57,South,app,Plus,6,10.18,0.218,0,0.046,0,0,1
C102186,23,54,45,North,web,Basic,4,9.03,0.133,0,0.234,0,0,0
C102187,22,71,5,Center,store,Basic,5,17.77,0.135,0,0.28,1,1,1
C102188,23,70,29,West,app,Premium,2,18.46,0.134,0,0.0,0,1,1
C102189,24,36,22,North,web,Plus,6,10.28,0.094,0,0.115,0,0,1
C102190,12,57,23,North,store,Basic,5,11.91,0.052,0,0.205,0,0,1
C102191,6,50,22,South,app,Basic,8,9.2,0.298,0,0.0,0,0,0
C102192,7,42,56,North,web,Basic,4,9.96,0.317,0,0.121,0,1,0
C102193,5,18,39,South,app,Premium,7,10.32,0.162,0,0.0,0,0,0
C102194,23,64,16,Center,web,Plus,6,4.57,0.227,0,0.024,0,1,0
C102195,17,39,43,North,store,Premium,6,10.96,0.203,0,0.044,1,0,0
C102196,19,21,29,South,app,Plus,4,17.86,0.113,0,0.216,0,0,0
C102197,11,72,30,East,web,Plus,4,8.71,0.297,0,0.12,1,0,0
C102198,1,40,9,Center,app,Basic,2,9.96,0.157,1,0.096,0,1,0
C102199,6,24,62,North,web,Plus,3,11.05,0.426,0,0.0,1,0,0
C102200,10,42,63,West,app,Basic,8,10.87,0.491,1,0.091,0,1,0
C102201,7,67,28,Center,web,Plus,8,11.22,0.032,0,0.09,0,0,0
C102202,4,60,22,Center,web,Basic,4,13.46,0.051,0,0.062,0,0,0
C102203,11,55,22,Center,app,Basic,7,14.09,0.003,0,0.188,0,1,0
C102204,6,34,35,Center,app,Premium,4,12.94,0.24,0,0.046,0,1,0
C102205,16,34,55,Center,app,Basic,9,13.86,0.154,0,0.173,0,1,0
C102206,5,32,63,West,app,Basic,7,14.93,0.24,0,0.13,0,1,0
C102207,4,62,60,North,app,Basic,5,17.04,0.0,0,0.054,0,1,0
C102208,21,63,46,East,app,Basic,5,10.67,0.12,0,0.0,0,0,0
C102209,20,34,63,South,web,Premium,6,7.09,0.288,0,0.112,0,0,0
C102210,24,35,5,North,web,Premium,3,16.62,0.123,1,0.121,0,0,1
C102211,18,69,13,North,app,Premium,3,7.84,0.232,1,0.004,0,0,0
C102212,4,73,23,South,web,Basic,8,8.47,0.2,0,0.13,1,1,0
C102213,13,22,14,South,web,Plus,3,13.78,0.192,0,0.09,0,1,0
C102214,19,32,52,Center,app,Plus,7,8.08,0.345,0,0.044,0,1,0
C102215,14,24,33,Center,app,Plus,3,9.75,0.419,0,0.105,0,0,0
C102216,15,38,16,West,app,Plus,4,14.57,0.261,1,0.127,0,1,1
C102217,3,60,69,East,web,Premium,7,12.84,0.093,0,0.103,0,0,0
C102218,23,51,19,South,app,Plus,2,16.94,0.502,2,0.085,0,1,0
C102219,10,43,45,West,web,Basic,8,13.8,0.3,0,0.215,0,0,0
C102220,21,29,43,Center,app,Plus,5,6.74,0.2,0,0.188,0,0,0
C102221,12,26,45,Center,web,Plus,7,17.04,0.052,1,0.183,0,0,0
C102222,10,61,61,East,web,Plus,8,15.07,0.281,0,0.074,0,1,0
C102223,2,47,24,Center,app,Basic,6,5.02,0.12,0,0.147,0,0,0
C102224,13,19,32,Center,app,Basic,7,9.43,0.043,0,0.0,0,1,1
C102225,19,34,71,East,app,Plus,5,11.14,0.206,0,0.231,1,0,0
C102226,12,56,37,West,app,Basic,3,19.1,0.119,0,0.012,1,0,1
C102227,2,49,13,West,web,Plus,3,11.78,0.195,1,0.073,0,0,0
C102228,23,59,4,East,app,Plus,4,12.37,0.129,0,0.083,0,1,1
C102229,21,60,40,Center,store,Plus,9,15.8,0.184,0,0.036,0,0,1
C102230,17,24,12,East,store,Basic,6,12.99,0.222,0,0.104,1,0,1
C102231,10,66,48,Center,app,Plus,6,10.63,0.0,1,0.074,1,1,0
C102232,8,52,36,Center,app,Basic,10,13.21,0.177,0,0.087,1,1,0
C102233,23,21,58,North,app,Plus,4,13.06,0.0,0,0.081,0,1,0
C102234,23,72,5,East,app,Basic,10,14.61,0.296,0,0.165,1,1,0
C102235,23,51,58,West,app,Premium,5,10.57,0.198,0,0.086,0,1,0
C102236,19,31,61,East,web,Plus,7,12.65,0.112,0,0.0,1,1,0
C102237,23,74,28,Center,web,Premium,2,14.81,0.235,1,0.213,1,0,1
C102238,19,19,43,South,app,Basic,4,7.6,0.189,0,0.164,0,1,0
C102239,4,44,20,Center,web,Plus,6,6.66,0.009,0,0.162,0,0,0
C102240,24,20,40,East,web,Premium,2,18.46,0.105,1,0.174,0,0,0
C102241,23,61,70,Center,web,Premium,7,1.11,0.124,0,0.008,0,1,0
C102242,7,62,3,Center,store,Plus,1,15.08,0.263,1,0.0,1,1,0
C102243,18,23,40,Center,web,Plus,6,7.31,0.235,1,0.041,0,1,1
C102244,12,34,45,North,web,Basic,5,14.02,0.224,0,0.0,0,1,0
C102245,5,67,21,Center,store,Plus,5,14.31,0.094,2,0.3,0,0,0
C102246,21,32,12,Center,store,Premium,4,8.0,0.048,1,0.05,1,0,1
C102247,23,51,10,Center,web,Plus,4,10.97,0.23,0,0.211,0,0,0
C102248,15,49,8,South,app,Premium,4,10.55,0.316,0,0.063,0,0,0
C102249,24,68,58,West,web,Plus,2,11.15,0.0,1,0.124,0,1,0
C102250,17,60,39,East,web,Basic,7,13.27,0.054,0,0.025,0,0,0
C102251,11,62,61,South,web,Basic,3,13.76,0.27,0,0.11,0,1,0
C102252,24,23,32,Center,app,Basic,3,13.42,0.296,0,0.157,0,0,0
C102253,18,67,41,North,web,Premium,5,11.81,0.27,0,0.059,0,0,0
C102254,7,43,67,South,app,Plus,3,14.03,0.136,1,0.017,0,0,0
C102255,22,21,28,North,app,Premium,5,17.49,0.085,0,0.124,0,0,0
C102256,17,23,36,North,store,Plus,7,9.19,0.338,0,0.0,0,0,1
C102257,6,58,47,South,store,Plus,2,19.9,0.129,0,0.081,0,0,0
C102258,19,68,46,North,app,Plus,2,15.46,0.0,0,0.047,1,1,0
C102259,10,29,70,East,web,Basic,4,12.14,0.237,0,0.016,0,0,0
C102260,6,34,59,South,app,Basic,6,13.99,0.223,0,0.051,0,1,0
C102261,9,33,42,South,store,Plus,6,12.56,0.238,0,0.287,0,0,0
C102262,2,68,40,West,app,Premium,4,2.4,0.136,0,0.116,0,1,0
C102263,18,36,56,North,web,Premium,0,8.85,0.215,1,0.068,0,1,0
C102264,11,55,54,Center,app,Basic,4,7.13,0.33,0,0.0,1,0,0
C102265,19,51,63,South,app,Basic,7,15.13,0.0,0,0.127,0,0,0
C102266,2,41,71,West,web,Plus,8,15.17,0.169,0,0.096,0,0,0
C102267,18,53,54,North,web,Basic,9,19.67,0.427,0,0.068,1,1,0
C102268,16,29,12,South,store,Basic,1,17.32,0.134,0,0.0,1,0,1
C102269,17,71,35,West,web,Plus,7,15.8,0.086,0,0.033,1,0,0
C102270,7,70,4,North,web,Basic,8,16.37,0.04,0,0.0,0,0,0
C102271,23,18,13,East,web,Basic,5,11.63,0.257,0,0.286,0,0,0
C102272,2,45,14,East,app,Basic,3,12.99,0.356,0,0.0,0,0,0
C102273,13,29,50,Center,app,Basic,3,16.35,0.153,0,0.02,0,1,0
C102274,1,43,27,South,web,Premium,6,18.78,0.19,0,0.131,0,1,0
C102275,7,38,60,West,app,Basic,4,12.65,0.249,0,0.079,0,1,0
C102276,4,67,45,Center,app,Plus,6,10.84,0.178,1,0.08,0,1,0
C102277,7,64,69,Center,app,Plus,5,14.89,0.219,0,0.06,0,0,0
C102278,16,34,2,South,app,Basic,7,16.05,0.305,0,0.122,0,0,1
C102279,5,49,11,North,app,Basic,5,9.93,0.143,1,0.0,0,0,0
C102280,16,40,58,East,app,Basic,2,5.86,0.221,0,0.053,0,1,0
C102281,21,47,9,North,web,Premium,5,9.88,0.056,0,0.093,0,0,1
C102282,1,69,21,West,app,Plus,5,13.88,0.099,1,0.092,0,0,0
C102283,1,61,46,West,app,Basic,6,14.38,0.218,0,0.028,0,0,0
C102284,8,20,31,East,store,Premium,4,13.1,0.396,0,0.077,0,1,0
C102285,3,55,59,West,app,Plus,3,19.13,0.245,0,0.227,0,0,0
C102286,14,61,9,South,app,Premium,3,4.73,0.153,0,0.065,0,0,1
C102287,17,34,6,Center,app,Basic,2,8.71,0.299,1,0.233,0,0,1
C102288,11,60,63,South,web,Plus,9,13.99,0.141,0,0.0,0,1,1
C102289,9,22,44,South,app,Plus,5,17.45,0.02,0,0.222,0,1,0
C102290,12,23,11,North,store,Basic,7,4.97,0.155,0,0.0,0,0,0
C102291,23,44,19,East,app,Plus,4,21.02,0.204,1,0.111,0,0,0
C102292,19,41,13,Center,app,Basic,9,11.31,0.355,1,0.0,0,0,1
C102293,4,68,71,South,web,Basic,9,9.49,0.038,1,0.1,0,0,0
C102294,2,65,23,Center,store,Basic,2,8.68,0.268,0,0.163,0,0,0
C102295,10,52,26,Center,store,Basic,3,15.54,0.267,0,0.141,0,0,0
C102296,23,48,71,West,app,Basic,4,22.9,0.149,0,0.156,0,1,0
C102297,5,21,6,East,web,Basic,1,11.16,0.043,0,0.0,2,1,0
C102298,22,28,61,North,app,Plus,8,18.99,0.26,1,0.023,0,1,1
C102299,6,43,56,East,web,Premium,7,10.56,0.315,0,0.008,0,1,0
C102300,22,42,8,West,web,Basic,6,15.19,0.148,0,0.071,0,1,0
C102301,3,39,22,East,app,Plus,8,15.67,0.307,1,0.0,0,0,0
C102302,10,46,64,East,web,Plus,3,12.1,0.348,0,0.057,2,1,0
C102303,5,51,30,Center,app,Plus,5,7.46,0.389,0,0.0,1,1,1
C102304,16,40,53,East,web,Plus,5,11.11,0.135,0,0.144,0,0,0
C102305,17,51,10,Center,app,Plus,3,5.25,0.058,0,0.304,0,0,0
C102306,8,24,56,West,web,Basic,3,10.33,0.27,1,0.137,0,1,1
C102307,13,72,24,East,store,Basic,7,19.14,0.13,0,0.275,0,1,0
C102308,23,47,18,Center,web,Basic,6,13.63,0.0,1,0.0,0,0,0
C102309,13,37,10,West,store,Basic,4,9.85,0.129,0,0.196,0,0,0
C102310,1,43,56,East,store,Basic,8,8.41,0.058,1,0.0,0,0,1
C102311,20,41,19,North,web,Basic,5,9.54,0.257,0,0.023,0,1,0
C102312,13,34,43,North,web,Plus,6,3.69,0.276,2,0.063,0,0,0
C102313,9,52,42,North,web,Basic,5,11.96,0.149,0,0.063,0,0,0
C102314,16,68,27,East,web,Plus,4,9.56,0.1,1,0.074,0,0,0
C102315,12,68,22,North,web,Plus,6,11.82,0.314,0,0.012,0,0,0
C102316,9,27,2,Center,web,Plus,3,13.12,0.13,0,0.075,0,0,0
C102317,20,58,48,East,store,Basic,6,8.24,0.214,0,0.192,0,1,0
C102318,9,60,36,Center,app,Basic,4,18.05,0.259,0,0.0,0,0,0
C102319,17,44,64,Center,app,Premium,5,11.0,0.198,0,0.094,0,0,0
C102320,15,57,15,North,app,Plus,3,4.03,0.103,1,0.072,0,1,0
C102321,12,64,41,North,web,Plus,7,15.89,0.417,0,0.082,0,0,0
C102322,10,23,4,South,app,Basic,5,11.01,0.034,1,0.217,1,1,0
C102323,5,45,3,North,app,Basic,2,5.9,0.067,0,0.193,0,0,1
C102324,3,19,33,West,app,Basic,3,14.5,0.181,0,0.044,0,1,0
C102325,15,72,69,North,web,Basic,1,11.53,0.242,0,0.0,0,0,0
C102326,22,48,48,Center,store,Basic,9,13.34,0.036,0,0.188,1,0,0
C102327,7,34,15,North,web,Plus,4,5.77,0.144,0,0.212,1,0,1
C102328,15,21,63,West,app,Premium,3,9.36,0.103,0,0.019,0,0,0
C102329,24,25,25,East,web,Basic,7,10.65,0.107,0,0.187,1,0,1
C102330,20,34,27,North,app,Premium,4,8.29,0.328,0,0.0,0,1,0
C102331,16,65,38,North,app,Basic,4,12.2,0.04,0,0.037,0,0,1
C102332,14,73,64,North,app,Basic,5,13.76,0.346,0,0.035,0,0,0
C102333,7,34,44,East,web,Plus,11,14.14,0.209,0,0.0,0,1,0
C102334,2,37,26,East,app,Plus,5,15.64,0.218,0,0.095,0,0,0
C102335,9,66,25,South,web,Basic,6,11.87,0.107,1,0.243,1,0,0
C102336,5,23,11,Center,app,Premium,7,9.77,0.0,0,0.0,0,0,0
C102337,16,52,32,Center,web,Premium,4,9.39,0.082,0,0.113,0,0,0
C102338,14,52,70,South,app,Basic,5,8.89,0.132,0,0.193,1,0,0
C102339,22,47,45,North,app,Basic,6,10.59,0.06,0,0.0,0,1,0
C102340,19,65,29,East,app,Plus,7,16.64,0.097,1,0.15,0,0,0
C102341,4,22,33,East,app,Basic,3,9.42,0.174,1,0.107,1,0,1
C102342,12,34,14,East,app,Plus,7,18.58,0.511,0,0.015,0,0,0
C102343,3,62,21,Center,web,Premium,1,10.06,0.088,0,0.022,0,0,1
C102344,23,35,42,North,store,Plus,8,9.03,0.161,1,0.0,0,0,1
C102345,24,21,30,West,app,Basic,9,10.55,0.2,0,0.087,0,0,0
C102346,15,44,2,West,app,Basic,3,7.73,0.14,1,0.0,0,0,1
C102347,14,73,28,East,store,Premium,7,5.85,0.0,0,0.0,0,0,1
C102348,1,63,38,East,web,Premium,5,7.19,0.247,1,0.08,0,1,0
C102349,11,67,21,Center,store,Basic,7,15.86,0.232,1,0.128,0,0,1
C102350,11,34,36,West,app,Basic,7,16.29,0.279,1,0.217,0,1,0
C102351,12,35,43,East,web,Plus,3,3.38,0.143,0,0.067,1,1,0
C102352,13,26,21,Center,web,Basic,6,15.44,0.156,0,0.07,0,0,0
C102353,14,25,37,East,web,Basic,6,11.44,0.245,0,0.23,0,1,1
C102354,2,33,23,North,app,Basic,4,11.82,0.0,0,0.03,0,0,0
C102355,9,68,30,Center,app,Basic,6,15.22,0.145,0,0.151,0,0,0
C102356,23,56,37,East,app,Plus,3,15.56,0.0,1,0.055,0,0,1
C102357,17,45,51,Center,app,Premium,6,15.82,0.061,1,0.08,0,1,0
C102358,10,44,6,South,app,Basic,7,12.73,0.205,0,0.056,0,1,0
C102359,22,25,58,South,app,Plus,5,6.9,0.219,0,0.206,0,0,0
C102360,18,45,54,West,store,Basic,5,15.89,0.053,0,0.097,1,0,0
C102361,10,46,47,North,app,Basic,4,4.74,0.226,0,0.183,1,1,0
C102362,3,61,14,East,web,Basic,6,14.06,0.0,0,0.065,0,1,0
C102363,14,32,25,Center,web,Basic,6,8.66,0.194,0,0.0,0,0,0
C102364,20,67,53,Center,app,Basic,3,5.35,0.131,0,0.034,0,1,1
C102365,7,41,67,North,app,Basic,4,13.41,0.128,0,0.093,0,0,0
C102366,20,21,70,South,app,Basic,3,11.15,0.175,1,0.051,0,1,0
C102367,14,54,8,North,web,Plus,8,7.51,0.3,0,0.08,1,1,0
C102368,24,52,49,South,store,Plus,5,13.25,0.416,0,0.276,0,1,0
C102369,4,70,58,Center,app,Basic,6,9.24,0.101,1,0.043,0,1,0
C102370,5,49,54,Center,web,Basic,8,13.4,0.0,0,0.0,0,0,0
C102371,11,63,30,West,app,Basic,6,7.2,0.189,0,0.199,0,0,0
C102372,6,31,51,North,app,Basic,4,13.4,0.171,0,0.0,0,0,1
C102373,13,27,29,South,app,Premium,7,13.93,0.189,0,0.111,0,0,0
C102374,13,54,10,Center,app,Premium,2,7.17,0.261,0,0.034,0,0,0
C102375,17,45,60,North,app,Plus,6,17.23,0.146,1,0.233,0,0,0
C102376,7,63,11,Center,app,Premium,5,5.96,0.299,0,0.08,0,1,0
C102377,21,46,47,West,app,Plus,7,13.87,0.11,0,0.036,0,1,0
C102378,12,63,27,North,app,Premium,5,8.73,0.269,0,0.126,1,0,0
C102379,19,74,70,South,app,Plus,3,9.39,0.284,0,0.0,0,0,0
C102380,5,73,26,Center,app,Premium,3,7.39,0.111,0,0.077,0,0,0
C102381,6,22,63,South,app,Plus,5,11.22,0.115,0,0.115,1,1,0
C102382,11,73,22,South,web,Plus,4,10.87,0.258,1,0.319,0,1,0
C102383,8,47,9,North,app,Plus,6,8.64,0.201,0,0.0,0,0,0
C102384,9,39,28,East,store,Premium,5,13.47,0.249,0,0.134,0,0,0
C102385,15,70,36,Center,app,Basic,7,13.99,0.264,0,0.079,1,1,0
C102386,10,27,71,North,web,Plus,8,10.95,0.306,0,0.21,0,1,0
C102387,3,40,55,North,app,Plus,8,13.67,0.193,1,0.097,0,0,1
C102388,9,65,30,West,app,Premium,5,6.51,0.255,0,0.015,1,0,0
C102389,5,32,6,West,web,Basic,6,12.87,0.221,0,0.111,1,0,0
C102390,20,71,27,Center,web,Plus,5,12.35,0.265,0,0.071,0,0,0
C102391,2,49,39,Center,app,Basic,2,22.59,0.174,2,0.0,0,0,1
C102392,2,47,34,East,app,Plus,1,8.26,0.239,0,0.0,0,0,0
C102393,15,36,71,North,store,Basic,3,13.5,0.123,1,0.081,0,0,0
C102394,9,25,21,West,web,Premium,6,9.82,0.128,1,0.158,0,0,1
C102395,4,70,17,North,app,Basic,6,16.1,0.335,0,0.237,0,0,0
C102396,8,18,21,North,app,Plus,9,13.65,0.363,1,0.022,0,0,1
C102397,24,22,9,Center,web,Basic,5,14.93,0.063,0,0.151,0,0,1
C102398,4,22,9,Center,app,Premium,4,13.65,0.36,1,0.123,0,0,0
C102399,17,29,21,North,app,Plus,5,5.24,0.237,0,0.0,1,0,1
C102400,2,59,16,Center,web,Premium,4,9.55,0.334,0,0.226,0,0,0
C102401,3,22,25,West,web,Plus,6,11.16,0.234,0,0.0,0,0,0
C102402,11,26,54,East,app,Premium,7,9.42,0.279,0,0.082,0,1,0
C102403,5,58,21,North,app,Plus,3,9.54,0.087,0,0.06,0,0,0
C102404,10,19,58,West,app,Basic,7,22.05,0.25,0,0.129,0,0,0
C102405,3,34,31,Center,web,Basic,4,8.84,0.0,0,0.048,0,1,0
C102406,14,65,11,West,app,Plus,5,15.57,0.0,1,0.164,0,1,0
C102407,2,69,60,Center,app,Basic,5,12.2,0.175,0,0.118,0,0,0
C102408,11,46,17,Center,web,Plus,5,11.52,0.254,0,0.087,0,1,0
C102409,3,68,37,South,app,Basic,2,18.07,0.138,0,0.0,0,0,0
C102410,3,68,1,Center,web,Premium,5,12.04,0.314,0,0.015,0,0,0
C102411,5,71,42,Center,app,Basic,5,7.08,0.281,2,0.063,0,1,0
C102412,4,32,51,South,web,Basic,5,12.62,0.227,1,0.1,0,0,0
C102413,16,32,8,South,app,Premium,7,9.16,0.208,0,0.02,0,1,0
C102414,17,55,32,Center,store,Basic,5,18.58,0.149,0,0.18,0,1,0
C102415,11,18,5,East,app,Basic,3,14.2,0.137,0,0.249,1,1,1
C102416,19,33,46,East,web,Plus,6,11.66,0.218,0,0.141,0,1,0
C102417,8,40,68,East,web,Basic,4,13.75,0.007,0,0.111,0,0,0
C102418,14,68,49,South,app,Premium,8,15.93,0.138,1,0.0,0,1,0
C102419,20,72,25,Center,web,Basic,6,8.49,0.06,1,0.144,0,1,0
C102420,4,37,50,East,app,Plus,7,11.84,0.182,0,0.081,0,0,0
C102421,2,61,68,North,web,Premium,4,10.44,0.269,1,0.056,0,0,0
C102422,16,49,39,North,web,Plus,2,13.12,0.372,0,0.142,0,1,1
C102423,23,21,24,South,store,Basic,7,11.34,0.144,1,0.041,1,0,1
C102424,5,40,11,North,app,Basic,7,17.37,0.033,0,0.0,0,1,0
C102425,2,58,46,North,app,Plus,10,8.39,0.38,0,0.297,0,0,0
C102426,24,58,68,South,app,Plus,7,15.99,0.149,0,0.099,0,0,0
C102427,23,70,47,West,web,Plus,8,10.37,0.33,0,0.199,1,1,0
C102428,19,53,66,North,app,Premium,7,8.14,0.413,0,0.03,0,1,0
C102429,17,73,7,Center,app,Plus,6,11.96,0.0,0,0.12,1,0,0
C102430,16,43,9,North,store,Premium,4,13.44,0.168,0,0.005,0,0,0
C102431,21,58,6,South,web,Premium,3,10.15,0.134,0,0.0,0,1,0
C102432,20,53,65,South,web,Plus,3,7.29,0.115,2,0.0,0,0,0
C102433,15,67,32,Center,app,Plus,7,9.41,0.091,0,0.273,0,1,0
C102434,2,70,46,North,app,Basic,8,16.71,0.196,0,0.245,1,1,0
C102435,18,65,10,East,web,Premium,2,13.98,0.112,0,0.186,0,1,1
C102436,10,72,3,South,app,Plus,1,1.0,0.253,0,0.0,0,0,0
C102437,12,38,22,South,app,Plus,4,8.54,0.19,0,0.101,0,0,0
C102438,8,74,58,South,app,Plus,4,11.86,0.186,0,0.126,0,0,1
C102439,22,23,14,West,store,Premium,5,10.99,0.21,0,0.135,0,0,0
C102440,17,38,59,Center,app,Basic,5,14.92,0.145,0,0.0,0,0,0
C102441,23,59,23,West,web,Plus,5,12.57,0.176,0,0.159,0,0,0
C102442,17,53,52,North,app,Premium,4,9.12,0.152,0,0.265,0,0,0
C102443,2,25,33,Center,web,Basic,6,11.07,0.125,0,0.193,0,1,1
C102444,10,56,23,North,app,Basic,8,8.7,0.268,0,0.152,0,0,1
C102445,2,39,23,Center,app,Premium,2,17.27,0.309,1,0.105,0,1,0
C102446,24,63,21,West,app,Basic,4,12.78,0.332,0,0.023,0,1,1
C102447,4,74,24,West,app,Premium,4,9.46,0.295,1,0.079,0,0,0
C102448,12,29,36,Center,web,Premium,5,8.08,0.136,0,0.253,0,0,1
C102449,15,49,35,Center,web,Basic,1,10.58,0.0,0,0.046,0,1,1
C102450,16,19,48,Center,store,Basic,5,13.26,0.204,0,0.119,0,0,0
C102451,19,47,49,West,app,Basic,7,13.62,0.0,0,0.176,0,1,0
C102452,22,65,28,Center,app,Basic,6,11.87,0.151,1,0.136,0,1,0
C102453,12,72,3,North,store,Premium,5,18.5,0.116,1,0.214,0,1,0
C102454,16,63,39,East,app,Basic,5,10.47,0.194,0,0.0,0,1,1
C102455,17,34,71,South,app,Basic,6,17.43,0.0,0,0.099,0,0,0
C102456,24,39,65,Center,web,Plus,3,19.71,0.155,0,0.037,0,0,0
C102457,4,74,31,West,app,Basic,4,13.74,0.123,1,0.041,2,1,0
C102458,14,63,66,East,web,Basic,7,7.69,0.023,0,0.063,0,0,0
C102459,3,69,66,North,web,Premium,6,14.78,0.01,0,0.087,0,1,0
C102460,22,32,27,West,store,Premium,6,7.56,0.158,0,0.147,1,0,0
C102461,13,38,1,Center,web,Plus,7,11.54,0.041,1,0.018,0,1,1
C102462,10,65,40,North,web,Plus,7,9.57,0.0,0,0.117,0,0,0
C102463,19,36,5,West,app,Basic,3,11.61,0.255,0,0.112,0,0,0
C102464,10,61,54,Center,store,Basic,11,16.93,0.201,0,0.185,0,1,0
C102465,23,25,8,East,app,Premium,6,10.57,0.236,0,0.084,0,0,1
C102466,9,21,13,East,web,Plus,4,20.33,0.409,2,0.167,1,0,1
C102467,9,70,65,North,web,Basic,8,11.99,0.267,0,0.127,1,0,0
C102468,10,35,41,West,app,Basic,3,7.9,0.283,1,0.0,0,0,0
C102469,15,28,30,South,app,Plus,5,13.05,0.042,0,0.191,0,1,0
C102470,8,32,10,North,app,Basic,2,8.0,0.245,1,0.057,0,0,1
C102471,18,18,61,South,web,Premium,7,12.19,0.212,0,0.0,0,0,0
C102472,1,61,36,North,app,Basic,5,20.34,0.332,1,0.046,0,0,1
C102473,15,68,50,West,store,Basic,3,19.08,0.318,0,0.08,1,1,0
C102474,10,18,4,South,store,Basic,4,7.32,0.345,0,0.025,0,1,0
C102475,17,52,7,Center,app,Basic,1,8.13,0.211,1,0.083,1,1,1
C102476,4,38,50,East,app,Basic,6,7.38,0.153,0,0.0,0,0,0
C102477,18,56,26,East,web,Premium,5,11.42,0.041,0,0.0,0,1,0
C102478,17,57,55,East,web,Plus,6,10.67,0.0,0,0.087,1,0,0
C102479,10,59,24,Center,app,Basic,6,13.25,0.205,0,0.231,0,0,0
C102480,7,20,20,North,web,Basic,5,6.25,0.132,1,0.252,0,0,1
C102481,17,20,33,West,web,Premium,11,11.36,0.186,0,0.05,0,1,0
C102482,13,71,8,West,web,Plus,4,8.21,0.205,0,0.097,0,0,0
C102483,3,23,54,Center,store,Basic,5,7.19,0.136,1,0.0,0,0,0
C102484,2,46,45,Center,store,Plus,2,15.56,0.168,1,0.082,0,0,0
C102485,12,46,6,Center,app,Premium,4,9.44,0.129,0,0.128,0,1,0
C102486,9,39,67,Center,store,Premium,2,19.26,0.209,1,0.0,0,1,0
C102487,24,20,66,West,store,Premium,1,7.07,0.284,0,0.137,0,1,1
C102488,17,27,50,South,web,Plus,2,13.47,0.192,0,0.115,0,0,0
C102489,24,46,34,East,app,Plus,8,13.28,0.026,0,0.0,0,0,0
C102490,17,24,33,South,store,Basic,5,18.34,0.316,0,0.115,0,0,0
C102491,12,59,26,North,web,Basic,10,21.81,0.115,0,0.0,0,1,0
C102492,12,67,43,North,app,Basic,4,21.61,0.087,0,0.0,0,0,0
C102493,20,55,50,North,app,Premium,4,16.51,0.322,0,0.122,0,0,0
C102494,1,65,62,Center,store,Basic,4,16.07,0.295,1,0.149,0,0,0
C102495,22,53,20,South,app,Plus,3,16.23,0.031,1,0.0,1,0,0
C102496,11,57,57,West,web,Premium,1,15.85,0.133,0,0.08,0,0,0
C102497,22,20,51,West,app,Plus,9,8.15,0.146,0,0.112,0,0,0
C102498,23,49,47,East,web,Basic,4,4.48,0.147,0,0.111,0,0,0
C102499,18,31,30,Center,web,Basic,2,8.26,0.093,1,0.089,0,1,1
C102500,13,28,68,Center,app,Premium,4,7.39,0.095,1,0.224,0,0,0
C102501,12,69,34,East,app,Basic,5,14.47,0.0,0,0.123,0,0,0
C102502,12,65,29,Center,app,Plus,2,15.24,0.217,0,0.069,0,1,1
C102503,7,25,14,East,app,Plus,4,10.96,0.138,0,0.077,0,0,0
C102504,23,74,30,East,app,Plus,5,9.28,0.44,0,0.328,0,0,0
C102505,11,48,15,North,store,Basic,3,15.02,0.185,0,0.17,0,0,1
C102506,22,53,21,East,web,Premium,3,16.29,0.126,0,0.077,0,0,0
C102507,23,20,62,North,web,Plus,10,13.56,0.308,0,0.0,0,0,0
C102508,13,68,54,Center,app,Basic,9,15.72,0.203,2,0.071,0,0,0
C102509,24,71,41,West,app,Basic,13,8.32,0.105,0,0.149,0,1,0
C102510,22,61,68,South,web,Basic,8,8.91,0.383,0,0.041,1,0,0
C102511,24,27,30,West,store,Basic,8,17.42,0.259,0,0.0,0,1,1
C102512,20,47,29,West,store,Basic,4,9.52,0.202,0,0.164,0,1,0
C102513,6,41,56,Center,store,Basic,4,17.85,0.251,0,0.178,0,1,0
C102514,15,40,16,East,app,Basic,5,22.09,0.235,0,0.052,0,0,0
C102515,7,49,65,Center,web,Plus,5,12.82,0.261,0,0.0,0,1,0
C102516,20,58,3,North,web,Basic,2,16.41,0.298,0,0.0,0,0,0
C102517,1,58,12,North,web,Basic,3,13.58,0.236,0,0.019,0,1,0
C102518,23,31,41,North,web,Basic,6,13.15,0.237,0,0.139,0,0,0
C102519,2,71,71,South,app,Premium,8,11.3,0.236,1,0.038,0,1,0
C102520,19,42,49,South,app,Basic,11,16.25,0.066,1,0.01,0,0,0
C102521,22,59,2,East,app,Premium,8,13.34,0.056,0,0.151,0,1,0
C102522,5,67,62,Center,app,Premium,5,13.12,0.282,1,0.14,0,1,0
C102523,2,37,44,East,store,Plus,6,4.72,0.163,1,0.165,0,1,0
C102524,5,66,27,Center,app,Premium,6,10.96,0.0,0,0.222,0,1,0
C102525,13,22,19,Center,app,Basic,6,11.05,0.232,1,0.092,0,0,0
C102526,23,35,15,South,web,Plus,3,10.26,0.109,0,0.0,0,1,1
C102527,16,58,18,Center,store,Plus,5,7.51,0.071,0,0.197,0,0,0
C102528,15,61,1,West,web,Plus,3,10.83,0.191,2,0.066,0,0,1
C102529,14,73,36,Center,app,Premium,9,18.21,0.169,0,0.053,0,0,0
C102530,4,42,27,Center,store,Basic,8,12.14,0.205,0,0.0,1,0,1
C102531,14,18,43,West,web,Basic,8,5.97,0.279,0,0.022,0,0,0
C102532,9,43,53,West,web,Plus,5,6.13,0.124,0,0.0,0,0,0
C102533,22,62,32,North,app,Basic,7,12.75,0.187,1,0.009,2,1,0
C102534,16,24,33,Center,web,Premium,4,14.52,0.199,0,0.222,0,0,0
C102535,5,28,51,South,web,Basic,3,13.33,0.29,1,0.004,1,0,1
C102536,4,41,51,North,web,Basic,4,14.53,0.185,1,0.048,0,1,0
C102537,20,44,68,Center,app,Plus,4,10.92,0.127,0,0.248,0,0,0
C102538,16,42,37,East,web,Premium,3,15.15,0.333,1,0.209,1,0,0
C102539,9,47,12,East,store,Plus,5,13.77,0.0,1,0.254,0,0,1
C102540,17,52,38,North,app,Premium,7,5.18,0.221,0,0.0,1,0,0
C102541,16,53,17,Center,app,Basic,7,17.58,0.148,0,0.235,0,0,0
C102542,18,41,35,Center,app,Basic,7,14.73,0.429,0,0.0,1,1,0
C102543,16,74,44,East,store,Plus,5,6.9,0.12,0,0.096,0,0,0
C102544,4,45,15,North,web,Basic,7,12.56,0.391,1,0.065,0,1,0
C102545,17,57,30,West,app,Plus,5,12.86,0.223,0,0.117,0,0,1
C102546,11,55,2,North,store,Plus,4,8.48,0.114,1,0.0,0,0,1
C102547,15,40,23,South,store,Basic,7,10.29,0.108,0,0.01,0,1,0
C102548,7,54,68,East,app,Basic,4,16.23,0.082,0,0.104,0,1,1
C102549,12,58,36,West,app,Basic,2,10.17,0.246,0,0.0,0,1,0
C102550,10,45,38,South,web,Basic,4,12.27,0.076,0,0.0,0,1,0
C102551,22,44,50,West,web,Plus,9,11.13,0.291,1,0.091,0,1,1
C102552,20,52,64,South,web,Premium,3,9.79,0.311,0,0.073,0,0,0
C102553,2,41,65,Center,store,Basic,6,11.25,0.076,0,0.07,1,0,1
C102554,9,61,1,Center,app,Basic,2,14.24,0.069,0,0.053,1,1,0
C102555,12,38,67,South,store,Basic,7,12.74,0.057,0,0.128,0,0,0
C102556,9,23,19,South,app,Plus,8,8.91,0.277,0,0.0,0,1,1
C102557,18,46,59,East,app,Plus,10,15.74,0.23,0,0.213,0,0,0
C102558,17,69,7,South,app,Basic,5,10.97,0.0,1,0.151,0,1,0
C102559,20,34,25,Center,app,Premium,4,6.81,0.173,0,0.0,0,1,0
C102560,2,35,23,South,app,Basic,7,13.9,0.297,0,0.194,0,0,0
C102561,13,31,63,South,app,Basic,5,17.05,0.014,0,0.083,0,1,0
C102562,1,70,26,North,web,Basic,6,12.2,0.181,0,0.235,0,0,0
C102563,16,26,51,Center,web,Premium,3,16.65,0.044,1,0.144,0,0,0
C102564,10,43,28,South,app,Plus,3,15.8,0.103,0,0.026,0,1,0
C102565,24,43,13,East,web,Basic,2,11.77,0.235,1,0.0,0,0,1
C102566,1,50,54,Center,app,Basic,1,15.5,0.296,0,0.11,0,0,0
C102567,5,34,68,East,web,Basic,6,10.17,0.333,0,0.097,0,1,0
C102568,14,61,61,South,app,Premium,4,13.61,0.103,0,0.047,1,0,0
C102569,2,65,18,Center,app,Premium,4,7.54,0.195,0,0.181,0,1,0
C102570,12,42,59,Center,web,Premium,7,12.2,0.184,0,0.068,1,0,0
C102571,8,66,49,East,web,Basic,8,13.05,0.177,0,0.155,1,0,0
C102572,7,24,36,West,web,Basic,7,16.52,0.225,0,0.06,0,1,0
C102573,22,37,50,East,app,Basic,6,11.67,0.25,1,0.0,0,0,0
C102574,4,68,42,Center,app,Basic,6,11.69,0.198,0,0.067,0,0,0
C102575,9,53,65,East,store,Premium,6,22.06,0.297,0,0.0,0,1,0
C102576,9,27,20,South,store,Basic,4,11.79,0.212,0,0.178,0,1,1
C102577,16,69,48,West,app,Premium,6,13.6,0.115,0,0.0,0,0,0
C102578,19,68,12,North,app,Basic,7,12.77,0.124,1,0.129,2,1,0
C102579,17,38,70,East,app,Basic,2,5.52,0.0,0,0.144,0,0,0
C102580,20,28,23,Center,app,Basic,6,11.12,0.265,1,0.09,0,1,0
C102581,9,49,5,West,app,Plus,5,15.52,0.174,0,0.0,0,1,0
C102582,4,51,56,South,app,Premium,8,17.5,0.29,0,0.119,0,0,0
C102583,1,43,3,North,store,Plus,3,12.03,0.182,0,0.254,1,1,0
C102584,4,58,12,East,app,Premium,8,15.9,0.206,2,0.148,0,0,0
C102585,13,55,14,South,app,Plus,3,7.48,0.237,0,0.0,0,0,1
C102586,11,62,26,Center,app,Premium,3,11.07,0.363,1,0.058,0,0,0
C102587,12,72,41,North,web,Premium,7,14.3,0.152,0,0.065,0,0,0
C102588,24,60,42,Center,web,Premium,9,10.56,0.192,0,0.192,0,0,0
C102589,7,25,31,South,app,Premium,4,11.05,0.248,0,0.085,0,0,1
C102590,21,18,63,Center,web,Plus,5,8.98,0.195,1,0.059,0,0,0
C102591,11,73,6,North,app,Premium,9,17.67,0.162,1,0.114,1,0,1
C102592,9,63,13,North,app,Premium,4,12.66,0.165,0,0.107,0,0,1
C102593,4,55,15,East,web,Plus,5,12.95,0.143,1,0.127,0,0,0
C102594,4,32,12,South,app,Basic,6,15.43,0.251,0,0.03,1,0,0
C102595,6,63,42,East,app,Basic,3,9.08,0.27,0,0.0,0,0,0
C102596,21,24,53,Center,app,Premium,4,15.74,0.148,0,0.107,0,0,0
C102597,15,54,29,Center,app,Plus,5,6.41,0.286,0,0.0,0,1,0
C102598,9,39,36,East,web,Basic,6,10.3,0.0,0,0.0,0,0,0
C102599,21,67,55,North,web,Premium,8,15.66,0.169,0,0.118,0,0,0
C102600,10,56,56,North,web,Basic,4,4.04,0.394,1,0.0,1,1,1
C102601,12,36,34,Center,web,Basic,6,5.72,0.173,0,0.0,0,1,1
C102602,11,63,52,Center,app,Plus,4,11.14,0.0,0,0.171,0,1,0
C102603,23,58,63,North,web,Plus,1,15.67,0.308,0,0.05,0,0,0
C102604,17,32,33,West,web,Plus,2,14.89,0.319,0,0.0,0,1,0
C102605,3,33,54,Center,web,Basic,8,14.8,0.275,1,0.0,0,0,0
C102606,14,40,49,North,web,Plus,9,8.94,0.327,0,0.0,0,0,0
C102607,23,46,36,South,app,Basic,2,10.92,0.227,1,0.101,1,0,1
C102608,13,33,36,North,store,Plus,0,11.8,0.481,0,0.0,0,1,0
C102609,10,56,26,Center,app,Plus,7,14.94,0.375,1,0.11,0,1,0
C102610,5,47,62,Center,app,Basic,7,12.77,0.159,0,0.36,0,1,0
C102611,17,29,16,Center,web,Plus,5,10.34,0.19,0,0.0,0,0,0
C102612,17,58,21,South,store,Premium,3,8.83,0.177,1,0.12,0,0,0
C102613,2,21,21,North,web,Plus,3,13.77,0.083,0,0.044,1,1,1
C102614,22,70,14,South,app,Basic,5,12.55,0.123,0,0.016,0,0,0
C102615,10,63,26,North,app,Plus,4,8.88,0.13,0,0.099,0,0,0
C102616,12,23,50,South,web,Basic,6,13.04,0.237,0,0.198,0,1,0
C102617,17,64,26,West,store,Basic,5,10.66,0.0,0,0.138,1,0,0
C102618,4,36,11,East,web,Basic,3,18.74,0.153,0,0.131,0,0,1
C102619,20,55,13,West,web,Premium,2,8.05,0.32,1,0.181,0,1,1
C102620,22,31,33,South,app,Plus,6,9.67,0.247,0,0.09,0,0,1
C102621,16,36,34,North,app,Plus,5,11.98,0.184,0,0.055,0,0,0
C102622,15,18,27,Center,web,Basic,10,6.79,0.227,0,0.322,0,1,1
C102623,15,55,8,East,app,Basic,5,7.86,0.111,0,0.168,0,1,0
C102624,23,51,35,North,web,Plus,2,6.65,0.157,0,0.098,0,1,1
C102625,17,22,62,South,web,Basic,3,8.83,0.221,2,0.268,0,1,1
C102626,13,33,32,Center,web,Premium,6,10.4,0.34,0,0.119,0,1,0
C102627,11,55,40,West,web,Premium,3,20.48,0.103,0,0.156,0,0,0
C102628,13,63,50,Center,web,Basic,7,17.51,0.117,0,0.2,0,0,0
C102629,24,50,7,Center,app,Premium,7,6.41,0.124,0,0.0,0,0,0
C102630,9,27,41,Center,web,Premium,8,8.36,0.245,0,0.122,0,0,0
C102631,3,53,24,South,web,Basic,8,16.65,0.207,0,0.063,0,1,0
C102632,2,30,31,West,app,Plus,4,10.04,0.071,0,0.106,0,1,0
C102633,21,43,19,South,store,Basic,2,13.6,0.148,0,0.181,0,0,1
C102634,10,45,9,East,web,Plus,3,12.4,0.503,1,0.035,0,0,1
C102635,8,30,12,South,store,Premium,5,18.03,0.078,0,0.0,0,0,0
C102636,20,64,45,North,store,Basic,3,18.66,0.258,0,0.15,0,1,0
C102637,13,59,35,South,app,Basic,7,16.36,0.0,1,0.002,0,1,0
C102638,19,24,7,South,app,Basic,4,12.58,0.176,0,0.079,0,0,0
C102639,3,44,14,South,store,Basic,7,13.09,0.337,1,0.0,0,1,0
C102640,1,24,52,Center,app,Plus,2,13.15,0.278,0,0.028,0,0,0
C102641,14,60,11,Center,store,Basic,2,12.37,0.151,0,0.0,0,0,0
C102642,11,39,61,Center,store,Plus,8,5.42,0.141,1,0.047,0,0,0
C102643,24,38,50,North,web,Basic,12,9.61,0.068,0,0.128,0,0,0
C102644,22,32,48,North,web,Basic,8,6.07,0.271,0,0.157,0,0,0
C102645,11,23,31,Center,app,Plus,6,12.27,0.36,1,0.042,0,1,1
C102646,16,25,13,South,store,Premium,5,14.29,0.147,2,0.028,0,0,1
C102647,4,48,48,West,web,Plus,9,14.46,0.085,0,0.192,0,0,0
C102648,7,59,33,East,app,Plus,1,8.04,0.176,0,0.0,0,1,0
C102649,6,53,34,South,web,Basic,2,15.63,0.259,0,0.143,0,0,0
C102650,5,30,50,East,app,Plus,9,6.8,0.0,0,0.0,1,0,0
C102651,10,70,36,Center,app,Plus,6,13.35,0.31,0,0.119,1,0,0
C102652,17,55,4,North,app,Basic,2,11.57,0.069,0,0.189,0,0,0
C102653,23,68,23,East,store,Plus,5,11.46,0.152,0,0.203,0,0,0
C102654,13,18,45,East,web,Basic,7,15.3,0.309,0,0.112,0,0,0
C102655,9,21,31,South,app,Plus,5,16.07,0.329,0,0.017,0,0,0
C102656,10,21,14,West,web,Basic,1,9.15,0.284,0,0.08,0,1,1
C102657,17,61,35,East,web,Premium,5,11.74,0.05,1,0.127,0,1,0
C102658,4,38,26,East,app,Basic,5,11.98,0.247,0,0.115,0,0,0
C102659,16,32,25,North,app,Premium,4,14.34,0.261,0,0.16,0,0,0
C102660,12,51,17,West,web,Basic,5,5.16,0.253,0,0.079,0,1,0
C102661,12,57,59,South,app,Plus,4,6.58,0.285,0,0.187,0,0,1
C102662,21,43,42,South,web,Plus,5,21.27,0.296,0,0.0,1,0,0
C102663,7,39,18,South,app,Basic,6,15.02,0.0,0,0.249,0,0,0
C102664,10,40,54,Center,web,Basic,3,12.31,0.266,1,0.074,0,0,1
C102665,1,36,16,Center,app,Plus,8,11.81,0.042,0,0.246,1,0,1
C102666,3,39,19,West,app,Plus,6,11.87,0.291,0,0.186,0,1,1
C102667,23,45,25,South,web,Basic,6,7.82,0.155,0,0.085,0,0,0
C102668,4,36,68,West,web,Plus,1,10.7,0.235,0,0.0,1,0,0
C102669,11,48,56,North,web,Plus,10,11.61,0.221,1,0.0,0,1,0
C102670,18,54,46,South,app,Basic,4,9.82,0.265,0,0.063,0,1,0
C102671,2,57,61,South,app,Basic,4,9.43,0.187,0,0.0,0,0,0
C102672,16,18,61,North,web,Basic,1,9.62,0.051,0,0.0,0,0,0
C102673,14,54,41,South,store,Plus,3,23.63,0.156,1,0.071,0,0,0
C102674,7,36,63,Center,app,Basic,4,15.32,0.0,1,0.069,0,0,0
C102675,2,56,26,Center,web,Premium,3,7.46,0.143,0,0.0,0,0,0
C102676,23,72,28,North,app,Premium,5,10.26,0.266,0,0.25,0,0,0
C102677,23,39,47,South,web,Plus,7,12.94,0.356,0,0.129,0,1,0
C102678,6,24,69,South,app,Premium,4,9.66,0.246,0,0.191,0,0,0
C102679,8,56,59,West,app,Basic,4,14.33,0.142,0,0.161,0,1,0
C102680,17,36,69,East,app,Basic,10,20.11,0.26,0,0.19,0,0,0
C102681,2,37,18,West,web,Plus,9,2.9,0.17,0,0.091,1,0,1
C102682,10,53,32,West,app,Premium,2,16.37,0.133,0,0.098,0,0,1
C102683,8,52,48,East,web,Premium,5,12.19,0.159,0,0.089,0,0,0
C102684,5,19,67,Center,store,Basic,8,6.69,0.195,1,0.059,0,1,1
C102685,15,44,51,South,web,Basic,2,9.13,0.117,0,0.048,0,0,1
C102686,7,39,65,North,app,Plus,1,2.07,0.221,0,0.073,0,0,0
C102687,18,50,28,South,app,Basic,6,6.88,0.074,0,0.13,0,0,1
C102688,18,53,45,Center,web,Basic,2,18.58,0.235,0,0.0,0,1,1
C102689,17,18,11,South,app,Plus,7,7.55,0.101,0,0.211,0,0,0
C102690,16,21,18,East,web,Plus,5,3.59,0.086,1,0.0,0,0,0
C102691,14,46,44,North,web,Plus,5,13.41,0.164,0,0.0,1,1,0
C102692,22,65,18,West,web,Premium,8,17.41,0.093,0,0.209,2,1,0
C102693,3,30,15,North,web,Premium,9,18.05,0.0,1,0.062,1,0,1
C102694,22,24,8,Center,app,Basic,3,6.13,0.096,0,0.0,0,1,1
C102695,22,39,27,North,app,Basic,5,8.96,0.26,0,0.087,0,1,0
C102696,16,33,20,North,app,Plus,4,11.13,0.21,0,0.0,0,0,0
C102697,23,22,39,Center,app,Basic,3,14.08,0.023,0,0.142,1,1,1
C102698,6,70,42,Center,app,Basic,6,8.15,0.101,0,0.095,0,1,0
C102699,19,55,69,North,store,Premium,3,14.61,0.106,1,0.035,0,0,0
C102700,17,63,44,East,app,Basic,3,16.5,0.277,0,0.007,0,0,1
C102701,14,68,11,Center,web,Plus,2,11.32,0.176,0,0.216,0,0,0
C102702,7,54,30,West,web,Plus,7,13.98,0.013,0,0.063,0,1,0
C102703,23,38,6,South,store,Basic,7,18.01,0.293,1,0.205,0,0,0
C102704,18,18,39,Center,store,Plus,1,10.96,0.173,2,0.078,1,0,1
C102705,21,23,39,North,web,Plus,1,16.47,0.378,0,0.126,2,0,1
C102706,23,35,61,West,web,Basic,4,10.25,0.088,1,0.035,0,0,0
C102707,2,53,67,North,web,Premium,4,12.25,0.258,0,0.002,0,1,0
C102708,23,55,67,East,app,Basic,4,11.91,0.07,0,0.096,0,0,0
C102709,2,25,4,South,web,Plus,9,10.92,0.121,0,0.081,1,1,0
C102710,16,32,3,Center,web,Plus,4,13.73,0.007,0,0.067,0,1,1
C102711,19,68,46,North,app,Plus,6,13.24,0.293,0,0.175,0,1,0
C102712,10,34,68,Center,web,Premium,2,12.12,0.051,0,0.033,0,1,0
C102713,24,24,2,North,app,Basic,6,12.84,0.23,0,0.0,0,1,0
C102714,22,31,57,East,app,Premium,7,14.44,0.028,2,0.114,0,0,1
C102715,1,38,40,East,app,Premium,5,7.64,0.322,0,0.054,0,0,1
C102716,23,46,40,North,web,Basic,6,8.13,0.196,0,0.036,0,0,0
C102717,2,46,9,South,web,Basic,11,11.77,0.119,0,0.0,0,1,0
C102718,6,24,35,North,app,Basic,3,14.58,0.04,1,0.135,0,1,1
C102719,15,24,47,East,web,Basic,7,8.44,0.119,0,0.038,0,1,0
C102720,13,29,51,North,web,Basic,4,14.32,0.519,0,0.129,0,0,0
C102721,23,36,26,North,app,Premium,4,10.19,0.3,0,0.069,0,1,0
C102722,3,73,49,Center,web,Basic,2,10.98,0.208,1,0.084,0,1,0
C102723,21,33,47,West,web,Basic,6,14.23,0.424,0,0.056,1,0,1
C102724,20,38,52,East,app,Basic,6,12.07,0.076,0,0.051,0,0,0
C102725,21,58,19,Center,web,Basic,3,10.21,0.134,0,0.12,0,1,1
C102726,5,37,67,East,app,Plus,7,14.13,0.235,0,0.02,0,0,0
C102727,20,74,6,Center,web,Premium,5,12.57,0.109,1,0.101,0,1,1
C102728,10,45,3,North,app,Premium,6,9.0,0.0,0,0.0,0,0,0
C102729,11,38,13,West,web,Basic,4,2.1,0.122,0,0.289,1,0,1
C102730,11,61,5,North,web,Premium,4,17.3,0.121,0,0.0,0,1,1
C102731,3,63,20,East,app,Premium,3,9.5,0.275,0,0.191,0,1,0
C102732,1,55,37,West,app,Basic,9,12.14,0.025,0,0.128,0,1,0
C102733,22,25,12,North,store,Basic,5,13.2,0.098,0,0.106,0,0,1
C102734,14,34,22,West,web,Basic,2,5.69,0.226,0,0.056,0,1,0
C102735,1,51,15,East,app,Plus,7,14.85,0.156,1,0.053,0,0,0
C102736,14,39,62,North,app,Premium,7,15.71,0.084,0,0.185,0,0,0
C102737,21,42,39,Center,web,Plus,4,9.69,0.066,0,0.101,0,0,1
C102738,19,34,44,Center,web,Basic,5,12.03,0.342,1,0.108,0,0,0
C102739,17,34,32,Center,app,Basic,4,20.53,0.111,0,0.019,0,0,0
C102740,9,45,40,Center,web,Basic,4,7.4,0.119,0,0.057,0,0,0
C102741,19,64,59,Center,app,Basic,5,7.5,0.139,0,0.025,1,0,0
C102742,8,38,71,North,web,Plus,6,11.38,0.018,0,0.052,0,1,0
C102743,7,60,36,Center,app,Plus,7,11.03,0.13,0,0.085,0,1,0
C102744,7,73,34,Center,store,Basic,5,7.99,0.151,0,0.142,0,0,0
C102745,19,25,39,South,app,Plus,3,12.09,0.131,1,0.082,0,0,0
C102746,19,70,37,East,store,Plus,5,9.66,0.183,0,0.0,2,0,0
C102747,6,34,51,East,app,Basic,2,16.61,0.117,1,0.056,0,0,0
C102748,24,23,16,South,app,Basic,5,16.63,0.254,0,0.16,0,1,0
C102749,13,64,61,West,app,Plus,7,18.69,0.241,0,0.1,0,0,0
C102750,17,18,5,South,web,Plus,3,19.77,0.366,0,0.162,0,0,1
C102751,4,74,42,Center,app,Basic,9,11.21,0.0,0,0.007,0,0,0
C102752,13,29,70,North,web,Basic,8,10.42,0.15,1,0.128,0,0,0
C102753,10,52,3,East,web,Plus,2,18.15,0.25,0,0.127,1,1,0
C102754,14,32,64,South,web,Plus,6,16.22,0.088,0,0.115,0,0,0
C102755,18,67,33,North,app,Basic,3,15.79,0.017,0,0.152,0,1,0
C102756,5,58,60,South,app,Basic,4,7.66,0.219,0,0.283,0,1,0
C102757,16,74,3,West,app,Plus,1,16.63,0.204,0,0.01,1,0,0
C102758,22,63,62,South,app,Plus,0,14.99,0.468,1,0.0,1,0,0
C102759,18,60,43,Center,web,Plus,4,9.19,0.203,0,0.146,0,0,0
C102760,21,71,49,East,app,Basic,4,14.49,0.303,0,0.0,0,0,0
C102761,5,54,5,Center,web,Basic,4,10.53,0.448,0,0.008,0,0,0
C102762,5,30,29,North,app,Basic,11,13.12,0.104,2,0.271,0,0,0
C102763,4,30,39,North,app,Premium,5,13.55,0.139,1,0.086,1,0,0
C102764,12,55,16,West,app,Basic,5,9.94,0.0,0,0.157,0,1,0
C102765,10,39,11,North,web,Plus,3,12.5,0.39,0,0.0,2,1,0
C102766,22,61,48,East,web,Basic,4,9.89,0.0,1,0.054,0,1,0
C102767,18,53,61,North,app,Basic,8,14.27,0.017,1,0.063,0,0,1
C102768,2,20,14,Center,app,Plus,7,12.23,0.24,1,0.165,0,0,1
C102769,3,70,7,Center,app,Basic,4,21.39,0.112,0,0.134,0,1,0
C102770,22,73,19,Center,app,Basic,7,10.2,0.319,1,0.032,1,0,0
C102771,19,35,47,North,web,Premium,4,11.14,0.2,1,0.207,0,1,1
C102772,4,34,36,Center,web,Premium,6,6.13,0.152,1,0.144,0,1,0
C102773,11,40,50,East,web,Basic,7,6.68,0.019,0,0.113,0,0,1
C102774,15,64,67,South,web,Basic,7,10.26,0.319,1,0.076,0,0,0
C102775,11,19,20,North,app,Plus,2,13.77,0.172,0,0.034,0,0,0
C102776,7,28,48,East,app,Plus,4,4.92,0.161,0,0.109,0,0,0
C102777,9,57,43,West,app,Plus,1,7.76,0.264,0,0.0,0,0,0
C102778,7,41,61,Center,app,Basic,4,17.13,0.205,0,0.0,1,1,1
C102779,12,43,24,Center,web,Plus,7,18.51,0.162,1,0.137,2,0,0
C102780,15,71,8,North,web,Basic,2,11.42,0.178,0,0.295,0,1,0
C102781,13,63,19,North,web,Premium,5,15.27,0.227,1,0.052,0,0,0
C102782,2,24,1,Center,web,Premium,3,7.61,0.239,0,0.0,0,0,1
C102783,14,31,19,North,app,Basic,10,19.56,0.017,0,0.031,0,1,0
C102784,9,32,61,West,web,Plus,8,12.57,0.262,0,0.168,1,0,0
C102785,19,55,2,South,web,Plus,6,16.83,0.0,1,0.193,0,0,0
C102786,11,42,13,Center,store,Basic,6,12.36,0.516,0,0.0,0,0,1
C102787,14,56,48,South,app,Premium,3,11.04,0.083,0,0.079,0,0,0
C102788,9,30,18,North,app,Basic,8,5.32,0.27,0,0.139,0,0,0
C102789,12,44,6,West,app,Plus,6,10.55,0.115,2,0.176,1,1,1
C102790,11,38,38,South,web,Basic,6,23.88,0.0,2,0.1,0,0,1
C102791,13,28,14,East,web,Basic,5,14.9,0.206,0,0.052,0,1,0
C102792,3,29,49,North,app,Basic,5,15.64,0.056,0,0.235,0,1,0
C102793,7,40,7,Center,store,Premium,7,12.71,0.198,0,0.137,0,0,0
C102794,7,56,3,East,app,Premium,4,13.2,0.244,0,0.016,2,1,0
C102795,16,60,58,Center,store,Plus,6,16.83,0.327,0,0.133,1,0,0
C102796,23,62,44,North,web,Premium,3,9.55,0.255,0,0.09,0,1,0
C102797,1,28,38,Center,app,Premium,4,9.67,0.258,0,0.085,0,0,0
C102798,4,50,42,East,store,Plus,4,14.35,0.324,1,0.0,1,0,1
C102799,3,23,34,Center,app,Basic,6,14.25,0.115,0,0.014,0,0,1
C102800,7,25,41,West,app,Premium,4,11.4,0.238,0,0.065,0,0,1
C102801,15,44,42,South,app,Plus,6,14.2,0.205,1,0.066,0,0,1
C102802,6,57,8,West,web,Plus,3,14.62,0.33,1,0.0,0,1,0
C102803,9,31,58,North,web,Plus,6,11.9,0.073,0,0.0,0,0,0
C102804,14,27,48,South,app,Plus,1,12.92,0.198,0,0.194,0,0,0
C102805,2,63,45,South,store,Plus,4,13.5,0.094,0,0.275,0,1,0
C102806,21,52,71,Center,app,Plus,3,11.82,0.34,0,0.13,0,0,0
C102807,2,64,37,West,store,Basic,5,12.12,0.149,0,0.0,0,1,0
C102808,20,22,64,North,web,Basic,5,13.77,0.322,0,0.0,1,1,0
C102809,14,71,23,Center,web,Basic,9,6.17,0.082,0,0.0,0,0,0
C102810,6,64,6,Center,app,Basic,4,11.16,0.055,1,0.066,0,0,1
C102811,19,65,37,West,web,Basic,3,12.9,0.231,0,0.0,0,1,0
C102812,7,23,61,East,app,Premium,4,13.59,0.263,0,0.095,0,1,0
C102813,23,54,71,North,web,Premium,3,14.66,0.074,0,0.226,0,1,0
C102814,24,48,47,North,web,Plus,4,9.95,0.322,0,0.139,0,0,0
C102815,4,28,41,North,web,Plus,6,15.7,0.084,0,0.118,0,0,0
C102816,22,70,63,North,web,Basic,5,15.83,0.196,0,0.063,0,0,0
C102817,10,64,34,West,app,Plus,7,12.16,0.058,0,0.0,0,0,1
C102818,23,65,61,West,app,Premium,3,8.26,0.0,0,0.027,1,0,1
C102819,14,59,64,East,web,Premium,3,10.69,0.096,0,0.028,0,1,0
C102820,11,28,59,Center,store,Basic,8,11.2,0.267,2,0.055,0,0,0
C102821,18,60,4,Center,web,Plus,6,16.38,0.206,1,0.24,0,1,0
C102822,9,44,18,South,app,Basic,8,10.69,0.044,0,0.176,1,0,0
C102823,21,57,5,East,web,Plus,2,14.08,0.244,0,0.018,0,0,0
C102824,19,51,33,North,store,Basic,3,9.28,0.13,0,0.0,0,0,0
C102825,2,65,57,North,web,Basic,11,17.84,0.15,0,0.006,1,1,0
C102826,12,47,66,South,web,Basic,5,9.94,0.357,0,0.0,0,1,0
C102827,10,34,67,North,web,Premium,10,10.83,0.108,0,0.066,0,0,0
C102828,20,55,5,West,web,Plus,7,15.2,0.274,0,0.0,0,1,0
C102829,4,56,4,North,app,Basic,8,13.01,0.034,0,0.031,0,1,0
C102830,6,34,39,West,web,Premium,2,3.74,0.298,0,0.0,0,0,0
C102831,9,47,2,North,app,Plus,4,11.7,0.305,0,0.054,0,0,0
C102832,4,55,58,North,app,Plus,4,17.39,0.044,0,0.0,0,0,0
C102833,8,37,1,Center,store,Plus,4,3.13,0.229,2,0.125,1,1,1
C102834,23,27,37,South,store,Plus,2,13.21,0.255,0,0.285,1,1,0
C102835,16,36,41,West,app,Basic,8,5.15,0.008,2,0.109,0,0,1
C102836,16,65,31,Center,web,Basic,5,8.11,0.01,0,0.001,0,1,0
C102837,9,26,10,West,web,Plus,5,3.84,0.135,0,0.055,0,0,0
C102838,23,40,58,West,app,Plus,1,15.35,0.137,0,0.154,0,1,1
C102839,16,46,40,West,app,Basic,7,15.58,0.187,1,0.013,0,0,0
C102840,4,63,54,Center,app,Premium,8,14.79,0.226,0,0.0,0,0,0
C102841,2,39,48,Center,app,Basic,5,23.95,0.29,0,0.016,0,0,0
C102842,5,74,38,North,app,Basic,4,10.24,0.132,0,0.04,0,0,0
C102843,17,42,2,Center,web,Basic,5,11.54,0.158,0,0.176,0,1,0
C102844,22,44,32,Center,store,Premium,5,15.48,0.142,2,0.066,0,0,1
C102845,1,66,62,North,app,Plus,7,6.24,0.494,0,0.066,0,0,0
C102846,16,43,16,East,app,Plus,10,12.2,0.412,2,0.067,0,1,0
C102847,1,56,18,Center,web,Plus,4,6.51,0.115,2,0.065,0,0,1
C102848,18,38,64,North,app,Basic,4,15.58,0.126,2,0.054,0,0,0
C102849,10,56,40,North,app,Premium,4,15.64,0.194,0,0.002,0,0,1
C102850,8,52,44,North,app,Premium,6,12.99,0.251,2,0.0,1,0,1
C102851,13,74,26,East,web,Basic,7,8.28,0.059,0,0.206,0,0,0
C102852,14,40,20,South,web,Basic,5,3.93,0.244,0,0.003,0,1,0
C102853,24,30,25,South,web,Premium,4,8.59,0.175,1,0.044,0,0,1
C102854,4,25,69,Center,web,Plus,3,15.09,0.402,0,0.041,0,1,0
C102855,17,46,29,West,app,Basic,6,7.26,0.291,0,0.0,0,1,0
C102856,14,46,40,Center,app,Premium,7,11.72,0.009,1,0.0,0,0,0
C102857,8,23,1,Center,app,Premium,3,9.81,0.072,1,0.101,0,0,0
C102858,10,18,61,East,web,Basic,4,17.36,0.216,0,0.044,0,1,0
C102859,15,40,31,West,web,Plus,5,7.67,0.07,0,0.183,0,1,0
C102860,7,20,54,West,store,Plus,7,16.5,0.0,0,0.169,0,1,1
C102861,15,72,19,West,web,Basic,6,7.7,0.199,1,0.0,1,0,0
C102862,15,63,46,North,app,Plus,4,10.31,0.029,0,0.0,0,0,0
C102863,21,22,26,West,app,Basic,2,14.99,0.167,0,0.0,0,0,1
C102864,19,62,23,East,app,Premium,4,10.95,0.173,0,0.256,0,0,0
C102865,14,61,12,Center,app,Basic,5,6.15,0.318,0,0.012,0,0,0
C102866,5,59,50,East,app,Plus,4,9.8,0.196,0,0.045,1,0,1
C102867,8,67,24,West,web,Basic,1,11.85,0.503,0,0.0,0,0,0
C102868,9,58,9,East,web,Plus,4,11.0,0.311,1,0.119,1,1,0
C102869,9,47,50,East,app,Basic,6,14.54,0.274,1,0.111,0,0,1
C102870,6,59,50,East,app,Basic,5,13.35,0.248,0,0.257,0,1,0
C102871,24,63,70,West,app,Plus,4,11.94,0.21,1,0.057,0,1,0
C102872,18,51,63,East,app,Plus,7,14.17,0.137,1,0.172,0,0,0
C102873,9,43,14,North,web,Basic,6,7.65,0.197,1,0.0,1,1,0
C102874,23,50,4,North,app,Plus,4,10.01,0.268,1,0.296,0,0,1
C102875,23,38,62,North,web,Basic,1,4.16,0.032,2,0.125,0,0,0
C102876,21,41,69,Center,app,Basic,4,7.96,0.201,0,0.077,0,1,0
C102877,21,46,44,North,web,Premium,5,9.47,0.428,2,0.02,0,1,0
C102878,21,60,44,South,web,Basic,2,5.1,0.241,1,0.055,0,1,1
C102879,11,29,8,West,app,Plus,7,11.95,0.251,2,0.089,0,0,0
C102880,23,42,39,West,app,Plus,2,20.88,0.126,0,0.044,1,1,0
C102881,16,35,2,North,app,Plus,5,18.6,0.208,0,0.045,1,0,1
C102882,19,26,55,East,app,Plus,5,12.12,0.032,0,0.021,0,0,0
C102883,23,35,63,North,web,Basic,3,15.15,0.099,0,0.0,1,1,0
C102884,14,35,2,West,app,Basic,3,8.48,0.211,0,0.097,0,0,0
C102885,9,74,17,North,app,Basic,4,14.35,0.119,1,0.0,0,1,0
C102886,7,40,71,North,app,Basic,6,10.37,0.11,0,0.018,0,1,0
C102887,2,37,8,Center,store,Basic,9,13.79,0.474,0,0.128,0,1,1
C102888,16,40,57,North,store,Basic,7,9.24,0.382,0,0.083,0,0,0
C102889,4,31,47,South,web,Premium,3,15.82,0.326,0,0.13,0,0,0
C102890,24,70,46,North,app,Basic,4,16.14,0.02,0,0.348,0,0,0
C102891,15,71,51,East,app,Plus,1,17.39,0.197,0,0.053,0,1,0
C102892,15,40,20,West,app,Plus,4,10.51,0.03,0,0.123,0,0,1
C102893,24,25,64,Center,app,Plus,5,9.21,0.16,0,0.219,0,0,0
C102894,17,19,35,Center,app,Plus,7,16.2,0.231,0,0.066,0,1,1
C102895,4,73,36,West,web,Plus,5,13.29,0.179,1,0.069,1,1,0
C102896,14,65,54,Center,web,Basic,6,15.33,0.227,0,0.059,0,1,1
C102897,9,66,23,West,store,Premium,8,18.36,0.249,0,0.0,0,1,0
C102898,17,51,4,East,app,Basic,5,8.49,0.065,0,0.106,0,0,1
C102899,23,54,23,North,app,Plus,5,13.68,0.086,0,0.0,0,0,0
C102900,9,61,46,Center,web,Premium,10,11.28,0.17,0,0.052,0,0,0
C102901,4,42,15,East,app,Plus,5,11.35,0.206,0,0.156,2,0,0
C102902,1,65,55,North,app,Basic,8,13.89,0.025,1,0.09,0,1,0
C102903,10,29,46,West,store,Premium,4,14.91,0.0,0,0.0,0,0,0
C102904,6,43,48,West,app,Basic,3,18.32,0.125,0,0.061,0,1,0
C102905,2,24,67,East,store,Plus,8,16.74,0.127,0,0.0,0,0,0
C102906,17,62,17,East,app,Basic,0,19.95,0.253,0,0.0,0,1,0
C102907,18,23,7,South,store,Plus,8,13.8,0.207,0,0.096,0,1,0
C102908,16,46,25,East,web,Basic,8,4.54,0.064,0,0.302,0,0,0
C102909,19,37,28,Center,app,Premium,4,12.9,0.248,0,0.11,0,0,0
C102910,15,74,1,Center,app,Plus,4,7.46,0.426,1,0.195,0,0,0
C102911,20,41,25,East,web,Basic,4,12.36,0.272,0,0.099,1,0,1
C102912,1,26,71,Center,app,Premium,2,13.18,0.284,0,0.108,0,1,0
C102913,18,70,6,Center,app,Basic,5,12.0,0.272,0,0.282,0,0,0
C102914,20,49,67,Center,web,Basic,2,19.68,0.101,0,0.182,0,0,0
C102915,14,48,43,Center,app,Premium,6,9.13,0.196,2,0.063,0,1,0
C102916,9,54,67,Center,app,Basic,6,9.14,0.252,0,0.124,0,0,0
C102917,22,74,70,East,store,Basic,4,14.12,0.28,0,0.14,1,0,0
C102918,9,19,42,East,web,Basic,3,14.16,0.38,1,0.06,0,0,0
C102919,18,59,20,East,web,Basic,5,15.79,0.27,0,0.071,0,1,0
C102920,2,43,57,East,app,Premium,5,12.36,0.117,0,0.282,0,1,0
C102921,14,26,52,Center,store,Basic,5,13.4,0.087,0,0.197,0,0,0
C102922,14,69,41,Center,web,Premium,2,15.38,0.151,1,0.053,0,1,0
C102923,23,49,64,East,app,Basic,4,13.44,0.384,0,0.187,0,0,1
C102924,16,70,65,North,app,Basic,6,13.89,0.115,0,0.01,0,0,0
C102925,1,27,20,East,web,Plus,3,10.02,0.46,1,0.176,0,0,1
C102926,14,56,10,South,web,Premium,4,3.39,0.074,1,0.154,0,0,0
C102927,24,20,66,South,store,Basic,7,11.07,0.029,1,0.0,0,1,1
C102928,22,74,2,East,app,Plus,9,14.71,0.407,0,0.225,0,1,0
C102929,5,71,54,South,app,Plus,6,7.97,0.001,0,0.229,0,0,1
C102930,21,68,52,Center,store,Basic,1,9.49,0.119,0,0.225,1,1,1
C102931,5,37,46,North,app,Premium,5,17.41,0.08,0,0.215,0,0,0
C102932,24,57,35,West,app,Basic,4,15.19,0.267,0,0.067,0,1,1
C102933,17,28,14,West,app,Plus,4,13.95,0.236,0,0.142,0,0,0
C102934,15,65,40,South,web,Plus,6,11.47,0.365,0,0.169,0,0,0
C102935,21,23,20,South,app,Basic,4,10.08,0.134,1,0.164,1,0,1
C102936,12,59,62,North,app,Basic,6,12.75,0.194,0,0.134,0,0,1
C102937,19,55,8,Center,store,Basic,8,5.25,0.23,0,0.124,2,0,1
C102938,4,34,27,South,app,Premium,6,10.01,0.051,0,0.201,0,1,0
C102939,12,44,64,East,app,Premium,3,19.19,0.139,0,0.111,0,0,0
C102940,21,45,45,North,app,Plus,5,15.16,0.039,0,0.0,0,0,0
C102941,7,18,58,North,web,Basic,6,8.03,0.0,0,0.176,0,1,0
C102942,4,20,11,West,web,Basic,3,13.96,0.344,1,0.123,0,0,1
C102943,12,58,7,East,store,Basic,4,15.21,0.18,0,0.0,1,0,1
C102944,20,57,36,North,app,Basic,7,10.1,0.085,0,0.04,0,0,0
C102945,9,32,38,East,web,Plus,2,13.95,0.229,0,0.0,0,1,0
C102946,2,43,59,East,web,Basic,7,6.73,0.0,0,0.0,0,0,0
C102947,6,62,16,North,web,Basic,7,10.14,0.255,0,0.255,0,0,0
C102948,18,56,41,East,app,Plus,8,9.69,0.197,0,0.191,0,0,0
C102949,7,45,55,Center,app,Premium,3,17.65,0.169,0,0.0,0,1,0
C102950,12,67,33,Center,web,Premium,2,11.21,0.135,0,0.197,0,1,1
C102951,20,48,41,North,app,Basic,3,9.88,0.131,1,0.135,0,1,0
C102952,4,18,67,South,web,Plus,6,9.49,0.207,1,0.188,2,1,0
C102953,24,44,68,South,web,Basic,6,11.99,0.253,0,0.096,0,0,0
C102954,12,31,68,South,web,Premium,3,19.02,0.303,0,0.142,0,0,0
C102955,9,56,52,North,web,Plus,7,14.61,0.243,0,0.147,0,1,0
C102956,21,23,43,East,app,Basic,5,11.62,0.286,0,0.035,0,1,0
C102957,18,74,8,Center,app,Premium,1,12.0,0.381,2,0.0,0,1,0
C102958,11,52,25,Center,app,Plus,6,16.99,0.456,0,0.145,0,0,0
C102959,4,63,27,South,app,Basic,7,4.56,0.107,0,0.06,0,1,0
C102960,5,44,56,North,store,Premium,10,1.0,0.316,1,0.031,0,1,0
C102961,8,21,41,West,app,Basic,5,10.5,0.467,0,0.052,0,1,0
C102962,9,42,17,South,web,Premium,6,8.64,0.277,0,0.188,1,0,0
C102963,23,46,65,East,app,Premium,7,11.02,0.369,1,0.061,1,0,0
C102964,5,41,6,Center,web,Basic,6,13.34,0.03,0,0.24,0,0,1
C102965,14,31,27,Center,store,Plus,4,5.24,0.395,0,0.0,0,0,1
C102966,10,29,42,Center,app,Basic,0,15.72,0.095,1,0.153,0,1,0
C102967,3,23,14,Center,app,Plus,6,11.57,0.018,0,0.181,1,1,0
C102968,3,46,9,Center,app,Premium,6,6.34,0.224,0,0.0,0,1,0
C102969,14,29,21,East,web,Plus,7,12.74,0.043,0,0.019,0,0,0
C102970,20,53,17,South,web,Basic,4,10.33,0.293,0,0.0,0,0,0
C102971,14,32,18,East,web,Premium,6,14.8,0.084,0,0.086,0,0,0
C102972,8,42,23,North,app,Basic,6,4.75,0.0,0,0.163,0,1,0
C102973,1,72,11,Center,web,Plus,4,6.65,0.146,1,0.1,0,0,1
C102974,11,47,36,North,web,Basic,4,21.07,0.226,0,0.099,0,1,0
C102975,20,60,25,West,app,Premium,3,8.92,0.168,0,0.0,0,0,0
C102976,4,56,31,North,app,Basic,3,13.27,0.16,0,0.12,0,0,0
C102977,14,66,18,South,web,Plus,7,16.94,0.191,1,0.108,0,1,1
C102978,12,21,51,South,web,Basic,2,18.87,0.087,0,0.11,0,1,1
C102979,19,57,37,North,app,Basic,5,16.55,0.134,0,0.112,0,1,1
C102980,18,31,40,West,web,Basic,6,9.16,0.0,1,0.165,0,1,1
C102981,11,35,64,West,web,Basic,6,14.01,0.099,0,0.0,0,1,0
C102982,23,69,53,Center,store,Basic,5,14.48,0.345,0,0.182,1,0,0
C102983,1,40,68,North,app,Basic,2,17.43,0.35,0,0.0,0,0,0
C102984,21,47,4,South,web,Plus,4,15.88,0.081,1,0.173,1,0,0
C102985,23,43,12,South,app,Basic,6,9.21,0.255,1,0.299,0,1,1
C102986,1,24,59,South,app,Basic,4,7.99,0.139,1,0.01,0,1,0
C102987,4,34,41,South,web,Basic,3,18.09,0.0,1,0.088,0,1,0
C102988,23,26,71,West,app,Basic,4,7.09,0.154,0,0.103,0,0,0
C102989,23,42,48,East,web,Basic,2,14.48,0.0,1,0.083,0,1,1
C102990,19,18,60,Center,web,Basic,2,14.92,0.241,0,0.07,0,0,0
C102991,9,61,11,East,web,Plus,7,7.1,0.157,0,0.007,1,0,0
C102992,5,48,6,Center,web,Plus,1,10.84,0.0,0,0.158,0,1,1
C102993,19,22,38,West,web,Plus,9,8.24,0.329,0,0.188,0,1,0
C102994,9,74,39,Center,web,Premium,8,18.0,0.125,0,0.092,0,0,1
C102995,24,33,15,North,store,Premium,3,8.18,0.198,0,0.024,0,0,0
C102996,22,37,63,West,app,Plus,6,14.28,0.082,0,0.01,0,0,0
C102997,13,45,26,Center,app,Basic,6,11.11,0.035,0,0.0,0,1,1
C102998,15,48,31,East,app,Basic,3,17.02,0.091,0,0.04,0,0,0
C102999,16,56,23,South,web,Basic,8,14.31,0.036,0,0.0,1,1,0
C103000,12,48,36,East,app,Basic,3,15.12,0.324,0,0.0,0,1,0
C103001,1,54,58,East,store,Plus,3,12.81,0.147,1,0.041,0,1,0
C103002,21,35,33,West,app,Basic,4,18.2,0.062,0,0.109,0,0,1
C103003,20,59,17,East,app,Plus,6,9.82,0.113,0,0.021,0,0,0
C103004,11,66,48,South,web,Basic,3,16.04,0.187,0,0.0,0,0,0
C103005,19,23,39,Center,app,Basic,9,13.79,0.0,0,0.148,0,0,0
C103006,13,24,14,Center,web,Basic,2,12.87,0.306,0,0.042,0,0,1
C103007,24,28,42,Center,app,Plus,7,12.44,0.316,0,0.167,0,0,0
C103008,18,36,17,Center,app,Basic,4,4.19,0.09,0,0.131,1,0,1
C103009,13,35,24,Center,web,Basic,4,15.96,0.242,0,0.017,0,1,0
C103010,21,62,10,Center,web,Basic,1,14.36,0.143,0,0.092,0,1,0
C103011,5,34,66,Center,app,Basic,5,18.97,0.275,0,0.138,0,0,1
C103012,8,68,51,Center,web,Basic,1,13.8,0.195,0,0.065,0,0,0
C103013,24,61,24,Center,web,Basic,2,9.16,0.239,1,0.17,0,1,1
C103014,2,71,42,North,app,Plus,4,15.57,0.176,1,0.272,0,0,0
C103015,19,74,24,South,app,Basic,4,7.74,0.242,2,0.0,0,0,0
C103016,4,22,68,North,web,Plus,1,9.0,0.128,0,0.053,0,0,1
C103017,21,56,50,Center,web,Plus,6,13.49,0.202,0,0.026,0,0,0
C103018,17,67,4,North,web,Plus,5,6.98,0.258,0,0.227,0,0,1
C103019,6,19,35,East,web,Plus,3,17.56,0.18,0,0.2,1,0,0
C103020,16,27,29,Center,web,Premium,9,13.87,0.302,1,0.089,0,0,0
C103021,17,34,52,North,app,Basic,9,10.6,0.214,0,0.125,0,1,0
C103022,13,29,70,East,web,Basic,6,7.64,0.042,0,0.119,0,1,0
C103023,24,63,11,Center,app,Basic,1,17.2,0.063,0,0.086,1,0,1
C103024,10,25,12,East,app,Basic,5,12.22,0.349,0,0.182,0,0,1
C103025,19,70,11,Center,app,Premium,4,21.25,0.218,0,0.0,0,1,0
C103026,21,38,67,Center,app,Plus,6,9.48,0.202,1,0.074,0,0,0
C103027,7,51,53,South,app,Premium,1,11.45,0.161,0,0.052,0,0,0
C103028,12,41,34,North,app,Plus,6,9.68,0.111,0,0.153,0,1,0
C103029,23,37,28,West,store,Basic,5,7.83,0.002,0,0.178,1,0,0
C103030,15,67,42,North,store,Basic,3,12.06,0.253,1,0.047,0,0,1
C103031,17,38,61,West,web,Plus,3,11.7,0.016,0,0.048,0,1,0
C103032,13,73,5,South,web,Premium,7,21.26,0.023,1,0.024,0,1,1
C103033,12,54,17,East,app,Basic,3,10.98,0.111,2,0.051,0,0,1
C103034,4,38,47,North,app,Premium,9,14.5,0.222,0,0.021,0,1,0
C103035,6,67,18,West,web,Plus,3,12.71,0.03,1,0.004,0,1,1
C103036,20,33,69,South,web,Basic,1,7.49,0.112,0,0.148,0,0,0
C103037,3,37,62,Center,app,Basic,4,10.31,0.189,1,0.068,0,1,1
C103038,17,68,58,North,app,Premium,7,19.7,0.0,0,0.211,1,0,0
C103039,18,28,26,North,app,Premium,4,15.4,0.122,0,0.269,0,0,1
C103040,23,68,6,West,web,Plus,3,15.94,0.0,1,0.086,0,1,1
C103041,5,18,8,West,app,Premium,2,8.39,0.478,1,0.128,0,0,1
C103042,9,18,40,Center,app,Plus,6,18.25,0.12,1,0.143,0,1,0
C103043,24,25,16,East,web,Premium,4,12.11,0.157,0,0.0,0,1,0
C103044,3,53,54,East,web,Basic,5,8.44,0.126,0,0.0,0,0,0
C103045,17,66,55,Center,store,Basic,4,9.46,0.187,0,0.223,0,1,0
C103046,14,66,17,Center,app,Basic,4,11.85,0.244,0,0.0,0,0,1
C103047,24,53,19,South,app,Basic,3,13.34,0.204,0,0.33,0,0,0
C103048,13,54,67,Center,store,Basic,8,13.53,0.0,0,0.183,0,1,0
C103049,16,74,40,East,app,Basic,7,17.61,0.277,0,0.112,0,0,0
C103050,3,72,6,Center,web,Premium,6,15.11,0.245,1,0.159,0,0,0
C103051,17,21,60,South,app,Plus,6,6.86,0.058,0,0.166,0,0,0
C103052,13,49,59,North,app,Premium,1,15.07,0.085,1,0.0,0,0,1
C103053,16,38,44,West,store,Basic,7,2.08,0.389,0,0.0,1,1,0
C103054,21,25,16,North,app,Plus,4,13.54,0.312,0,0.054,0,1,0
C103055,20,63,54,East,app,Basic,4,11.97,0.194,0,0.122,0,1,0
C103056,15,48,29,South,app,Premium,8,8.88,0.309,0,0.079,0,0,0
C103057,16,55,70,Center,store,Basic,5,17.04,0.221,0,0.024,0,1,0
C103058,3,47,61,West,app,Plus,3,12.44,0.178,0,0.0,0,1,0
C103059,6,21,22,North,app,Plus,2,12.88,0.231,0,0.0,1,0,0
C103060,11,67,64,Center,store,Basic,8,8.88,0.389,0,0.063,0,1,1
C103061,2,40,63,Center,web,Plus,5,14.62,0.23,0,0.0,0,1,0
C103062,16,30,18,South,app,Basic,9,9.43,0.116,1,0.078,0,0,0
C103063,6,54,40,South,app,Basic,3,7.2,0.177,0,0.0,0,0,0
C103064,19,35,52,East,store,Basic,1,10.87,0.144,0,0.059,0,1,0
C103065,14,57,15,West,app,Premium,7,15.43,0.469,1,0.0,0,0,0
C103066,1,47,61,North,app,Basic,6,10.17,0.339,0,0.057,0,0,0
C103067,10,43,10,South,app,Premium,2,19.81,0.124,0,0.121,0,1,0
C103068,20,23,52,Center,app,Basic,7,11.11,0.004,0,0.029,0,1,1
C103069,19,28,24,East,store,Premium,7,16.39,0.165,0,0.0,0,1,0
C103070,10,67,68,South,store,Premium,6,14.75,0.246,0,0.169,0,0,0
C103071,17,73,10,Center,app,Plus,6,17.42,0.25,0,0.0,0,1,0
C103072,2,49,25,North,web,Premium,2,10.33,0.44,0,0.0,0,0,0
C103073,21,44,55,Center,app,Basic,6,15.53,0.137,0,0.278,0,0,0
C103074,10,28,28,Center,web,Basic,5,17.24,0.166,0,0.0,1,0,0
C103075,3,58,40,Center,web,Plus,11,8.18,0.327,1,0.021,1,1,0
C103076,15,54,20,Center,app,Plus,3,9.45,0.0,0,0.238,0,0,0
C103077,9,48,4,South,web,Premium,4,5.14,0.153,0,0.204,0,1,0
C103078,15,33,2,Center,app,Plus,2,10.73,0.314,0,0.16,0,0,0
C103079,15,22,63,West,app,Premium,7,8.37,0.254,0,0.099,0,0,0
C103080,10,73,58,Center,web,Basic,8,16.65,0.196,0,0.135,0,1,0
C103081,2,31,43,Center,app,Basic,7,5.45,0.076,1,0.18,1,1,0
C103082,9,55,49,Center,app,Plus,3,7.75,0.142,0,0.045,0,1,0
C103083,11,21,32,West,app,Premium,7,4.85,0.313,0,0.081,0,1,0
C103084,17,56,38,South,web,Basic,7,6.2,0.134,0,0.045,0,1,0
C103085,15,28,11,West,app,Basic,4,14.95,0.035,0,0.001,0,0,1
C103086,10,57,7,North,web,Premium,12,8.5,0.253,1,0.063,1,1,0
C103087,17,29,34,West,app,Basic,4,10.09,0.036,0,0.175,0,0,1
C103088,17,46,71,North,web,Basic,2,17.39,0.016,1,0.03,1,0,0
C103089,1,41,66,West,app,Plus,2,15.42,0.161,2,0.059,0,0,0
C103090,15,47,39,North,app,Basic,5,13.64,0.135,0,0.051,0,1,0
C103091,20,36,42,West,app,Basic,2,13.8,0.34,0,0.029,0,0,0
C103092,10,37,59,South,web,Plus,2,12.49,0.129,0,0.063,0,1,0
C103093,21,38,33,East,app,Basic,5,21.32,0.0,1,0.0,0,1,1
C103094,13,54,27,Center,app,Basic,2,16.07,0.282,1,0.0,0,1,0
C103095,20,64,44,Center,store,Basic,6,14.65,0.241,0,0.155,0,1,0
C103096,5,38,37,North,app,Basic,4,16.41,0.068,0,0.0,0,1,1
C103097,11,19,40,North,app,Basic,3,17.49,0.004,0,0.088,0,1,0
C103098,17,29,3,South,app,Plus,6,13.84,0.453,0,0.059,0,0,0
C103099,22,23,45,Center,web,Basic,4,12.67,0.256,0,0.117,0,0,0
C103100,19,53,28,North,store,Basic,3,9.36,0.143,0,0.158,1,0,1
C103101,3,64,15,North,app,Basic,3,14.62,0.317,0,0.039,0,1,0
C103102,1,30,56,North,web,Premium,3,9.97,0.085,0,0.021,0,0,0
C103103,24,48,11,North,app,Basic,3,19.24,0.18,0,0.122,0,1,1
C103104,11,45,14,Center,store,Basic,7,11.6,0.144,0,0.131,0,1,1
C103105,11,43,1,West,app,Basic,3,12.52,0.134,0,0.052,1,0,0
C103106,12,68,52,South,web,Premium,4,12.15,0.214,2,0.169,0,0,0
C103107,22,33,60,East,app,Plus,2,5.68,0.309,0,0.123,0,0,0
C103108,24,53,28,North,app,Premium,9,6.43,0.11,0,0.173,0,0,0
C103109,4,48,1,East,web,Basic,3,16.24,0.153,1,0.031,0,1,1
C103110,9,67,33,West,app,Plus,9,14.07,0.246,0,0.136,0,1,0
C103111,9,30,19,West,app,Plus,7,14.74,0.0,0,0.22,0,1,0
C103112,20,71,17,East,app,Premium,5,6.11,0.121,0,0.226,0,1,0
C103113,18,66,42,South,web,Basic,7,13.55,0.071,0,0.262,0,0,0
C103114,6,43,51,West,store,Basic,7,9.76,0.302,1,0.028,0,0,0
C103115,20,64,36,North,web,Premium,7,15.8,0.153,1,0.078,0,0,1
C103116,11,54,24,East,app,Premium,7,11.4,0.3,1,0.027,1,1,1
C103117,5,36,65,East,app,Plus,7,10.69,0.0,0,0.174,0,1,0
C103118,21,66,39,East,web,Premium,5,10.84,0.35,0,0.109,0,0,1
C103119,22,19,16,Center,app,Premium,5,14.27,0.197,0,0.016,1,1,1
C103120,13,25,58,North,app,Plus,6,15.3,0.015,1,0.054,0,1,0
C103121,17,68,9,North,store,Plus,5,5.71,0.229,1,0.101,0,0,0
C103122,11,63,62,South,app,Basic,3,10.24,0.375,0,0.0,0,1,0
C103123,9,35,12,Center,web,Plus,7,7.82,0.277,1,0.0,0,0,1
C103124,15,74,41,West,app,Plus,3,8.16,0.151,0,0.061,0,1,0
C103125,10,55,36,North,store,Plus,4,14.37,0.157,1,0.152,1,0,0
C103126,18,31,69,East,app,Plus,5,10.63,0.255,0,0.04,0,1,0
C103127,22,66,21,Center,store,Plus,5,1.25,0.096,0,0.0,0,0,0
C103128,10,74,8,Center,web,Basic,2,12.57,0.337,0,0.197,0,1,1
C103129,23,63,33,Center,store,Premium,6,14.28,0.263,0,0.012,0,0,1
C103130,7,53,23,Center,web,Basic,5,22.92,0.261,0,0.0,0,1,0
C103131,21,67,49,Center,app,Basic,8,11.64,0.059,0,0.124,0,0,0
C103132,8,63,5,Center,app,Basic,3,12.25,0.0,0,0.198,3,1,1
C103133,22,45,23,North,store,Plus,5,23.57,0.293,0,0.0,0,1,0
C103134,1,61,64,West,app,Plus,4,15.37,0.189,1,0.295,0,0,0
C103135,5,66,48,Center,web,Plus,4,10.89,0.043,0,0.152,0,0,0
C103136,2,19,9,South,web,Plus,6,15.98,0.246,0,0.0,1,1,0
C103137,10,44,2,East,app,Plus,5,11.79,0.294,2,0.0,0,0,0
C103138,19,71,38,Center,app,Basic,7,10.85,0.263,0,0.0,0,0,0
C103139,14,33,39,West,app,Basic,11,7.49,0.12,0,0.18,0,0,0
C103140,4,53,14,Center,app,Plus,4,20.35,0.007,0,0.0,0,1,0
C103141,17,45,65,North,app,Plus,7,14.78,0.245,0,0.0,0,1,0
C103142,12,51,2,North,app,Basic,5,11.3,0.435,1,0.0,0,1,0
C103143,15,37,67,Center,web,Basic,4,6.93,0.267,1,0.072,0,1,0
C103144,23,54,1,North,store,Plus,7,9.63,0.288,0,0.154,1,0,0
C103145,6,61,41,South,app,Plus,3,1.0,0.12,0,0.045,1,1,0
C103146,16,60,70,South,app,Premium,2,19.43,0.151,0,0.137,1,0,1
C103147,19,65,70,North,app,Basic,1,7.91,0.018,0,0.0,0,0,0
C103148,8,32,68,West,app,Plus,8,12.93,0.393,0,0.109,0,1,0
C103149,18,26,17,East,app,Basic,4,14.18,0.341,0,0.137,0,1,0
C103150,7,48,51,South,app,Plus,5,15.43,0.221,1,0.143,0,1,0
C103151,3,27,22,West,web,Basic,2,11.81,0.047,0,0.087,0,0,1
C103152,7,53,23,South,web,Plus,7,9.75,0.177,0,0.119,0,0,1
C103153,21,39,32,North,store,Plus,6,17.11,0.183,1,0.069,0,0,1
C103154,16,58,31,East,web,Plus,5,19.08,0.259,0,0.409,0,1,0
C103155,10,44,37,West,web,Plus,6,8.38,0.123,0,0.096,0,0,0
C103156,10,50,8,North,store,Plus,5,14.24,0.187,0,0.235,3,1,0
C103157,8,72,59,South,app,Basic,8,14.48,0.281,0,0.038,0,0,0
C103158,18,53,25,Center,app,Basic,4,10.07,0.214,0,0.0,0,0,1
C103159,9,71,32,West,app,Premium,3,14.29,0.335,1,0.093,1,0,0
C103160,21,31,55,North,app,Premium,10,14.01,0.071,1,0.134,0,1,0
C103161,7,73,4,East,web,Basic,4,8.88,0.043,0,0.061,0,1,0
C103162,10,30,44,North,web,Plus,7,12.15,0.225,0,0.0,0,0,0
C103163,19,59,50,South,app,Basic,6,11.48,0.28,0,0.069,0,0,0
C103164,1,20,60,East,web,Basic,7,10.97,0.337,0,0.026,1,0,0
C103165,2,56,16,East,app,Plus,6,14.46,0.091,1,0.063,0,0,1
C103166,14,68,11,North,web,Premium,8,15.16,0.131,2,0.312,0,0,0
C103167,22,33,63,Center,store,Plus,4,19.08,0.187,1,0.065,0,0,0
C103168,10,26,37,North,app,Premium,3,3.83,0.0,0,0.188,0,1,0
C103169,20,39,16,North,web,Basic,5,8.3,0.106,2,0.105,0,0,1
C103170,24,21,60,North,web,Premium,2,10.7,0.162,0,0.218,0,0,0
C103171,20,18,21,North,web,Basic,4,13.17,0.211,0,0.295,0,0,1
C103172,4,42,20,West,app,Basic,6,16.24,0.088,1,0.38,0,0,1
C103173,3,65,10,South,web,Basic,4,4.24,0.233,1,0.138,0,0,1
C103174,15,40,48,Center,app,Basic,5,12.58,0.074,0,0.161,0,1,0
C103175,11,33,22,Center,app,Plus,5,3.97,0.013,0,0.028,0,1,1
C103176,11,30,51,North,app,Basic,5,17.75,0.183,0,0.051,0,0,0
C103177,7,22,43,North,store,Premium,6,12.78,0.049,0,0.0,0,1,0
C103178,16,40,45,South,app,Basic,5,10.16,0.067,1,0.104,0,0,0
C103179,13,35,19,East,app,Premium,2,8.42,0.199,0,0.086,0,0,0
C103180,2,43,29,South,store,Plus,8,9.71,0.119,0,0.152,0,0,0
C103181,6,36,4,West,app,Basic,2,11.98,0.198,0,0.169,0,0,0
C103182,10,51,25,West,web,Basic,3,11.89,0.298,0,0.112,0,1,0
C103183,9,59,42,East,store,Premium,3,8.51,0.075,0,0.17,0,0,0
C103184,13,18,69,Center,web,Plus,4,10.68,0.113,0,0.078,0,0,0
C103185,15,18,53,East,app,Basic,7,16.88,0.182,0,0.039,0,0,0
C103186,9,33,10,Center,web,Basic,5,16.55,0.204,0,0.0,0,1,0
C103187,24,31,8,West,app,Basic,7,10.09,0.165,0,0.111,0,0,1
C103188,13,23,69,Center,app,Plus,5,8.15,0.087,0,0.011,1,0,0
C103189,24,69,31,West,web,Premium,2,9.19,0.166,0,0.089,0,1,0
C103190,16,23,27,North,app,Basic,5,18.73,0.15,0,0.037,0,0,0
C103191,9,66,5,East,store,Basic,4,18.21,0.11,0,0.063,0,0,0
C103192,19,21,5,South,web,Premium,3,8.32,0.158,0,0.086,0,1,1
C103193,21,53,2,East,store,Premium,3,11.77,0.092,1,0.184,1,0,1
C103194,2,39,29,South,app,Basic,3,16.05,0.184,0,0.064,0,1,1
C103195,15,49,27,East,app,Basic,1,11.93,0.071,1,0.129,0,1,1
C103196,24,47,35,East,app,Basic,4,11.73,0.2,0,0.191,1,1,0
C103197,9,30,21,South,web,Premium,2,5.46,0.378,0,0.0,0,0,0
C103198,15,23,34,West,app,Basic,5,12.91,0.0,0,0.002,0,0,1
C103199,13,67,63,North,web,Premium,4,16.33,0.212,1,0.0,0,1,0
C103200,16,59,58,West,app,Plus,11,10.98,0.008,0,0.091,0,1,0
C103201,2,61,1,South,app,Basic,7,7.67,0.169,0,0.0,0,1,0
C103202,19,53,4,East,app,Basic,6,14.17,0.074,0,0.205,0,0,1
C103203,8,47,46,South,app,Plus,3,15.33,0.104,0,0.0,0,0,1
C103204,24,66,30,Center,app,Basic,7,9.55,0.207,0,0.108,0,1,0
C103205,6,27,53,South,web,Basic,8,5.73,0.202,0,0.117,0,0,0
C103206,5,52,4,West,app,Plus,8,12.98,0.16,1,0.167,0,0,1
C103207,15,30,30,Center,store,Basic,3,7.52,0.183,0,0.032,0,0,0
C103208,16,55,62,West,web,Premium,4,15.49,0.307,0,0.0,0,1,0
C103209,20,39,36,North,app,Basic,3,14.13,0.214,0,0.071,0,1,0
C103210,2,42,56,South,app,Plus,6,10.98,0.199,1,0.082,0,1,0
C103211,24,36,18,East,app,Basic,3,12.79,0.227,0,0.039,0,0,0
C103212,8,51,6,Center,web,Plus,5,7.19,0.113,0,0.129,1,0,1
C103213,10,21,18,North,app,Basic,8,10.35,0.314,0,0.189,0,0,0
C103214,2,61,50,East,web,Plus,7,5.3,0.097,2,0.059,0,0,0
C103215,3,41,4,East,app,Plus,1,16.61,0.189,0,0.134,0,0,1
C103216,24,73,16,Center,app,Plus,5,7.57,0.276,0,0.143,0,1,0
C103217,17,43,65,North,store,Basic,6,8.56,0.135,0,0.0,0,0,0
C103218,3,24,37,East,web,Premium,5,6.6,0.244,0,0.0,0,0,0
C103219,16,34,3,East,app,Premium,6,11.96,0.108,0,0.077,0,1,0
C103220,18,44,42,East,app,Plus,3,17.32,0.155,0,0.231,0,0,0
C103221,3,39,10,East,app,Plus,6,13.52,0.0,1,0.003,0,1,1
C103222,6,33,63,Center,app,Basic,2,11.5,0.287,0,0.139,0,0,1
C103223,8,36,52,South,web,Basic,4,13.08,0.305,0,0.033,1,0,0
C103224,8,59,62,Center,web,Plus,10,19.11,0.317,0,0.034,0,0,0
C103225,15,39,33,Center,web,Basic,9,9.04,0.371,0,0.029,1,1,0
C103226,9,26,5,Center,web,Basic,3,10.55,0.263,0,0.111,0,0,0
C103227,15,53,37,South,web,Premium,5,10.94,0.14,0,0.056,1,1,0
C103228,2,60,38,West,web,Plus,7,14.45,0.357,0,0.01,0,0,0
C103229,13,46,21,Center,app,Basic,8,10.3,0.359,1,0.0,0,0,0
C103230,16,59,18,Center,web,Premium,5,11.59,0.126,0,0.0,0,0,0
C103231,24,29,12,South,app,Plus,6,13.01,0.0,0,0.0,0,0,0
C103232,19,26,69,South,app,Plus,6,15.58,0.206,0,0.156,0,0,0
C103233,24,63,57,Center,app,Premium,4,16.95,0.362,1,0.089,0,1,0
C103234,9,62,12,South,web,Basic,4,9.11,0.066,0,0.031,0,0,0
C103235,12,47,9,South,web,Basic,4,9.51,0.358,0,0.212,0,0,1
C103236,16,45,63,East,app,Premium,3,9.85,0.256,0,0.013,0,1,0
C103237,2,44,22,North,web,Basic,5,13.63,0.371,0,0.084,0,0,1
C103238,18,30,22,South,web,Basic,4,11.6,0.142,0,0.138,1,1,1
C103239,19,58,54,Center,web,Premium,4,14.05,0.196,1,0.0,0,0,0
C103240,20,39,10,West,app,Basic,3,15.14,0.116,0,0.054,0,0,0
C103241,19,60,22,South,app,Premium,2,6.62,0.164,0,0.119,0,1,0
C103242,5,43,18,East,store,Basic,5,14.15,0.178,1,0.227,1,0,0
C103243,12,66,68,East,app,Premium,3,10.35,0.098,2,0.078,1,0,0
C103244,24,66,57,North,app,Basic,8,13.62,0.039,1,0.01,0,0,0
C103245,3,64,13,North,web,Plus,4,11.71,0.224,0,0.0,0,0,0
C103246,6,33,33,East,app,Premium,6,10.66,0.243,0,0.171,0,0,0
C103247,24,56,38,North,app,Plus,5,14.17,0.084,0,0.09,0,1,1
C103248,2,60,14,West,app,Plus,5,16.32,0.0,0,0.054,0,1,0
C103249,19,59,39,East,app,Plus,7,10.09,0.012,1,0.182,0,0,0
C103250,6,68,69,Center,app,Plus,3,13.68,0.036,0,0.0,0,1,0
C103251,16,26,36,South,web,Plus,10,16.79,0.247,0,0.06,0,1,0
C103252,15,55,7,North,app,Basic,4,9.87,0.242,0,0.0,1,0,1
C103253,12,57,55,South,store,Plus,3,15.18,0.139,0,0.0,0,0,0
C103254,9,38,36,West,app,Premium,6,14.73,0.261,1,0.244,0,0,0
C103255,22,32,4,North,app,Plus,5,6.82,0.167,0,0.0,0,0,0
C103256,8,50,21,West,web,Basic,4,7.47,0.265,1,0.075,0,0,1
C103257,11,32,39,Center,app,Basic,3,9.75,0.024,0,0.115,0,0,0
C103258,23,51,30,Center,app,Basic,1,9.78,0.115,0,0.041,0,1,0
C103259,18,24,57,West,app,Basic,9,17.5,0.145,0,0.212,0,0,0
C103260,17,40,48,East,web,Basic,9,7.66,0.028,0,0.0,0,0,1
C103261,21,40,4,Center,store,Premium,9,17.27,0.285,0,0.0,0,0,0
C103262,5,59,56,West,app,Plus,4,8.13,0.295,0,0.214,0,1,0
C103263,7,19,39,North,store,Basic,5,6.26,0.0,0,0.013,1,1,0
C103264,3,38,41,South,app,Premium,3,9.86,0.386,0,0.0,1,0,0
C103265,10,55,32,South,web,Plus,5,8.17,0.063,1,0.119,0,1,0
C103266,23,46,28,West,app,Basic,5,11.04,0.199,0,0.0,0,0,0
C103267,10,60,29,North,web,Plus,6,12.85,0.132,0,0.285,0,1,0
C103268,23,67,30,Center,web,Basic,4,7.04,0.089,0,0.086,0,0,0
C103269,5,62,39,Center,store,Basic,2,10.35,0.139,0,0.337,0,1,0
C103270,12,37,15,North,app,Basic,7,16.01,0.371,0,0.143,2,1,1
C103271,13,25,45,South,app,Plus,2,9.13,0.114,1,0.0,1,1,1
C103272,22,22,52,East,web,Basic,2,19.86,0.146,0,0.044,0,1,0
C103273,1,54,50,West,web,Basic,6,11.32,0.303,1,0.148,0,1,0
C103274,8,25,50,North,app,Plus,6,8.11,0.21,0,0.124,0,1,1
C103275,12,65,64,South,web,Basic,7,19.09,0.058,1,0.261,0,1,0
C103276,2,51,29,West,app,Basic,2,7.9,0.141,0,0.063,0,1,1
C103277,18,20,47,North,store,Plus,6,14.86,0.043,0,0.0,1,0,0
C103278,5,63,66,East,store,Premium,8,16.49,0.182,0,0.0,0,0,0
C103279,3,29,71,Center,app,Plus,4,17.06,0.0,0,0.085,0,0,0
C103280,3,74,35,West,web,Premium,6,11.18,0.117,0,0.054,0,1,0
C103281,24,33,48,South,store,Premium,3,6.2,0.176,0,0.213,1,0,1
C103282,14,49,50,West,app,Basic,6,15.34,0.14,0,0.141,0,1,0
C103283,7,44,20,North,web,Plus,11,12.01,0.158,1,0.0,0,0,0
C103284,8,38,39,South,web,Basic,2,6.15,0.095,0,0.0,0,1,1
C103285,24,27,11,Center,web,Premium,5,13.07,0.268,0,0.047,0,0,0
C103286,20,21,41,North,app,Plus,9,8.34,0.186,0,0.046,1,0,0
C103287,6,48,6,Center,web,Plus,4,13.11,0.367,1,0.165,0,0,1
C103288,9,74,22,East,app,Premium,3,11.13,0.242,0,0.203,0,0,0
C103289,19,37,20,South,app,Basic,4,15.3,0.148,0,0.0,0,1,0
C103290,10,35,52,South,app,Basic,7,13.44,0.191,0,0.066,1,0,0
C103291,17,55,9,Center,store,Plus,4,8.37,0.429,0,0.025,0,1,1
C103292,22,74,45,South,app,Plus,4,15.85,0.232,0,0.125,0,1,0
C103293,9,48,49,Center,app,Plus,6,15.58,0.149,2,0.156,0,0,1
C103294,9,73,20,West,app,Premium,6,21.34,0.0,1,0.077,0,1,0
C103295,18,57,49,West,web,Basic,8,14.4,0.0,0,0.047,2,0,0
C103296,23,63,45,Center,web,Basic,4,12.72,0.31,0,0.042,1,1,1
C103297,8,32,44,South,web,Basic,4,14.25,0.183,1,0.036,0,0,1
C103298,11,49,7,Center,web,Plus,1,11.41,0.01,0,0.144,0,1,1
C103299,13,58,28,South,app,Basic,6,14.71,0.159,0,0.155,0,0,0
C103300,1,38,24,North,app,Plus,1,11.48,0.075,0,0.053,0,0,1
C103301,6,59,33,West,store,Plus,2,17.43,0.075,0,0.091,0,0,0
C103302,21,40,62,Center,app,Basic,12,11.33,0.0,0,0.133,0,1,0
C103303,13,59,19,North,web,Plus,5,7.7,0.28,1,0.0,1,0,1
C103304,3,43,24,Center,web,Plus,4,9.78,0.096,1,0.07,0,1,0
C103305,19,21,66,West,web,Premium,2,20.09,0.0,0,0.035,0,1,0
C103306,7,23,31,Center,store,Premium,2,16.84,0.114,0,0.21,0,0,1
C103307,22,71,2,Center,app,Basic,8,7.64,0.312,0,0.0,0,1,1
C103308,1,54,52,West,web,Basic,3,12.12,0.0,0,0.0,1,0,0
C103309,15,50,23,East,web,Premium,10,11.53,0.082,0,0.15,0,0,0
C103310,13,61,47,Center,app,Premium,6,21.39,0.362,1,0.264,0,0,0
C103311,14,33,41,North,app,Premium,6,13.17,0.29,0,0.034,0,0,0
C103312,9,38,33,Center,app,Basic,11,12.59,0.266,0,0.025,0,0,0
C103313,9,42,13,Center,web,Basic,5,13.5,0.0,1,0.0,1,0,1
C103314,9,55,64,West,app,Plus,5,5.58,0.166,0,0.121,0,0,0
C103315,19,47,61,South,app,Premium,2,11.55,0.101,0,0.071,0,1,0
C103316,9,33,25,West,web,Plus,9,10.7,0.117,0,0.081,0,0,0
C103317,18,47,35,West,web,Plus,5,10.8,0.231,1,0.0,0,0,0
C103318,18,39,48,West,app,Basic,9,6.24,0.0,0,0.158,0,1,0
C103319,23,32,27,Center,app,Basic,4,14.54,0.184,0,0.122,0,1,1
C103320,1,28,43,Center,web,Basic,6,14.65,0.24,0,0.299,0,1,1
C103321,20,33,5,South,web,Basic,6,11.09,0.0,0,0.071,0,1,0
C103322,24,48,64,South,web,Basic,5,14.31,0.0,0,0.0,0,0,0
C103323,23,38,20,East,app,Basic,5,15.63,0.242,1,0.193,0,0,1
C103324,23,42,33,East,app,Plus,6,15.09,0.183,0,0.356,0,0,1
C103325,16,62,42,Center,store,Plus,4,11.66,0.187,0,0.038,0,1,0
C103326,10,57,17,East,web,Plus,5,4.2,0.076,0,0.197,0,0,0
C103327,14,42,20,Center,app,Basic,4,4.17,0.22,0,0.016,0,1,0
C103328,11,50,36,East,app,Basic,3,11.95,0.032,0,0.052,1,0,1
C103329,5,20,4,North,app,Plus,3,8.09,0.19,1,0.0,0,1,0
C103330,6,41,24,East,app,Premium,8,13.99,0.202,0,0.21,0,0,0
C103331,9,43,42,East,app,Premium,3,7.23,0.342,1,0.119,0,0,0
C103332,22,34,11,North,web,Premium,5,12.22,0.12,0,0.168,0,0,1
C103333,1,29,22,Center,app,Premium,7,16.7,0.0,0,0.261,2,0,0
C103334,6,60,69,Center,store,Plus,6,11.9,0.106,0,0.0,0,0,0
C103335,3,18,61,South,app,Plus,5,5.0,0.227,0,0.0,0,0,0
C103336,21,73,14,West,store,Basic,4,8.39,0.103,1,0.028,0,1,0
C103337,5,73,50,West,app,Plus,5,15.31,0.205,0,0.039,0,1,0
C103338,19,53,43,South,app,Plus,4,11.47,0.273,0,0.072,1,1,0
C103339,1,34,52,North,web,Basic,6,3.67,0.101,1,0.261,0,1,0
C103340,18,34,16,West,web,Basic,4,13.7,0.247,0,0.123,0,0,0
C103341,11,48,64,West,app,Basic,7,8.22,0.176,0,0.083,0,0,0
C103342,6,56,37,North,web,Plus,4,16.66,0.0,0,0.035,0,1,1
C103343,18,38,58,South,web,Plus,9,15.26,0.15,0,0.0,0,1,0
C103344,15,43,55,South,web,Plus,4,17.17,0.129,0,0.0,0,1,0
C103345,21,21,24,South,app,Basic,5,12.39,0.371,0,0.145,0,1,1
C103346,4,68,1,East,web,Plus,6,11.43,0.226,0,0.0,1,0,0
C103347,20,69,41,North,web,Premium,5,7.01,0.224,0,0.102,1,1,0
C103348,6,32,27,Center,app,Basic,7,7.21,0.037,0,0.201,0,1,0
C103349,16,71,19,Center,store,Premium,2,13.8,0.185,0,0.11,1,1,1
C103350,14,66,10,South,web,Basic,2,10.8,0.258,2,0.0,1,0,1
C103351,9,28,15,North,app,Plus,6,11.93,0.0,0,0.197,0,0,0
C103352,3,26,55,Center,app,Plus,2,13.74,0.125,0,0.065,0,1,0
C103353,8,41,15,North,app,Basic,5,3.91,0.009,0,0.0,1,1,1
C103354,2,57,54,North,app,Basic,5,10.66,0.173,0,0.029,0,0,0
C103355,11,39,8,Center,app,Basic,1,15.83,0.159,1,0.135,0,1,0
C103356,7,59,65,North,web,Plus,7,17.02,0.258,0,0.0,0,0,0
C103357,4,27,17,Center,app,Basic,6,15.54,0.354,0,0.075,0,1,1
C103358,5,70,58,North,web,Premium,5,22.75,0.173,1,0.1,0,0,0
C103359,2,55,16,East,web,Premium,7,10.82,0.141,0,0.029,1,1,0
C103360,6,32,15,North,app,Premium,7,11.24,0.261,0,0.166,2,1,1
C103361,19,62,48,East,app,Basic,5,10.66,0.032,0,0.129,0,0,0
C103362,14,41,7,South,app,Plus,6,11.45,0.152,1,0.027,0,1,1
C103363,14,61,18,North,web,Premium,5,10.73,0.056,1,0.097,0,1,0
C103364,15,58,44,Center,app,Basic,4,8.45,0.236,0,0.212,0,0,0
C103365,6,56,4,Center,app,Basic,5,8.62,0.197,0,0.043,0,0,0
C103366,5,24,20,Center,web,Plus,2,11.97,0.0,0,0.194,0,0,0
C103367,15,18,30,South,web,Basic,4,8.97,0.0,0,0.081,0,1,0
C103368,12,57,43,North,app,Basic,5,11.7,0.303,0,0.148,0,0,0
C103369,9,31,15,North,web,Premium,4,13.1,0.209,2,0.08,0,0,0
C103370,2,21,40,East,app,Premium,4,11.67,0.18,0,0.062,0,1,0
C103371,23,47,49,North,store,Premium,6,12.14,0.256,0,0.234,0,0,0
C103372,16,71,26,East,app,Premium,7,15.56,0.126,0,0.0,3,1,0
C103373,22,58,16,Center,web,Basic,5,5.9,0.158,0,0.0,0,1,0
C103374,11,35,19,North,app,Premium,7,10.74,0.245,1,0.0,0,1,0
C103375,22,40,40,East,app,Basic,6,10.04,0.269,0,0.211,0,0,0
C103376,7,57,1,Center,app,Plus,5,19.07,0.359,1,0.0,1,0,0
C103377,14,43,13,West,app,Plus,1,14.43,0.074,0,0.132,1,0,0
C103378,8,49,8,West,app,Plus,8,14.86,0.179,0,0.169,0,1,0
C103379,9,65,35,West,web,Plus,6,12.63,0.095,0,0.035,0,0,0
C103380,21,21,58,West,web,Basic,3,11.06,0.496,1,0.046,1,1,0
C103381,22,19,62,North,web,Premium,4,13.81,0.05,0,0.074,0,1,0
C103382,5,68,47,North,store,Basic,3,4.56,0.159,0,0.0,0,1,0
C103383,9,33,22,Center,app,Plus,4,16.65,0.426,0,0.087,0,0,0
C103384,13,64,4,Center,web,Basic,5,5.55,0.111,0,0.0,1,0,0
C103385,12,34,38,Center,store,Premium,12,9.42,0.313,0,0.072,2,0,0
C103386,9,66,15,South,app,Premium,6,15.99,0.227,0,0.192,0,0,0
C103387,23,74,32,East,web,Basic,5,8.22,0.188,0,0.061,1,0,0
C103388,14,70,43,East,web,Plus,5,13.76,0.325,0,0.136,0,1,0
C103389,10,30,5,West,app,Plus,9,13.77,0.13,0,0.223,0,0,1
C103390,18,47,7,South,web,Premium,1,7.8,0.094,0,0.061,0,1,0
C103391,15,20,2,West,app,Basic,7,16.18,0.132,2,0.171,0,1,1
C103392,16,33,65,North,web,Basic,3,4.63,0.221,0,0.093,0,1,0
C103393,8,41,60,North,app,Basic,4,12.36,0.258,0,0.075,0,0,0
C103394,1,20,14,Center,app,Basic,1,8.8,0.141,0,0.04,0,1,0
C103395,3,55,25,West,web,Basic,10,10.9,0.146,0,0.211,0,1,0
C103396,21,28,43,Center,web,Plus,4,13.0,0.0,0,0.0,0,1,0
C103397,10,26,49,North,web,Basic,6,10.15,0.172,1,0.207,0,1,1
C103398,6,55,28,North,web,Basic,8,21.22,0.041,0,0.019,0,0,1
C103399,19,65,30,Center,store,Basic,5,17.09,0.211,0,0.188,1,1,0
C103400,18,74,51,West,app,Premium,4,19.73,0.417,0,0.152,0,1,0
C103401,20,29,60,Center,app,Plus,7,15.86,0.376,0,0.078,0,0,0
C103402,6,62,10,West,store,Basic,3,12.02,0.3,0,0.013,1,0,0
C103403,5,58,14,West,app,Plus,7,11.33,0.196,0,0.201,0,0,0
C103404,22,64,54,East,web,Basic,2,15.51,0.21,1,0.065,0,1,0
C103405,23,27,35,West,web,Plus,7,6.25,0.177,0,0.0,0,0,0
C103406,17,45,14,Center,store,Basic,5,7.79,0.264,0,0.012,0,0,1
C103407,24,68,39,North,web,Basic,5,6.67,0.175,0,0.0,1,0,1
C103408,16,50,4,Center,web,Premium,5,15.01,0.0,0,0.054,0,0,0
C103409,4,29,57,North,app,Plus,6,8.38,0.193,0,0.001,1,0,0
C103410,17,18,25,West,app,Plus,2,13.47,0.366,0,0.002,0,0,0
C103411,19,59,3,North,web,Basic,4,11.81,0.103,0,0.186,0,0,1
C103412,21,21,67,South,app,Basic,5,9.67,0.0,2,0.031,0,0,1
C103413,12,65,26,Center,web,Basic,5,11.34,0.179,1,0.083,0,0,1
C103414,1,55,58,South,store,Basic,4,13.17,0.249,0,0.124,0,1,0
C103415,17,32,34,Center,web,Plus,6,15.08,0.251,0,0.157,0,0,0
C103416,6,30,3,East,web,Plus,1,14.56,0.309,0,0.233,0,1,0
C103417,21,23,42,North,app,Basic,1,5.27,0.058,0,0.248,1,0,0
C103418,17,37,7,Center,app,Plus,4,10.99,0.311,0,0.143,0,0,0
C103419,3,51,11,North,store,Plus,8,18.08,0.232,0,0.053,0,0,0
C103420,12,35,68,Center,app,Plus,2,20.23,0.123,2,0.0,0,0,0
C103421,15,46,39,East,store,Plus,8,14.8,0.333,0,0.014,1,0,0
C103422,4,53,18,West,web,Premium,7,16.57,0.336,0,0.0,1,0,0
C103423,6,45,50,North,store,Plus,5,15.65,0.245,1,0.0,0,1,1
C103424,13,32,41,East,app,Basic,3,7.02,0.11,0,0.0,0,0,0
C103425,7,62,53,East,web,Basic,4,8.19,0.279,0,0.0,0,0,0
C103426,2,58,48,North,web,Basic,5,11.55,0.095,0,0.247,1,1,0
C103427,13,44,16,North,web,Premium,5,10.17,0.34,0,0.091,0,1,0
C103428,20,28,29,West,app,Premium,2,13.53,0.155,0,0.035,0,1,0
C103429,9,46,32,North,app,Basic,8,9.92,0.189,0,0.083,0,0,0
C103430,19,38,13,West,store,Premium,6,4.27,0.126,0,0.0,0,0,0
C103431,10,45,22,South,app,Basic,3,7.9,0.595,1,0.0,1,0,1
C103432,7,25,45,West,web,Plus,1,6.98,0.0,0,0.129,0,0,0
C103433,10,43,28,South,store,Plus,6,22.01,0.193,0,0.096,0,1,0
C103434,15,20,24,North,app,Basic,6,16.13,0.207,1,0.0,0,0,0
C103435,22,41,26,South,app,Plus,5,11.5,0.154,1,0.192,0,0,1
C103436,10,57,13,Center,app,Plus,11,9.34,0.299,0,0.21,1,0,0
C103437,6,27,68,North,app,Plus,7,16.31,0.0,0,0.154,0,0,0
C103438,2,25,49,East,web,Premium,3,10.68,0.094,0,0.095,0,0,0
C103439,12,34,1,West,web,Plus,3,3.8,0.198,0,0.095,0,1,1
C103440,14,69,57,West,web,Premium,6,7.3,0.468,0,0.07,0,0,0
C103441,19,33,68,South,app,Plus,2,11.3,0.358,0,0.17,0,0,0
C103442,23,71,59,South,app,Basic,7,10.5,0.242,2,0.0,0,0,0
C103443,14,32,3,North,app,Plus,4,9.74,0.163,0,0.0,0,0,0
C103444,11,21,17,West,app,Basic,5,6.38,0.214,0,0.0,1,0,1
C103445,6,62,6,East,app,Plus,5,9.82,0.403,0,0.086,0,1,0
C103446,19,24,1,South,app,Basic,4,14.82,0.251,0,0.0,0,0,0
C103447,6,24,15,East,web,Plus,10,12.69,0.126,1,0.015,1,0,1
C103448,4,48,67,East,app,Basic,6,15.27,0.009,0,0.041,0,0,0
C103449,11,29,21,Center,app,Plus,4,7.59,0.358,0,0.149,0,0,0
C103450,22,52,41,North,app,Plus,3,10.86,0.15,0,0.149,0,0,1
C103451,18,48,61,West,web,Plus,0,9.64,0.188,0,0.124,0,1,0
C103452,10,58,68,North,app,Basic,8,12.86,0.311,0,0.0,0,1,0
C103453,10,35,60,Center,app,Plus,4,16.98,0.289,0,0.113,0,0,1
C103454,3,33,4,Center,app,Plus,4,9.96,0.14,0,0.101,0,0,1
C103455,18,31,67,North,app,Basic,5,12.24,0.245,0,0.001,0,0,0
C103456,6,60,39,Center,app,Basic,4,5.38,0.311,0,0.023,0,0,0
C103457,20,39,28,West,app,Plus,9,14.09,0.0,1,0.33,1,0,1
C103458,17,66,49,South,app,Plus,4,11.64,0.166,0,0.063,0,0,0
C103459,12,46,2,South,web,Basic,6,13.94,0.196,0,0.164,0,1,0
C103460,8,63,43,North,app,Premium,5,12.81,0.0,0,0.118,1,0,1
C103461,6,56,45,Center,store,Plus,4,15.13,0.112,0,0.0,0,1,0
C103462,3,57,10,North,store,Premium,5,14.46,0.342,0,0.024,0,0,0
C103463,4,73,64,Center,app,Plus,3,7.53,0.222,0,0.047,0,0,0
C103464,8,43,8,Center,web,Premium,3,12.28,0.053,1,0.032,0,1,0
C103465,19,66,8,Center,app,Plus,2,13.07,0.249,0,0.08,1,1,0
C103466,23,65,31,Center,app,Plus,7,16.91,0.287,0,0.409,0,1,1
C103467,11,42,59,East,store,Basic,4,7.85,0.13,0,0.0,0,1,0
C103468,16,57,29,Center,app,Plus,5,12.12,0.013,2,0.0,0,0,0
C103469,24,43,1,West,web,Basic,2,12.57,0.16,1,0.239,0,1,0
C103470,14,55,41,Center,web,Premium,8,11.25,0.116,0,0.009,0,1,0
C103471,17,41,52,North,web,Premium,7,8.15,0.165,2,0.12,0,0,1
C103472,19,46,29,Center,app,Premium,3,7.28,0.03,0,0.0,0,1,0
C103473,5,31,36,West,app,Plus,4,15.9,0.223,0,0.145,0,0,1
C103474,9,54,66,Center,app,Plus,6,10.14,0.252,0,0.115,0,1,0
C103475,20,72,65,East,store,Plus,1,6.89,0.328,0,0.175,0,1,0
C103476,7,38,37,East,web,Basic,10,9.83,0.011,0,0.081,1,0,0
C103477,4,21,63,Center,app,Basic,4,5.54,0.287,0,0.149,1,1,0
C103478,7,58,14,North,web,Premium,5,9.03,0.16,0,0.317,2,1,0
C103479,13,29,4,North,app,Basic,5,10.12,0.338,0,0.0,0,0,1
C103480,2,57,47,Center,store,Premium,5,10.0,0.099,1,0.067,1,1,0
C103481,6,55,36,East,app,Basic,0,7.78,0.118,2,0.029,0,1,0
C103482,6,72,17,Center,app,Basic,5,11.84,0.169,0,0.152,0,1,0
C103483,13,51,18,West,store,Plus,5,9.71,0.0,1,0.096,1,0,1
C103484,10,24,25,North,store,Basic,9,10.85,0.102,0,0.092,0,0,0
C103485,14,33,32,East,app,Plus,6,10.06,0.218,1,0.001,0,0,0
C103486,14,33,51,North,store,Basic,2,9.41,0.211,0,0.112,0,1,0
C103487,14,71,5,West,app,Premium,3,13.24,0.28,0,0.071,0,0,1
C103488,6,67,18,North,app,Plus,9,13.56,0.318,1,0.163,0,1,0
C103489,10,41,26,West,store,Basic,5,11.94,0.0,1,0.0,0,0,1
C103490,6,68,59,Center,store,Plus,7,7.19,0.221,0,0.105,1,1,0
C103491,15,51,30,Center,web,Plus,3,14.77,0.2,0,0.106,0,1,0
C103492,14,35,26,North,app,Premium,8,4.34,0.033,1,0.106,0,0,1
C103493,2,23,1,North,web,Basic,8,17.48,0.143,2,0.186,0,1,0
C103494,3,70,67,Center,app,Premium,6,13.32,0.124,0,0.119,2,1,1
C103495,23,68,34,West,app,Premium,2,16.57,0.442,0,0.031,0,0,0
C103496,9,60,55,West,store,Basic,6,17.2,0.156,0,0.109,0,0,0
C103497,6,23,64,North,app,Plus,4,2.05,0.186,0,0.0,0,1,0
C103498,20,49,9,South,app,Plus,4,9.24,0.342,0,0.116,0,1,0
C103499,18,40,5,North,app,Plus,3,15.39,0.15,1,0.317,1,0,1
C103500,20,56,3,North,web,Basic,6,16.72,0.311,0,0.055,0,0,0
C103501,2,68,68,South,app,Premium,6,5.82,0.01,0,0.095,0,0,0
C103502,12,48,27,South,web,Plus,7,9.04,0.331,0,0.272,0,1,1
C103503,16,71,35,West,store,Plus,3,15.93,0.099,2,0.066,0,1,1
C103504,21,29,5,West,app,Premium,5,9.99,0.162,0,0.248,0,0,0
C103505,1,69,15,North,app,Basic,6,12.48,0.0,0,0.105,0,0,0
C103506,18,67,17,South,web,Plus,5,11.92,0.0,0,0.0,0,0,0
C103507,24,65,69,East,web,Plus,5,15.66,0.236,1,0.138,0,1,0
C103508,7,72,53,East,web,Plus,3,14.46,0.187,0,0.0,0,0,0
C103509,20,31,34,South,app,Basic,3,14.47,0.002,0,0.053,1,1,0
C103510,6,28,42,South,web,Plus,6,13.18,0.207,0,0.052,0,0,1
C103511,15,19,32,South,web,Basic,9,11.13,0.268,0,0.229,0,0,0
C103512,19,61,4,Center,web,Plus,4,18.41,0.158,1,0.033,0,0,1
C103513,1,43,27,South,store,Basic,9,9.27,0.15,0,0.0,0,1,0
C103514,3,34,54,West,app,Plus,5,5.87,0.156,0,0.0,1,0,0
C103515,14,21,63,Center,web,Plus,3,6.6,0.258,0,0.207,0,0,0
C103516,5,33,58,Center,web,Basic,3,17.0,0.254,0,0.092,0,1,0
C103517,23,72,10,Center,web,Plus,4,6.63,0.143,1,0.077,0,0,0
C103518,18,22,59,West,web,Premium,2,15.27,0.019,0,0.172,0,1,1
C103519,22,18,15,Center,app,Plus,5,5.83,0.005,0,0.093,0,1,0
C103520,5,32,1,Center,app,Plus,4,12.8,0.045,0,0.013,1,0,0
C103521,14,36,21,East,app,Basic,6,12.17,0.318,0,0.015,0,0,0
C103522,19,29,27,Center,web,Plus,5,9.41,0.226,2,0.102,0,0,1
C103523,2,29,5,West,store,Basic,6,12.16,0.218,1,0.0,0,0,0
C103524,6,48,44,South,store,Basic,5,19.3,0.285,0,0.15,0,0,0
C103525,6,18,60,North,app,Plus,5,15.72,0.286,0,0.132,0,0,0
C103526,22,73,62,Center,store,Premium,5,18.86,0.198,0,0.0,0,0,0
C103527,16,46,35,North,app,Plus,5,15.7,0.174,0,0.152,1,0,0
C103528,5,38,19,Center,app,Basic,4,17.01,0.0,0,0.14,0,1,0
C103529,10,22,43,Center,store,Plus,8,15.76,0.132,0,0.0,0,0,1
C103530,4,29,18,Center,app,Plus,3,10.38,0.059,0,0.0,1,0,0
C103531,22,69,63,East,app,Premium,3,14.25,0.363,0,0.0,0,0,0
C103532,22,37,31,West,web,Plus,7,18.07,0.174,1,0.063,1,1,0
C103533,12,57,36,East,web,Basic,7,12.72,0.0,0,0.146,0,0,1
C103534,7,27,41,East,store,Premium,6,13.27,0.184,1,0.032,0,0,0
C103535,4,39,20,West,web,Plus,2,13.92,0.231,0,0.045,0,0,0
C103536,15,36,71,West,app,Plus,3,17.86,0.071,0,0.015,0,0,0
C103537,11,65,38,North,app,Basic,9,7.27,0.394,0,0.032,0,1,0
C103538,10,40,1,West,web,Basic,4,18.76,0.359,0,0.062,0,0,0
C103539,13,63,36,North,web,Premium,4,8.94,0.069,0,0.0,0,0,0
C103540,24,70,28,Center,web,Basic,3,11.1,0.123,0,0.036,0,0,1
C103541,3,36,22,East,web,Plus,6,15.16,0.142,0,0.077,1,1,0
C103542,9,30,10,North,web,Premium,8,8.87,0.114,1,0.0,0,0,0
C103543,8,66,17,West,web,Premium,6,16.28,0.232,0,0.0,1,0,0
C103544,13,70,43,West,app,Basic,3,13.44,0.222,0,0.022,0,0,0
C103545,20,70,26,North,web,Basic,4,15.05,0.205,0,0.166,0,1,0
C103546,21,25,41,South,app,Basic,0,10.0,0.255,0,0.288,1,0,1
C103547,21,53,53,West,app,Basic,4,8.7,0.011,0,0.078,1,1,0
C103548,11,24,31,South,app,Plus,5,12.59,0.15,2,0.153,0,0,0
C103549,1,38,12,South,store,Plus,6,9.23,0.121,1,0.133,0,1,1
C103550,18,41,47,South,web,Plus,4,12.54,0.0,0,0.147,0,0,1
C103551,7,69,71,South,store,Premium,4,21.18,0.351,0,0.164,0,1,0
C103552,12,59,59,South,web,Basic,4,15.07,0.384,0,0.042,0,1,0
C103553,17,71,17,East,store,Basic,4,12.04,0.237,0,0.121,0,0,0
C103554,19,65,60,West,web,Basic,7,12.84,0.226,0,0.117,0,1,0
C103555,6,37,20,North,store,Premium,4,16.9,0.111,0,0.059,0,0,1
C103556,8,67,8,Center,app,Basic,9,7.8,0.239,0,0.108,0,0,0
C103557,18,22,9,North,store,Basic,7,1.83,0.301,0,0.0,0,1,1
C103558,11,29,56,North,app,Plus,5,10.29,0.175,0,0.034,0,0,0
C103559,12,67,28,North,web,Plus,6,12.32,0.176,0,0.223,0,1,0
C103560,11,21,66,West,web,Premium,7,12.89,0.439,0,0.235,1,1,0
C103561,18,55,27,Center,app,Premium,4,11.59,0.329,0,0.028,0,0,0
C103562,13,68,5,South,app,Premium,5,7.18,0.174,0,0.122,0,0,0
C103563,18,31,49,Center,app,Premium,9,12.12,0.192,0,0.175,0,0,0
C103564,24,57,42,West,app,Basic,5,20.54,0.169,1,0.098,0,0,0
C103565,16,50,64,North,web,Premium,6,10.74,0.106,0,0.0,1,0,0
C103566,13,57,69,Center,web,Basic,9,14.25,0.215,0,0.189,0,0,0
C103567,12,35,18,Center,app,Basic,0,7.61,0.177,0,0.039,1,1,0
C103568,1,24,18,North,app,Premium,6,10.23,0.0,0,0.077,0,0,0
C103569,16,70,58,North,app,Basic,6,11.33,0.255,0,0.0,0,0,0
C103570,13,23,27,Center,web,Basic,5,15.03,0.104,0,0.0,0,1,0
C103571,7,37,22,North,web,Plus,2,12.81,0.171,1,0.151,0,0,0
C103572,20,18,11,North,store,Premium,6,11.2,0.14,0,0.0,0,0,1
C103573,22,29,29,West,app,Basic,4,13.6,0.337,0,0.0,0,1,0
C103574,2,55,24,Center,web,Premium,8,9.59,0.153,0,0.027,0,1,0
C103575,16,20,10,North,app,Premium,6,18.91,0.261,1,0.075,0,1,0
C103576,20,30,13,South,app,Plus,2,12.74,0.054,1,0.16,0,0,1
C103577,24,37,64,Center,web,Basic,3,12.23,0.135,1,0.158,0,0,0
C103578,23,36,9,East,app,Basic,2,9.67,0.333,0,0.137,0,0,1
C103579,12,74,27,Center,app,Basic,4,14.07,0.186,0,0.0,0,0,1
C103580,12,28,28,North,app,Basic,7,12.81,0.201,1,0.0,0,1,0
C103581,1,30,50,South,web,Basic,3,9.22,0.0,0,0.027,0,0,1
C103582,17,61,31,Center,store,Basic,2,10.66,0.191,1,0.083,0,0,0
C103583,22,44,2,West,web,Basic,6,1.0,0.235,0,0.136,0,0,0
C103584,21,46,43,Center,app,Basic,6,11.13,0.268,0,0.024,0,1,0
C103585,24,73,50,Center,app,Premium,5,11.49,0.0,1,0.118,0,0,1
C103586,22,29,39,North,app,Premium,5,4.81,0.2,0,0.0,0,1,0
C103587,4,18,17,Center,store,Basic,1,9.4,0.243,1,0.179,0,1,1
C103588,6,68,68,Center,app,Basic,2,17.11,0.236,1,0.189,0,1,0
C103589,22,34,33,South,app,Basic,5,9.48,0.081,0,0.0,0,0,1
C103590,10,36,47,Center,web,Plus,3,16.95,0.154,0,0.0,1,0,0
C103591,16,64,48,West,app,Premium,5,4.37,0.233,0,0.134,0,1,0
C103592,1,53,13,North,app,Plus,0,13.02,0.054,0,0.152,1,1,1
C103593,10,23,13,West,app,Basic,2,8.05,0.198,0,0.111,0,0,1
C103594,7,68,7,Center,app,Basic,4,7.7,0.112,0,0.186,0,1,0
C103595,13,70,38,Center,app,Basic,5,13.62,0.501,0,0.109,0,1,0
C103596,17,18,28,West,app,Plus,3,14.05,0.022,1,0.156,0,1,1
C103597,8,65,60,East,app,Basic,6,5.09,0.21,0,0.036,0,0,0
C103598,21,28,58,West,web,Basic,3,5.9,0.17,0,0.165,1,0,0
C103599,20,26,12,South,web,Basic,8,14.32,0.158,0,0.051,0,0,0
C103600,16,61,47,Center,app,Basic,5,10.3,0.219,3,0.103,0,1,0
C103601,23,51,34,South,app,Plus,2,15.39,0.258,0,0.232,0,0,1
C103602,18,42,5,East,web,Basic,4,12.7,0.327,0,0.0,0,0,0
C103603,6,49,14,North,app,Basic,8,16.71,0.096,1,0.128,0,0,0
C103604,22,29,58,North,app,Basic,8,16.49,0.028,1,0.041,0,0,1
C103605,22,57,11,West,store,Basic,3,7.8,0.147,0,0.158,0,1,0
C103606,21,38,31,East,app,Premium,4,14.66,0.073,0,0.16,0,1,0
C103607,6,35,35,East,app,Basic,8,12.36,0.245,0,0.031,0,0,0
C103608,4,49,57,North,app,Premium,4,12.31,0.34,0,0.204,0,1,0
C103609,22,39,33,West,web,Premium,5,13.66,0.163,0,0.057,0,0,1
C103610,21,21,39,Center,web,Basic,5,14.61,0.203,1,0.153,1,0,0
C103611,3,31,46,North,store,Plus,4,2.59,0.123,1,0.017,0,1,1
C103612,5,73,26,Center,app,Basic,3,13.82,0.162,0,0.144,0,0,0
C103613,17,34,61,Center,web,Plus,3,10.57,0.213,0,0.033,0,0,0
C103614,19,40,48,North,web,Premium,4,16.77,0.423,0,0.031,0,0,0
C103615,23,28,51,East,app,Plus,5,20.04,0.0,0,0.077,0,0,0
C103616,1,20,67,West,app,Basic,5,11.88,0.374,0,0.174,0,0,0
C103617,18,69,24,North,web,Plus,3,11.29,0.039,0,0.008,0,1,0
C103618,21,51,52,South,app,Plus,3,13.49,0.171,0,0.239,0,0,0
C103619,2,68,35,West,app,Basic,6,9.8,0.295,1,0.043,0,0,1
C103620,9,65,27,Center,app,Plus,5,16.99,0.153,0,0.182,0,0,0
C103621,16,38,48,South,app,Plus,2,14.4,0.154,1,0.0,0,0,1
C103622,2,45,11,Center,web,Basic,3,11.09,0.099,1,0.055,0,0,1
C103623,11,57,60,Center,app,Basic,3,7.21,0.132,1,0.18,0,0,0
C103624,2,62,66,Center,app,Premium,5,16.57,0.206,0,0.171,1,0,0
C103625,23,45,49,East,store,Plus,6,13.32,0.314,0,0.077,0,0,1
C103626,1,20,28,North,app,Basic,4,17.08,0.118,0,0.017,0,1,1
C103627,7,34,36,North,web,Plus,4,4.9,0.202,0,0.0,0,1,1
C103628,4,35,21,West,web,Plus,8,14.86,0.149,1,0.0,0,0,0
C103629,13,37,10,North,web,Premium,4,11.03,0.236,0,0.0,0,0,0
C103630,3,51,62,South,web,Plus,5,9.9,0.235,1,0.343,0,0,0
C103631,10,73,62,East,app,Premium,4,13.94,0.0,0,0.337,0,0,0
C103632,7,26,44,Center,web,Basic,3,18.89,0.103,0,0.113,0,0,1
C103633,3,37,20,West,app,Plus,4,10.43,0.373,0,0.0,0,0,0
C103634,22,33,70,Center,web,Plus,7,11.76,0.434,1,0.155,1,0,0
C103635,5,50,29,North,web,Basic,8,6.72,0.087,0,0.142,0,0,0
C103636,23,64,41,North,app,Plus,8,13.4,0.444,1,0.046,0,0,0
C103637,16,71,63,West,app,Basic,5,8.98,0.239,0,0.165,0,1,0
C103638,15,46,3,North,web,Premium,5,13.15,0.01,0,0.056,0,0,1
C103639,3,34,15,West,app,Plus,4,15.94,0.153,0,0.174,0,0,1
C103640,16,30,52,Center,web,Basic,4,15.17,0.334,0,0.0,0,0,0
C103641,16,64,65,West,web,Plus,8,14.94,0.338,0,0.085,0,1,0
C103642,13,20,62,North,app,Basic,5,22.16,0.192,0,0.102,1,0,0
C103643,17,24,17,West,app,Basic,4,9.59,0.143,0,0.043,1,0,0
C103644,23,21,57,West,web,Plus,8,8.17,0.0,0,0.14,0,1,0
C103645,12,59,7,East,app,Plus,5,15.63,0.147,0,0.107,0,0,0
C103646,24,66,42,North,web,Plus,9,12.75,0.0,1,0.012,1,0,0
C103647,18,63,37,West,app,Premium,5,5.94,0.193,0,0.112,1,0,1
C103648,18,33,62,East,store,Plus,5,14.45,0.168,0,0.102,0,0,0
C103649,2,65,57,North,app,Basic,7,19.59,0.199,0,0.185,0,0,0
C103650,19,18,3,West,store,Basic,6,5.53,0.347,0,0.207,1,0,0
C103651,13,73,29,North,web,Basic,3,12.78,0.092,0,0.047,0,0,1
C103652,9,52,6,North,app,Premium,2,7.98,0.0,0,0.067,0,0,0
C103653,17,58,60,North,web,Basic,1,17.51,0.018,1,0.034,0,1,0
C103654,2,23,2,South,app,Basic,6,15.49,0.296,1,0.05,0,0,1
C103655,7,73,29,Center,app,Premium,3,13.19,0.029,0,0.021,0,0,0
C103656,6,40,48,North,app,Basic,6,15.9,0.273,0,0.063,0,0,0
C103657,17,33,58,Center,app,Plus,4,7.9,0.082,0,0.093,0,1,0
C103658,18,66,65,West,app,Premium,4,12.76,0.356,0,0.0,0,0,0
C103659,23,47,9,North,app,Plus,5,10.36,0.145,1,0.0,0,0,1
C103660,18,25,19,South,web,Plus,4,7.38,0.059,0,0.0,0,0,0
C103661,15,30,21,North,web,Basic,2,19.35,0.372,1,0.078,0,0,0
C103662,7,38,20,South,store,Plus,7,9.59,0.334,1,0.0,0,0,0
C103663,9,22,9,Center,app,Plus,8,9.63,0.075,0,0.28,0,1,0
C103664,23,46,53,Center,web,Plus,4,8.76,0.199,0,0.0,0,0,0
C103665,4,43,53,North,web,Basic,4,14.83,0.141,1,0.13,0,0,0
C103666,9,54,33,South,app,Plus,4,10.17,0.367,1,0.134,0,0,1
C103667,16,59,34,Center,app,Plus,5,14.55,0.214,0,0.258,0,0,0
C103668,10,25,56,East,store,Premium,6,11.17,0.343,0,0.1,0,0,0
C103669,16,62,47,North,web,Basic,10,8.77,0.238,0,0.022,0,0,1
C103670,11,64,12,West,web,Premium,4,6.38,0.0,0,0.112,0,0,0
C103671,5,18,17,North,web,Plus,5,6.92,0.186,0,0.0,0,0,0
C103672,20,61,37,North,store,Plus,8,1.0,0.148,0,0.232,0,0,0
C103673,13,71,53,South,web,Plus,9,9.21,0.259,0,0.056,0,0,0
C103674,14,40,70,North,app,Plus,12,14.42,0.136,1,0.154,0,0,0
C103675,1,32,71,Center,app,Plus,9,14.94,0.261,0,0.004,0,1,0
C103676,9,49,37,South,web,Premium,9,15.6,0.01,0,0.0,1,1,0
C103677,22,34,6,East,app,Premium,5,8.25,0.208,0,0.162,0,0,0
C103678,3,29,42,West,store,Premium,4,5.58,0.151,0,0.089,0,1,1
C103679,12,65,23,Center,store,Basic,6,12.66,0.089,0,0.112,0,0,0
C103680,1,52,15,South,web,Basic,8,10.54,0.338,0,0.036,0,1,1
C103681,10,68,62,North,web,Premium,3,14.15,0.107,0,0.244,0,1,0
C103682,16,58,60,West,app,Plus,4,11.66,0.232,0,0.198,0,0,0
C103683,20,59,61,South,web,Basic,4,13.23,0.15,0,0.162,1,0,0
C103684,4,62,3,West,app,Premium,6,8.35,0.3,0,0.127,0,0,0
C103685,15,36,62,North,web,Basic,4,13.7,0.355,0,0.0,0,0,0
C103686,5,25,63,Center,app,Premium,5,7.63,0.246,1,0.066,0,0,0
C103687,2,44,17,East,web,Plus,5,19.37,0.0,1,0.034,0,1,0
C103688,11,73,40,North,app,Premium,3,10.95,0.197,2,0.0,0,0,0
C103689,8,65,40,East,store,Basic,7,10.92,0.364,1,0.214,0,0,0
C103690,17,59,34,East,web,Premium,9,8.06,0.392,1,0.081,0,1,0
C103691,18,38,7,East,app,Basic,4,8.28,0.176,2,0.112,0,1,1
C103692,8,29,9,North,app,Basic,6,13.04,0.0,1,0.042,0,1,1
C103693,1,63,31,East,app,Plus,3,17.74,0.162,0,0.0,0,0,0
C103694,8,43,20,South,web,Premium,6,12.51,0.024,0,0.12,0,0,1
C103695,23,62,41,North,store,Premium,5,11.21,0.037,0,0.0,0,0,0
C103696,6,30,43,North,app,Basic,2,8.84,0.2,0,0.179,1,0,0
C103697,5,44,19,West,app,Plus,4,10.86,0.293,0,0.112,0,0,1
C103698,2,63,30,Center,app,Plus,5,19.24,0.055,0,0.0,0,0,0
C103699,7,69,30,Center,app,Basic,4,8.7,0.044,2,0.0,0,0,1
C103700,14,20,69,Center,app,Plus,4,12.4,0.141,0,0.081,0,1,0
C103701,17,39,26,East,web,Basic,5,11.44,0.315,0,0.0,0,1,1
C103702,11,33,38,North,web,Premium,3,13.95,0.32,0,0.0,1,1,0
C103703,24,60,7,North,web,Plus,7,9.57,0.165,1,0.075,0,1,1
C103704,23,62,27,South,app,Basic,7,5.36,0.211,0,0.031,0,1,0
C103705,16,54,5,West,store,Plus,3,9.46,0.094,1,0.079,0,0,1
C103706,14,60,6,South,app,Basic,7,8.92,0.117,0,0.148,0,0,1
C103707,1,36,56,West,app,Plus,3,9.94,0.254,0,0.094,0,1,1
C103708,3,21,2,Center,web,Plus,2,4.89,0.047,1,0.137,0,0,1
C103709,20,48,1,Center,store,Basic,4,12.9,0.351,0,0.0,0,0,1
C103710,9,19,63,Center,app,Basic,2,5.67,0.216,0,0.151,1,0,0
C103711,21,52,71,Center,web,Plus,4,18.14,0.217,0,0.158,0,0,0
C103712,17,52,13,Center,web,Basic,8,16.01,0.174,0,0.0,0,1,0
C103713,21,48,64,East,web,Premium,4,14.89,0.297,0,0.0,1,1,0
C103714,12,66,59,Center,app,Basic,3,13.46,0.283,0,0.086,0,1,0
C103715,21,24,71,Center,web,Plus,4,11.19,0.12,0,0.15,0,1,1
C103716,18,41,30,Center,web,Basic,3,18.03,0.13,0,0.161,0,0,1
C103717,12,74,56,West,app,Premium,3,12.97,0.299,0,0.142,0,1,0
C103718,18,32,6,Center,store,Basic,8,13.08,0.064,0,0.073,0,1,0
C103719,17,73,1,East,web,Basic,10,10.88,0.281,0,0.167,0,0,0
C103720,5,18,3,Center,app,Plus,4,8.73,0.197,0,0.0,0,1,1
C103721,7,20,9,East,store,Basic,6,11.9,0.359,0,0.121,1,1,0
C103722,1,30,64,Center,app,Plus,8,5.27,0.097,1,0.114,0,1,0
C103723,21,71,23,North,store,Plus,6,3.8,0.449,0,0.229,0,1,0
C103724,15,54,26,South,app,Premium,7,10.69,0.176,2,0.016,1,0,1
C103725,22,48,13,Center,app,Plus,6,6.93,0.04,0,0.043,0,0,1
C103726,14,24,36,Center,web,Plus,1,10.72,0.132,0,0.0,0,0,1
C103727,19,25,5,Center,app,Plus,4,8.23,0.311,0,0.0,0,0,0
C103728,19,66,17,North,app,Basic,7,18.24,0.172,0,0.041,0,0,0
C103729,20,64,66,East,web,Basic,6,7.42,0.016,0,0.236,1,1,0
C103730,23,21,64,South,store,Basic,4,12.81,0.062,1,0.153,0,1,0
C103731,1,42,65,South,web,Plus,7,15.47,0.391,0,0.223,0,1,0
C103732,16,49,25,South,app,Premium,7,2.9,0.0,0,0.144,2,0,1
C103733,4,58,55,Center,web,Basic,3,16.2,0.0,0,0.0,0,1,1
C103734,3,18,7,Center,web,Basic,5,11.42,0.293,0,0.047,0,1,1
C103735,6,65,18,Center,app,Basic,9,14.62,0.243,0,0.167,0,0,0
C103736,13,47,21,West,app,Premium,5,15.97,0.12,1,0.052,0,1,0
C103737,7,48,61,Center,app,Premium,9,8.13,0.172,1,0.176,0,0,0
C103738,17,38,59,North,app,Plus,4,9.15,0.444,0,0.079,0,0,0
C103739,9,20,59,North,app,Basic,2,17.03,0.011,1,0.156,1,0,0
C103740,3,71,26,Center,app,Premium,8,12.4,0.236,1,0.234,0,0,0
C103741,3,64,23,South,app,Basic,6,9.02,0.126,0,0.126,0,1,0
C103742,22,65,60,South,app,Plus,2,17.19,0.387,0,0.21,0,1,0
C103743,6,57,10,East,web,Plus,10,9.85,0.0,0,0.196,0,1,0
C103744,2,45,34,South,app,Basic,3,17.23,0.107,0,0.095,1,0,0
C103745,3,69,10,North,app,Basic,4,17.74,0.212,0,0.0,0,0,0
C103746,22,24,42,Center,store,Basic,5,13.83,0.244,0,0.0,0,0,1
C103747,6,33,30,Center,web,Premium,4,18.1,0.068,0,0.017,1,0,0
C103748,23,43,48,North,web,Basic,5,12.92,0.249,0,0.2,0,0,0
C103749,1,62,60,South,web,Premium,2,10.18,0.258,0,0.043,0,0,0
C103750,7,37,16,East,web,Premium,10,10.54,0.0,1,0.223,0,1,0
C103751,7,67,6,North,app,Basic,7,11.87,0.201,0,0.0,0,0,0
C103752,18,35,7,South,web,Basic,3,12.83,0.22,1,0.007,0,1,0
C103753,21,38,31,North,app,Plus,6,11.97,0.312,0,0.0,0,0,0
C103754,23,36,56,East,app,Basic,5,19.78,0.125,0,0.081,0,1,0
C103755,3,41,26,South,app,Basic,4,9.85,0.021,1,0.119,0,1,0
C103756,19,64,56,North,web,Basic,4,10.64,0.01,0,0.232,0,1,0
C103757,12,37,64,South,app,Plus,4,15.42,0.123,0,0.339,0,0,0
C103758,11,45,69,Center,store,Plus,11,10.09,0.217,1,0.0,0,0,0
C103759,4,18,11,North,store,Plus,3,15.83,0.092,0,0.118,0,0,1
C103760,10,49,44,South,store,Plus,7,16.59,0.075,0,0.064,0,0,0
C103761,22,31,47,Center,app,Plus,7,8.43,0.047,0,0.019,0,1,0
C103762,13,46,39,West,web,Basic,3,8.9,0.204,1,0.064,0,0,0
C103763,17,36,23,West,web,Basic,6,11.62,0.165,0,0.09,0,1,0
C103764,8,39,29,West,app,Basic,9,13.11,0.0,0,0.0,0,0,0
C103765,19,24,46,Center,web,Basic,5,9.73,0.315,0,0.054,0,0,0
C103766,7,44,35,West,web,Plus,7,8.59,0.127,0,0.177,0,0,0
C103767,8,61,59,North,app,Basic,2,4.94,0.228,1,0.0,1,1,0
C103768,11,52,14,East,app,Premium,3,10.99,0.154,0,0.097,0,0,0
C103769,9,42,59,Center,web,Basic,5,14.96,0.023,0,0.066,1,1,0
C103770,2,66,44,West,store,Premium,5,13.52,0.091,0,0.27,0,0,0
C103771,19,50,61,North,app,Plus,5,10.58,0.107,2,0.033,2,1,0
C103772,15,52,2,South,store,Plus,4,18.61,0.057,0,0.0,0,0,0
C103773,14,34,21,North,app,Plus,6,9.55,0.362,0,0.146,0,0,1
C103774,12,57,67,Center,web,Plus,2,14.73,0.059,0,0.236,0,0,1
C103775,12,38,20,South,app,Basic,3,13.55,0.267,1,0.173,1,1,0
C103776,9,29,32,North,store,Premium,7,10.93,0.034,1,0.005,0,0,0
C103777,13,60,9,East,app,Basic,4,17.67,0.195,2,0.075,0,0,0
C103778,7,50,64,South,app,Premium,12,13.46,0.224,0,0.138,0,0,0
C103779,5,44,19,Center,app,Plus,6,12.75,0.292,1,0.058,0,0,1
C103780,3,58,67,South,web,Premium,4,12.23,0.18,0,0.062,0,1,0
C103781,19,52,9,Center,web,Plus,3,16.16,0.149,0,0.035,0,0,1
C103782,20,61,60,North,app,Plus,5,15.54,0.356,0,0.092,0,0,0
C103783,12,42,56,East,web,Basic,7,14.9,0.246,0,0.069,1,0,0
C103784,15,74,2,East,app,Premium,4,13.17,0.1,0,0.0,0,0,1
C103785,24,49,4,West,app,Basic,6,18.97,0.172,0,0.0,1,1,0
C103786,3,44,44,West,store,Basic,10,14.95,0.149,0,0.114,0,0,0
C103787,6,69,14,Center,app,Basic,3,9.16,0.254,0,0.164,0,1,0
C103788,6,74,69,South,app,Premium,5,10.49,0.389,0,0.137,0,0,0
C103789,2,33,57,South,app,Basic,3,15.92,0.081,0,0.025,1,0,0
C103790,4,31,43,North,app,Basic,4,11.5,0.324,0,0.03,0,1,0
C103791,4,47,55,East,web,Basic,6,15.25,0.21,1,0.149,0,1,0
C103792,18,22,1,Center,app,Plus,4,14.68,0.198,2,0.127,0,1,0
C103793,17,57,70,Center,web,Plus,3,7.17,0.17,0,0.0,0,1,0
C103794,19,56,64,South,app,Basic,5,16.59,0.292,0,0.041,0,0,0
C103795,16,22,28,South,web,Basic,6,15.9,0.158,0,0.174,0,0,0
C103796,22,33,55,Center,app,Basic,4,12.02,0.0,0,0.114,0,0,0
C103797,22,72,4,West,app,Basic,5,15.0,0.233,1,0.105,0,1,0
C103798,9,28,22,North,web,Basic,6,11.47,0.087,0,0.013,1,0,1
C103799,22,46,58,South,app,Basic,5,17.06,0.339,0,0.082,0,1,0
C103800,11,56,10,North,app,Basic,5,7.55,0.05,2,0.0,0,0,1
C103801,24,31,21,West,web,Plus,4,12.68,0.251,0,0.033,0,1,1
C103802,10,37,47,West,app,Plus,6,10.08,0.091,0,0.0,0,1,0
C103803,15,61,55,East,store,Plus,3,10.56,0.032,0,0.0,1,1,0
C103804,16,42,58,West,app,Basic,5,18.87,0.386,0,0.091,0,0,0
C103805,17,64,2,East,web,Basic,4,16.97,0.27,0,0.305,0,1,1
C103806,16,21,31,South,app,Basic,3,11.96,0.144,0,0.179,1,1,0
C103807,10,53,3,East,store,Basic,5,10.14,0.104,0,0.092,0,1,0
C103808,16,37,31,West,store,Plus,2,15.55,0.0,2,0.086,0,0,1
C103809,21,70,43,North,web,Basic,3,8.37,0.207,0,0.015,0,0,0
C103810,8,43,19,East,app,Plus,0,9.07,0.03,0,0.209,0,1,0
C103811,21,23,49,North,app,Basic,3,8.53,0.0,0,0.119,0,0,0
C103812,8,65,20,Center,web,Basic,2,13.11,0.166,1,0.0,0,0,1
C103813,23,48,40,Center,app,Plus,7,12.34,0.006,0,0.131,0,1,0
C103814,13,21,44,South,web,Plus,5,7.19,0.098,0,0.071,0,0,1
C103815,23,60,38,South,store,Plus,2,9.59,0.198,0,0.113,0,1,0
C103816,11,51,2,West,app,Plus,4,12.51,0.236,0,0.176,0,1,0
C103817,7,70,43,East,app,Plus,4,12.59,0.063,0,0.032,0,0,0
C103818,4,58,25,North,store,Plus,4,15.31,0.199,1,0.145,0,1,0
C103819,8,54,10,North,store,Basic,4,11.95,0.259,1,0.0,0,1,1
C103820,9,30,47,North,app,Basic,3,12.84,0.0,1,0.0,1,0,1
C103821,13,52,5,East,app,Plus,5,10.39,0.093,0,0.0,1,0,1
C103822,1,27,14,Center,web,Premium,3,11.44,0.373,0,0.057,0,1,0
C103823,5,40,25,West,web,Plus,5,17.61,0.193,0,0.216,0,0,0
C103824,9,42,12,North,store,Premium,3,13.97,0.328,1,0.116,1,1,0
C103825,7,50,39,West,app,Basic,10,14.82,0.214,1,0.196,0,1,0
C103826,13,29,53,East,app,Basic,8,9.92,0.37,1,0.053,0,0,0
C103827,4,49,18,East,web,Premium,2,5.21,0.057,2,0.046,0,1,0
C103828,12,36,69,South,store,Basic,2,8.68,0.123,0,0.109,1,0,0
C103829,8,69,13,West,app,Basic,7,11.04,0.29,0,0.14,0,0,0
C103830,10,74,63,Center,app,Plus,4,16.36,0.124,1,0.0,0,0,0
C103831,3,65,32,West,app,Plus,7,13.0,0.091,0,0.0,2,1,0
C103832,5,31,55,West,web,Premium,4,10.73,0.19,0,0.155,0,1,0
C103833,4,60,30,South,app,Basic,4,12.63,0.284,0,0.118,1,0,1
C103834,7,73,63,South,web,Basic,4,13.75,0.152,1,0.273,0,0,0
C103835,9,70,20,Center,web,Basic,4,13.61,0.336,0,0.036,0,0,0
C103836,11,67,3,Center,web,Plus,6,16.02,0.033,0,0.079,2,0,0
C103837,4,21,66,South,web,Plus,8,13.41,0.0,0,0.063,0,1,0
C103838,22,26,45,Center,app,Plus,5,8.98,0.283,0,0.066,1,0,0
C103839,4,61,67,North,web,Basic,2,6.69,0.0,0,0.097,0,1,0
C103840,20,35,19,West,app,Basic,2,8.37,0.231,1,0.031,0,0,1
C103841,1,44,4,East,web,Plus,2,15.73,0.378,0,0.119,2,0,1
C103842,22,45,32,Center,app,Premium,7,18.09,0.285,1,0.226,1,0,0
C103843,24,60,35,South,app,Basic,5,9.95,0.422,0,0.288,1,0,0
C103844,22,60,37,South,web,Basic,2,19.0,0.0,0,0.058,0,1,0
C103845,15,34,17,West,web,Plus,3,13.32,0.09,1,0.07,1,1,0
C103846,8,63,62,South,store,Premium,3,12.21,0.352,0,0.066,0,0,0
C103847,17,44,24,East,web,Basic,2,12.96,0.088,0,0.083,1,0,1
C103848,23,51,33,East,web,Basic,6,14.14,0.118,0,0.0,0,1,0
C103849,24,65,3,North,web,Plus,3,10.07,0.191,0,0.113,0,1,0
C103850,15,34,32,South,app,Plus,2,12.4,0.076,0,0.236,0,0,0
C103851,7,20,6,West,app,Basic,2,11.72,0.276,0,0.08,1,0,1
C103852,22,55,38,East,store,Plus,1,2.19,0.26,1,0.086,2,0,0
C103853,23,34,3,West,web,Plus,5,10.94,0.262,0,0.0,0,1,0
C103854,22,32,22,North,app,Basic,6,18.05,0.201,0,0.006,0,0,0
C103855,19,45,9,East,app,Plus,2,15.06,0.134,0,0.048,0,1,0
C103856,19,67,7,Center,store,Basic,7,9.96,0.19,0,0.044,1,0,0
C103857,8,66,47,West,app,Basic,3,12.7,0.082,0,0.0,0,1,0
C103858,9,59,71,East,app,Basic,3,14.59,0.21,1,0.025,0,0,0
C103859,11,33,6,Center,store,Plus,3,10.36,0.375,0,0.0,0,1,0
C103860,24,71,35,South,web,Basic,6,14.63,0.47,0,0.131,0,0,1
C103861,17,64,63,Center,store,Basic,7,11.24,0.252,0,0.0,0,0,0
C103862,22,20,65,West,store,Premium,3,7.16,0.434,0,0.168,0,0,0
C103863,24,31,57,South,store,Basic,6,11.66,0.164,0,0.086,1,0,1
C103864,13,24,1,North,app,Basic,7,4.39,0.293,1,0.077,0,0,1
C103865,18,35,20,South,app,Premium,4,10.61,0.0,1,0.062,0,0,0
C103866,2,56,2,North,web,Basic,6,7.13,0.369,0,0.045,0,1,1
C103867,2,49,50,North,app,Plus,6,16.3,0.022,0,0.047,1,0,0
C103868,19,26,28,Center,app,Plus,5,5.06,0.084,0,0.0,1,0,1
C103869,17,55,68,Center,web,Plus,3,12.58,0.348,0,0.0,0,1,0
C103870,1,51,17,North,store,Plus,6,15.02,0.335,1,0.036,1,0,0
C103871,24,68,9,Center,web,Plus,8,14.45,0.172,1,0.098,0,1,0
C103872,19,35,29,Center,app,Premium,5,7.13,0.331,0,0.069,0,1,0
C103873,20,68,40,Center,app,Plus,3,5.92,0.068,0,0.136,0,0,0
C103874,6,55,31,Center,web,Basic,5,15.88,0.372,0,0.147,1,0,0
C103875,3,32,34,North,web,Plus,5,10.6,0.159,0,0.099,0,0,0
C103876,16,36,36,North,app,Basic,6,10.24,0.092,0,0.012,0,0,0
C103877,3,60,23,Center,web,Basic,4,12.89,0.43,0,0.162,0,0,0
C103878,3,57,6,East,app,Premium,3,10.88,0.232,0,0.0,0,1,0
C103879,3,54,21,West,app,Basic,5,11.34,0.34,0,0.178,0,1,0
C103880,18,40,35,East,app,Basic,7,10.11,0.128,0,0.147,0,1,0
C103881,13,40,7,North,web,Basic,4,10.78,0.206,1,0.209,1,1,0
C103882,17,49,28,East,web,Premium,4,2.44,0.066,0,0.139,0,1,0
C103883,3,62,46,East,web,Basic,2,9.57,0.346,0,0.131,0,0,1
C103884,2,32,7,East,store,Plus,6,13.19,0.335,0,0.0,0,1,0
C103885,3,69,15,East,store,Plus,4,8.97,0.289,0,0.0,0,0,0
C103886,1,29,68,Center,web,Premium,8,10.34,0.278,0,0.146,0,0,0
C103887,14,45,31,Center,app,Basic,8,15.37,0.0,0,0.128,0,0,1
C103888,3,35,16,Center,web,Basic,3,8.83,0.299,0,0.0,0,1,1
C103889,14,70,66,North,app,Premium,5,14.91,0.299,0,0.187,0,1,0
C103890,9,28,13,South,app,Basic,5,15.34,0.167,0,0.0,0,0,0
C103891,14,25,25,Center,app,Basic,3,15.15,0.242,0,0.059,0,0,0
C103892,5,56,63,West,app,Premium,9,14.55,0.12,1,0.107,0,1,0
C103893,3,27,23,South,web,Basic,6,8.46,0.278,0,0.0,0,1,0
C103894,22,74,10,East,app,Basic,7,7.71,0.254,0,0.1,0,0,0
C103895,9,61,67,North,store,Premium,7,15.77,0.159,0,0.219,0,0,0
C103896,18,68,71,East,app,Premium,8,12.67,0.251,0,0.0,0,0,0
C103897,7,35,42,East,app,Premium,7,20.3,0.256,0,0.0,0,0,0
C103898,23,60,16,Center,web,Plus,7,16.81,0.211,2,0.0,0,0,0
C103899,22,51,41,Center,web,Plus,5,14.46,0.3,0,0.015,0,1,1
C103900,12,42,17,Center,web,Basic,3,12.92,0.271,0,0.151,0,0,1
C103901,3,46,16,South,store,Plus,6,11.71,0.241,0,0.077,0,0,1
C103902,3,18,54,Center,app,Plus,3,12.74,0.135,0,0.154,1,1,0
C103903,10,26,46,Center,app,Basic,5,11.03,0.173,0,0.096,0,1,0
C103904,20,25,27,South,app,Plus,4,11.91,0.293,0,0.295,0,1,0
C103905,15,60,27,West,app,Basic,7,14.34,0.322,0,0.0,0,1,0
C103906,6,33,39,Center,app,Premium,6,13.72,0.025,1,0.177,1,1,0
C103907,6,60,39,West,app,Basic,5,13.2,0.275,0,0.177,1,0,1
C103908,18,58,3,North,web,Premium,7,6.68,0.177,1,0.173,1,0,1
C103909,13,26,29,East,web,Plus,5,6.61,0.174,1,0.111,0,0,0
C103910,1,36,39,Center,app,Plus,7,8.58,0.091,1,0.082,1,1,1
C103911,15,32,6,South,app,Basic,9,4.67,0.126,0,0.08,1,1,0
C103912,17,24,50,Center,app,Plus,4,7.62,0.1,0,0.0,0,0,1
C103913,10,63,63,North,web,Basic,5,9.33,0.023,0,0.177,1,1,0
C103914,16,39,53,North,app,Premium,3,6.35,0.126,0,0.093,0,0,0
C103915,4,69,50,West,web,Basic,8,9.81,0.099,0,0.101,0,1,0
C103916,21,66,61,Center,app,Premium,7,9.39,0.063,0,0.0,0,1,0
C103917,12,67,69,West,web,Basic,8,5.81,0.329,0,0.113,0,0,0
C103918,12,60,17,South,store,Premium,5,11.6,0.176,0,0.337,0,1,0
C103919,3,46,22,West,web,Plus,4,7.13,0.095,1,0.184,0,0,1
C103920,8,42,28,Center,app,Plus,4,12.21,0.094,0,0.091,0,1,0
C103921,24,38,20,West,web,Plus,3,6.76,0.255,0,0.0,0,0,0
C103922,3,53,57,Center,app,Premium,8,9.56,0.205,0,0.173,0,0,0
C103923,9,43,10,Center,web,Plus,4,14.55,0.133,0,0.097,0,1,0
C103924,16,66,11,North,web,Premium,4,8.16,0.244,0,0.226,1,1,1
C103925,20,28,22,North,app,Plus,1,14.23,0.187,1,0.065,0,1,1
C103926,13,38,56,North,app,Basic,8,18.59,0.268,0,0.126,0,1,0
C103927,21,46,24,East,app,Premium,7,15.87,0.394,0,0.0,0,0,0
C103928,22,34,47,Center,app,Plus,4,6.91,0.254,1,0.069,0,0,0
C103929,1,31,14,West,store,Plus,7,16.76,0.171,0,0.076,0,0,0
C103930,12,50,30,North,web,Premium,5,18.54,0.337,1,0.113,0,0,1
C103931,6,27,19,West,app,Basic,4,13.36,0.145,0,0.152,0,1,0
C103932,10,62,24,North,app,Basic,6,18.59,0.249,0,0.0,0,1,0
C103933,21,39,21,Center,app,Plus,6,18.32,0.133,0,0.141,0,1,0
C103934,20,60,17,Center,app,Basic,3,5.76,0.29,0,0.162,1,0,1
C103935,9,21,61,Center,store,Basic,6,14.36,0.367,0,0.113,0,0,0
C103936,5,62,43,Center,app,Basic,4,14.0,0.158,1,0.143,0,0,0
C103937,11,44,32,East,app,Basic,5,11.09,0.114,0,0.202,0,0,0
C103938,2,66,51,North,store,Premium,6,10.96,0.216,0,0.013,0,1,0
C103939,20,57,59,Center,app,Basic,11,14.51,0.158,1,0.025,0,0,0
C103940,3,63,11,North,web,Basic,6,22.36,0.139,0,0.014,2,0,0
C103941,18,55,4,East,app,Plus,6,11.46,0.062,0,0.21,0,0,0
C103942,14,24,4,North,app,Basic,4,16.5,0.207,0,0.0,0,0,1
C103943,7,73,14,South,app,Basic,5,9.16,0.363,0,0.022,0,0,0
C103944,3,40,24,West,app,Plus,5,14.72,0.098,0,0.013,0,1,1
C103945,24,68,68,Center,app,Basic,7,15.4,0.253,0,0.0,0,0,0
C103946,9,47,4,North,app,Basic,4,7.32,0.38,0,0.142,0,1,0
C103947,16,54,4,Center,app,Plus,5,7.49,0.011,0,0.074,0,0,0
C103948,6,28,21,West,app,Basic,3,16.24,0.215,1,0.0,0,1,0
C103949,20,69,5,North,app,Plus,6,14.75,0.075,0,0.227,0,0,0
C103950,23,63,50,West,app,Premium,10,15.49,0.246,0,0.095,0,0,0
C103951,6,43,37,North,web,Basic,5,18.98,0.286,0,0.054,0,1,1
C103952,2,41,47,North,web,Plus,4,11.84,0.193,1,0.052,0,1,0
C103953,21,63,21,East,app,Basic,2,17.18,0.146,0,0.0,0,0,0
C103954,20,27,70,South,app,Basic,3,13.09,0.119,0,0.109,0,1,1
C103955,18,34,14,Center,web,Basic,4,9.98,0.163,1,0.196,0,0,0
C103956,2,26,58,East,web,Basic,4,11.12,0.193,0,0.269,0,1,0
C103957,9,48,44,North,app,Basic,6,15.01,0.411,1,0.061,1,0,0
C103958,19,39,63,West,app,Basic,5,9.76,0.296,1,0.0,0,1,0
C103959,20,73,44,South,web,Premium,7,10.98,0.232,0,0.0,1,0,0
C103960,3,68,42,West,web,Premium,1,19.28,0.294,1,0.12,0,0,0
C103961,13,52,14,South,web,Plus,3,11.33,0.296,1,0.101,1,0,0
C103962,15,61,15,South,web,Plus,4,15.09,0.399,0,0.054,0,0,0
C103963,19,46,39,West,store,Basic,3,16.11,0.19,0,0.209,1,0,1
C103964,7,42,23,South,store,Plus,4,11.67,0.122,0,0.0,0,1,0
C103965,24,62,33,North,app,Plus,5,12.01,0.235,2,0.058,0,1,0
C103966,24,38,28,South,store,Premium,5,9.76,0.031,0,0.067,0,1,0
C103967,6,35,61,Center,app,Plus,6,8.17,0.173,0,0.07,0,1,0
C103968,1,26,69,South,app,Basic,4,15.38,0.024,0,0.185,0,1,0
C103969,2,65,5,West,web,Plus,5,16.32,0.0,1,0.139,0,0,0
C103970,10,63,50,South,store,Basic,2,10.31,0.28,0,0.083,0,1,0
C103971,13,19,17,East,app,Premium,8,17.94,0.18,0,0.07,0,1,0
C103972,19,66,18,Center,web,Basic,5,13.01,0.244,1,0.112,0,1,0
C103973,9,31,41,North,app,Basic,5,7.04,0.188,1,0.0,0,0,0
C103974,20,68,24,North,store,Basic,5,9.08,0.244,1,0.0,0,0,1
C103975,9,28,3,North,app,Plus,7,15.1,0.31,0,0.096,0,0,1
C103976,15,27,23,North,app,Basic,3,4.41,0.268,0,0.115,0,0,1
C103977,21,32,61,Center,store,Premium,2,14.57,0.165,0,0.0,1,0,0
C103978,13,71,56,Center,app,Plus,2,14.42,0.252,0,0.127,0,1,0
C103979,9,71,69,South,web,Premium,6,17.06,0.107,0,0.0,0,0,0
C103980,4,55,46,East,app,Basic,6,6.6,0.128,0,0.0,1,1,0
C103981,14,19,24,East,app,Basic,7,16.49,0.255,0,0.214,1,0,1
C103982,15,53,50,East,web,Basic,8,16.69,0.257,1,0.155,0,0,0
C103983,12,35,56,West,store,Basic,4,8.75,0.0,0,0.304,0,1,0
C103984,21,59,25,East,app,Plus,4,14.42,0.053,0,0.147,0,0,0
C103985,24,50,18,Center,app,Plus,6,12.8,0.267,0,0.078,0,1,0
C103986,18,67,19,Center,app,Plus,5,6.96,0.128,1,0.352,0,1,0
C103987,7,58,68,North,app,Basic,6,14.27,0.135,0,0.033,0,0,0
C103988,21,35,68,North,app,Basic,8,11.88,0.232,0,0.049,0,0,0
C103989,2,62,16,West,app,Plus,4,6.65,0.228,0,0.0,0,0,0
C103990,11,31,19,North,app,Premium,4,13.6,0.155,0,0.122,0,0,0
C103991,1,39,1,West,web,Basic,6,11.88,0.066,0,0.153,1,0,1
C103992,2,31,54,Center,app,Basic,6,14.64,0.32,1,0.09,1,0,0
C103993,1,30,5,North,app,Basic,2,13.89,0.224,1,0.03,0,0,1
C103994,3,40,9,East,web,Basic,7,10.36,0.189,0,0.198,0,0,0
C103995,20,66,33,East,web,Plus,4,7.99,0.0,1,0.053,0,0,0
C103996,10,43,17,West,web,Plus,3,16.71,0.249,0,0.094,0,0,1
C103997,1,24,3,South,web,Premium,5,17.4,0.0,0,0.115,0,0,0
C103998,5,60,4,West,web,Plus,6,9.02,0.231,0,0.048,2,0,1
C103999,21,21,70,South,app,Basic,8,15.14,0.108,0,0.183,0,0,0
C104000,3,50,2,Center,web,Basic,2,13.48,0.048,1,0.0,0,1,1
C104001,15,31,45,Center,web,Plus,6,12.31,0.155,0,0.103,0,0,0
C104002,16,69,32,South,web,Basic,4,15.08,0.208,0,0.041,0,0,0
C104003,17,46,41,West,app,Plus,3,11.87,0.101,0,0.139,1,0,0
C104004,5,41,71,East,app,Plus,4,22.24,0.226,0,0.0,0,0,0
C104005,23,71,45,West,web,Plus,6,9.93,0.224,0,0.025,0,0,0
C104006,11,44,32,South,web,Plus,5,13.51,0.225,0,0.127,0,1,0
C104007,24,59,30,Center,app,Plus,6,5.28,0.181,0,0.162,0,0,0
C104008,3,42,1,South,web,Plus,7,13.65,0.07,0,0.095,0,0,1
C104009,4,50,63,West,app,Basic,5,8.85,0.116,1,0.0,1,1,0
C104010,24,46,52,Center,web,Basic,8,1.58,0.102,1,0.0,2,1,0
C104011,23,47,51,North,web,Premium,5,11.19,0.073,0,0.195,0,1,0
C104012,10,42,25,Center,app,Plus,6,14.33,0.051,0,0.08,0,0,0
C104013,22,57,31,South,web,Plus,5,9.53,0.231,0,0.021,0,0,0
C104014,18,45,52,East,web,Plus,5,12.53,0.293,0,0.169,0,1,0
C104015,6,53,21,West,app,Basic,5,10.56,0.085,1,0.141,0,0,0
C104016,22,59,61,East,app,Plus,3,12.5,0.045,1,0.157,0,0,0
C104017,18,37,11,East,web,Premium,1,3.56,0.112,1,0.151,0,0,0
C104018,9,27,17,East,web,Plus,3,13.77,0.118,0,0.058,0,0,0
C104019,6,23,23,East,app,Premium,5,7.57,0.193,1,0.104,0,0,1
C104020,1,52,38,South,web,Basic,1,11.99,0.038,0,0.0,1,1,0
C104021,5,29,26,West,web,Premium,7,11.87,0.089,0,0.084,0,0,0
C104022,5,38,30,West,web,Basic,10,11.05,0.303,0,0.0,0,0,0
C104023,15,62,6,North,store,Plus,5,14.93,0.062,1,0.111,0,0,0
C104024,5,44,4,North,store,Premium,2,8.3,0.255,0,0.083,1,1,0
C104025,5,54,66,West,app,Plus,4,10.42,0.22,0,0.094,1,0,0
C104026,5,26,35,South,store,Basic,2,21.04,0.413,0,0.064,1,0,0
C104027,4,63,19,North,store,Premium,5,17.57,0.036,1,0.12,0,0,0
C104028,8,51,13,West,store,Basic,12,14.36,0.171,0,0.118,1,1,1
C104029,16,20,39,North,web,Plus,5,13.67,0.221,0,0.117,0,1,0
C104030,11,44,37,South,store,Plus,6,16.32,0.0,0,0.125,0,1,0
C104031,15,69,5,Center,store,Plus,6,10.35,0.133,0,0.127,0,0,0
C104032,4,44,36,Center,app,Plus,6,7.48,0.214,0,0.134,0,0,1
C104033,6,39,40,Center,app,Premium,4,11.39,0.063,0,0.199,0,0,1
C104034,14,19,48,North,web,Premium,7,8.88,0.236,0,0.145,0,1,0
C104035,2,70,46,Center,store,Plus,5,13.83,0.005,0,0.083,1,0,0
C104036,23,30,19,North,web,Premium,5,7.19,0.36,0,0.116,0,0,0
C104037,24,51,6,South,web,Basic,6,11.91,0.166,0,0.0,0,0,1
C104038,16,42,2,Center,store,Basic,10,11.9,0.221,0,0.119,1,1,0
C104039,3,49,70,East,web,Plus,6,16.35,0.362,0,0.218,0,0,0
C104040,16,24,7,West,web,Plus,9,13.8,0.396,0,0.197,0,0,0
C104041,19,64,12,West,web,Premium,5,11.55,0.011,2,0.157,0,0,0
C104042,2,27,3,East,web,Premium,2,8.88,0.078,0,0.231,0,0,0
C104043,17,53,19,East,app,Plus,4,19.44,0.086,1,0.006,1,1,1
C104044,15,32,36,North,web,Premium,4,12.36,0.005,0,0.184,0,1,0
C104045,1,56,53,West,app,Basic,8,13.45,0.251,0,0.0,0,0,0
C104046,7,23,42,South,app,Plus,5,12.07,0.337,0,0.126,0,1,0
C104047,9,26,24,South,app,Basic,4,12.81,0.021,0,0.013,1,0,1
C104048,4,69,45,South,web,Premium,6,10.11,0.361,0,0.249,0,1,0
C104049,1,52,63,North,app,Plus,7,17.23,0.095,0,0.196,0,0,1
C104050,9,64,4,Center,store,Premium,3,18.05,0.194,1,0.011,0,0,1
C104051,9,38,17,North,app,Basic,4,11.87,0.321,1,0.067,0,1,0
C104052,9,61,31,West,store,Basic,4,16.43,0.161,0,0.208,0,0,0
C104053,23,22,23,Center,app,Basic,8,12.11,0.354,0,0.063,0,1,1
C104054,13,58,56,North,store,Basic,8,9.31,0.2,0,0.0,1,1,0
C104055,14,25,50,West,store,Basic,3,13.34,0.169,0,0.019,0,1,0
C104056,15,54,64,South,app,Plus,2,18.82,0.24,0,0.094,0,1,0
C104057,22,45,62,East,web,Plus,8,14.92,0.247,0,0.142,0,0,0
C104058,17,54,10,East,app,Plus,5,7.66,0.228,0,0.0,0,1,1
C104059,7,32,63,East,web,Basic,2,16.64,0.473,0,0.04,0,1,0
C104060,3,23,55,Center,web,Plus,1,15.14,0.223,0,0.143,0,0,1
C104061,13,61,21,Center,app,Plus,3,13.43,0.329,1,0.187,0,0,0
C104062,5,44,26,North,app,Basic,5,15.9,0.096,0,0.087,0,0,0
C104063,4,24,38,South,app,Basic,6,9.55,0.213,1,0.151,0,0,0
C104064,18,41,26,North,web,Basic,6,13.42,0.266,0,0.0,1,1,1
C104065,5,18,30,Center,app,Basic,2,14.83,0.131,0,0.179,0,0,0
C104066,20,68,56,West,web,Basic,11,10.44,0.306,1,0.256,0,1,0
C104067,1,74,48,West,web,Premium,5,9.05,0.061,0,0.0,0,1,0
C104068,18,40,53,East,app,Basic,6,14.65,0.22,0,0.087,0,0,0
C104069,9,35,17,North,store,Premium,4,20.82,0.171,0,0.024,0,1,0
C104070,24,53,2,West,web,Plus,5,5.19,0.2,2,0.0,0,0,1
C104071,17,47,60,North,web,Premium,1,11.05,0.121,0,0.112,0,0,0
C104072,17,61,44,West,web,Premium,3,5.54,0.039,0,0.011,0,1,1
C104073,4,29,51,East,app,Premium,2,11.17,0.183,1,0.0,1,0,0
C104074,17,39,19,West,web,Basic,9,6.8,0.21,0,0.014,0,0,0
C104075,16,29,13,West,app,Plus,4,11.76,0.225,0,0.182,0,1,0
C104076,21,72,26,South,web,Basic,4,7.77,0.207,0,0.02,0,0,0
C104077,23,40,23,Center,app,Basic,2,9.95,0.071,1,0.056,1,1,0
C104078,19,54,3,West,web,Basic,4,7.76,0.222,0,0.103,0,0,0
C104079,22,63,24,Center,web,Basic,6,17.45,0.331,2,0.172,0,0,0
C104080,11,53,44,Center,store,Plus,6,11.67,0.1,1,0.007,0,1,0
C104081,22,20,67,South,web,Basic,5,12.57,0.374,0,0.0,0,1,0
C104082,7,74,69,North,app,Plus,2,10.6,0.241,0,0.338,1,0,0
C104083,20,65,33,Center,app,Basic,5,12.23,0.275,0,0.252,0,0,0
C104084,22,35,66,North,app,Plus,1,9.65,0.186,1,0.16,1,0,0
C104085,4,74,44,Center,web,Plus,4,12.24,0.114,0,0.136,0,0,0
C104086,7,68,55,West,app,Basic,5,6.86,0.345,0,0.05,1,0,0
C104087,7,49,67,West,web,Premium,5,16.25,0.203,1,0.0,1,0,0
C104088,5,42,62,West,store,Plus,5,11.29,0.097,0,0.047,0,0,0
C104089,13,38,29,East,app,Plus,4,10.47,0.216,0,0.015,0,1,0
C104090,21,32,23,East,web,Plus,5,14.16,0.077,0,0.096,0,0,1
C104091,24,31,68,Center,app,Plus,5,13.33,0.086,2,0.214,0,1,1
C104092,23,24,66,West,app,Basic,1,16.27,0.436,0,0.134,1,0,1
C104093,13,28,21,North,store,Plus,6,8.56,0.169,1,0.195,0,0,0
C104094,20,73,30,North,app,Basic,4,9.54,0.188,0,0.029,0,0,1
C104095,2,36,1,North,app,Premium,3,7.72,0.0,1,0.0,0,0,1
C104096,23,30,54,Center,web,Plus,6,3.47,0.091,0,0.266,0,0,0
C104097,10,66,8,North,web,Plus,5,10.02,0.058,1,0.092,0,1,0
C104098,10,51,56,East,store,Plus,4,6.35,0.353,0,0.099,0,0,0
C104099,1,18,50,North,store,Premium,10,12.77,0.27,0,0.172,0,1,0
C104100,14,32,32,East,store,Plus,3,3.08,0.122,0,0.208,0,0,1
C104101,22,62,28,South,web,Basic,3,13.38,0.185,0,0.086,0,1,0
C104102,13,33,68,East,app,Basic,5,14.53,0.157,1,0.008,1,0,0
C104103,14,56,60,East,app,Plus,3,6.58,0.0,0,0.137,0,1,0
C104104,19,51,60,East,store,Basic,6,14.75,0.179,1,0.107,0,0,0
C104105,19,19,38,Center,web,Plus,3,10.78,0.17,0,0.0,0,0,1
C104106,8,25,56,South,web,Basic,4,13.17,0.361,0,0.142,0,0,0
C104107,11,21,49,Center,web,Plus,4,10.25,0.214,0,0.036,0,0,1
C104108,5,64,65,South,store,Basic,7,1.0,0.182,0,0.089,0,0,0
C104109,19,59,26,North,web,Basic,6,7.25,0.226,0,0.027,0,0,0
C104110,24,25,36,West,app,Premium,2,17.71,0.33,0,0.093,0,1,0
C104111,1,56,42,West,app,Basic,4,13.43,0.025,0,0.0,0,0,0
C104112,3,27,9,North,app,Plus,1,9.91,0.113,0,0.108,0,0,1
C104113,5,35,50,North,web,Plus,4,11.39,0.207,1,0.17,0,0,1
C104114,10,57,4,Center,app,Basic,6,11.93,0.102,0,0.094,0,1,1
C104115,23,67,27,South,app,Basic,8,13.66,0.19,0,0.0,0,1,0
C104116,10,34,34,Center,app,Premium,8,12.89,0.111,0,0.0,0,1,0
C104117,19,29,35,Center,app,Plus,8,10.51,0.57,0,0.171,1,1,0
C104118,12,19,48,South,web,Basic,3,16.01,0.003,0,0.098,1,0,1
C104119,21,42,60,Center,web,Premium,3,14.71,0.089,1,0.117,0,0,0
C104120,17,50,8,Center,store,Premium,7,9.2,0.065,0,0.186,1,0,1
C104121,22,24,66,North,web,Plus,3,11.25,0.346,0,0.061,0,1,0
C104122,1,55,30,South,app,Basic,11,8.21,0.018,0,0.015,0,0,0
C104123,3,54,25,North,app,Basic,4,12.13,0.355,0,0.0,0,1,0
C104124,9,26,48,West,store,Basic,3,5.74,0.132,0,0.096,0,1,0
C104125,6,22,5,Center,app,Basic,5,13.36,0.064,1,0.037,0,1,1
C104126,2,29,65,Center,web,Plus,1,22.46,0.136,0,0.035,0,1,1
C104127,12,28,60,South,web,Basic,4,13.99,0.0,1,0.0,0,0,0
C104128,8,28,9,West,web,Plus,3,10.99,0.126,0,0.106,0,1,1
C104129,10,61,32,North,app,Basic,1,7.73,0.222,1,0.036,0,0,1
C104130,15,30,4,Center,app,Premium,8,4.4,0.281,0,0.0,0,0,1
C104131,10,46,69,West,web,Basic,5,4.29,0.044,0,0.213,0,1,0
C104132,9,62,69,West,web,Basic,5,8.0,0.165,0,0.137,0,1,0
C104133,5,55,55,Center,app,Premium,7,8.42,0.23,0,0.0,0,0,0
C104134,1,41,39,Center,store,Basic,3,14.41,0.098,0,0.231,0,0,0
C104135,20,59,27,East,web,Basic,6,7.18,0.299,0,0.197,0,0,0
C104136,12,19,15,North,web,Premium,3,9.13,0.179,0,0.263,0,0,0
C104137,12,52,61,North,web,Basic,6,9.01,0.0,0,0.095,0,0,0
C104138,12,37,17,South,app,Plus,7,14.56,0.183,0,0.0,0,0,0
C104139,13,29,39,South,app,Basic,2,11.08,0.0,0,0.045,0,0,0
C104140,11,28,60,South,web,Premium,7,13.02,0.169,0,0.0,0,1,0
C104141,20,57,51,East,store,Premium,2,14.34,0.063,0,0.06,0,0,0
C104142,21,72,27,West,store,Basic,2,17.27,0.184,0,0.084,0,0,1
C104143,10,24,63,Center,store,Basic,3,12.39,0.165,2,0.0,1,0,0
C104144,19,35,7,Center,app,Basic,4,10.37,0.391,1,0.052,0,0,0
C104145,14,33,42,East,store,Plus,5,12.54,0.021,0,0.038,0,0,0
C104146,4,45,53,Center,app,Basic,6,15.62,0.228,0,0.16,1,0,0
C104147,9,43,68,West,app,Premium,5,11.36,0.283,0,0.0,1,0,0
C104148,22,56,71,East,web,Basic,6,18.25,0.0,0,0.324,0,1,0
C104149,8,24,29,East,app,Plus,7,15.47,0.175,1,0.0,0,0,1
C104150,8,46,17,South,web,Basic,5,10.12,0.289,0,0.074,0,0,1
C104151,2,24,27,North,web,Basic,8,13.0,0.207,1,0.105,0,1,0
C104152,4,63,23,East,store,Basic,7,9.97,0.342,0,0.194,1,0,0
C104153,20,55,46,Center,store,Plus,2,13.08,0.313,0,0.083,1,1,0
C104154,22,68,51,North,web,Basic,5,14.84,0.0,0,0.299,0,1,0
C104155,20,60,29,North,app,Premium,9,11.26,0.205,0,0.205,1,0,0
C104156,9,57,6,Center,app,Plus,5,15.51,0.285,0,0.155,0,0,1
C104157,3,39,51,North,app,Plus,6,1.59,0.097,1,0.231,1,0,0
C104158,10,66,35,North,app,Premium,8,11.49,0.503,0,0.0,0,0,0
C104159,17,40,38,East,app,Basic,3,11.78,0.155,0,0.134,0,1,1
C104160,5,31,61,West,store,Premium,5,4.09,0.233,1,0.092,1,0,0
C104161,9,29,53,West,store,Premium,7,10.59,0.165,0,0.026,0,0,0
C104162,23,47,42,South,app,Basic,3,7.48,0.311,0,0.027,0,0,1
C104163,18,47,59,South,app,Basic,3,9.48,0.083,0,0.146,0,0,0
C104164,3,32,67,North,web,Basic,4,10.63,0.073,0,0.038,0,0,0
C104165,16,51,41,North,app,Basic,3,18.39,0.281,0,0.057,0,1,0
C104166,13,29,21,East,web,Basic,6,8.47,0.0,0,0.16,0,0,1
C104167,19,71,65,South,store,Premium,6,7.0,0.237,1,0.146,0,0,0
C104168,19,19,24,South,store,Basic,2,15.52,0.151,2,0.239,0,1,0
C104169,21,20,56,East,app,Basic,5,15.93,0.172,0,0.046,0,1,0
C104170,23,36,59,East,web,Premium,5,15.36,0.277,0,0.126,0,0,0
C104171,1,69,61,East,app,Basic,3,5.32,0.323,1,0.052,0,0,1
C104172,7,30,57,North,app,Basic,8,12.5,0.277,0,0.097,1,1,0
C104173,2,74,2,South,app,Plus,5,12.32,0.22,0,0.021,0,0,1
C104174,11,37,56,East,store,Plus,5,16.43,0.213,0,0.077,0,0,0
C104175,21,37,2,East,app,Basic,4,9.73,0.063,0,0.02,0,0,1
C104176,10,24,51,West,app,Plus,3,13.74,0.299,0,0.0,0,0,0
C104177,8,59,46,South,store,Basic,10,1.0,0.021,0,0.088,0,0,0
C104178,8,67,60,South,app,Plus,6,8.09,0.121,0,0.002,1,1,0
C104179,6,65,24,North,store,Basic,7,11.03,0.258,0,0.0,0,0,0
C104180,16,26,13,South,app,Basic,8,8.35,0.188,0,0.0,0,1,0
C104181,15,55,62,South,app,Basic,5,14.27,0.241,0,0.207,0,1,0
C104182,2,43,4,West,store,Basic,7,8.61,0.05,1,0.233,0,0,1
C104183,1,34,28,West,app,Plus,7,10.8,0.126,0,0.212,0,0,0
C104184,11,61,55,North,store,Plus,3,13.89,0.461,0,0.2,0,0,0
C104185,1,53,53,North,web,Basic,4,11.43,0.095,1,0.046,0,0,1
C104186,10,67,5,Center,web,Premium,8,1.84,0.166,0,0.138,0,1,0
C104187,5,67,18,East,app,Premium,4,10.69,0.0,0,0.045,0,1,0
C104188,19,66,48,North,web,Basic,4,11.61,0.221,0,0.0,0,1,0
C104189,8,24,45,East,web,Plus,6,11.8,0.186,1,0.0,1,1,0
C104190,3,53,65,South,web,Plus,4,22.43,0.067,0,0.0,0,0,0
C104191,3,45,64,West,store,Plus,2,11.28,0.276,0,0.344,0,0,0
C104192,17,27,8,Center,store,Basic,1,15.49,0.328,0,0.044,0,1,0
C104193,4,19,62,Center,web,Premium,7,12.47,0.166,1,0.01,0,0,0
C104194,16,29,43,North,store,Basic,8,11.39,0.356,0,0.161,1,0,0
C104195,11,66,27,South,web,Plus,4,20.13,0.295,0,0.045,0,1,1
C104196,21,57,20,East,store,Plus,5,9.82,0.183,0,0.216,0,1,0
C104197,23,62,35,South,app,Premium,3,15.46,0.013,0,0.0,0,0,0
C104198,21,69,33,South,app,Basic,5,9.3,0.148,0,0.0,1,0,0
C104199,5,20,39,West,app,Plus,5,12.7,0.214,0,0.188,0,0,0
C104200,18,41,32,East,app,Basic,3,10.91,0.214,0,0.169,1,1,0
C104201,16,60,25,Center,web,Premium,5,15.31,0.007,0,0.0,0,1,0
C104202,10,59,45,West,store,Basic,5,11.94,0.135,0,0.125,0,0,0
C104203,18,57,35,East,web,Basic,5,17.55,0.059,0,0.204,1,0,0
C104204,10,25,24,Center,store,Plus,7,12.41,0.173,2,0.11,0,0,1
C104205,12,25,69,North,web,Plus,5,10.29,0.35,0,0.226,0,1,0
C104206,15,42,12,South,web,Basic,2,12.03,0.0,0,0.041,1,1,1
C104207,1,47,63,South,app,Plus,4,17.28,0.046,1,0.134,0,1,0
C104208,6,36,36,South,app,Plus,4,15.16,0.328,0,0.13,0,1,0
C104209,10,57,23,North,store,Basic,6,7.27,0.045,0,0.004,0,1,0
C104210,14,30,61,East,store,Basic,5,16.58,0.303,0,0.0,0,0,0
C104211,6,37,49,West,store,Premium,7,1.98,0.337,1,0.014,1,1,1
C104212,9,23,8,Center,app,Plus,7,13.96,0.287,0,0.297,0,0,1
C104213,11,46,68,Center,web,Premium,3,14.48,0.324,1,0.322,0,0,0
C104214,18,60,30,West,web,Basic,7,12.34,0.108,1,0.159,0,0,0
C104215,6,73,26,West,web,Basic,2,13.14,0.1,0,0.0,0,1,1
C104216,14,31,28,North,web,Premium,5,11.83,0.14,0,0.147,0,0,0
C104217,2,54,61,South,app,Plus,7,9.96,0.215,0,0.071,1,0,0
C104218,17,20,20,Center,app,Basic,2,6.6,0.155,0,0.046,1,0,1
C104219,21,46,57,Center,app,Plus,1,9.0,0.244,1,0.326,0,1,0
C104220,18,68,57,South,app,Plus,7,10.18,0.178,0,0.245,0,0,0
C104221,6,21,63,South,app,Premium,3,10.88,0.155,1,0.0,0,0,0
C104222,9,39,58,Center,app,Premium,8,4.49,0.343,0,0.0,0,0,0
C104223,13,24,6,Center,web,Plus,12,17.49,0.111,1,0.052,0,1,1
C104224,2,48,8,West,store,Basic,6,16.74,0.211,1,0.075,0,0,0
C104225,6,66,66,South,web,Basic,4,20.0,0.014,0,0.27,0,1,0
C104226,1,44,33,Center,app,Premium,4,12.81,0.35,0,0.074,0,1,0
C104227,12,60,70,North,store,Plus,6,17.04,0.167,0,0.014,0,0,0
C104228,4,35,13,Center,store,Premium,10,10.15,0.167,0,0.001,0,0,0
C104229,19,65,18,West,store,Plus,7,13.67,0.0,0,0.119,1,0,0
C104230,19,31,32,East,app,Plus,5,12.56,0.08,0,0.009,0,1,0
C104231,13,50,45,North,web,Basic,6,7.74,0.294,1,0.0,0,0,1
C104232,23,38,14,South,app,Basic,9,11.0,0.051,0,0.0,0,1,0
C104233,22,50,7,North,web,Plus,5,11.79,0.08,1,0.0,1,0,1
C104234,17,33,41,West,app,Basic,5,7.97,0.137,1,0.019,0,0,0
C104235,21,48,43,West,app,Basic,7,13.75,0.345,1,0.231,0,1,0
C104236,17,33,28,North,store,Premium,1,12.91,0.156,0,0.166,1,0,1
C104237,8,59,51,Center,store,Basic,6,8.93,0.204,0,0.123,0,1,0
C104238,20,30,11,Center,web,Plus,9,7.13,0.484,0,0.003,0,0,0
C104239,16,36,53,North,app,Plus,7,16.22,0.11,1,0.123,1,0,1
C104240,2,18,4,East,web,Plus,3,15.14,0.34,1,0.0,0,0,0
C104241,13,46,61,Center,web,Premium,5,10.95,0.047,1,0.0,0,0,1
C104242,20,18,69,North,app,Basic,4,14.37,0.09,0,0.0,0,0,0
C104243,6,44,21,North,app,Premium,5,13.48,0.291,0,0.051,0,0,0
C104244,19,66,30,South,app,Premium,8,7.89,0.177,0,0.036,0,1,0
C104245,13,55,9,East,web,Plus,4,12.62,0.117,0,0.0,0,0,0
C104246,2,47,58,North,app,Basic,1,11.05,0.173,2,0.0,0,1,0
C104247,16,30,59,South,app,Premium,3,13.88,0.164,1,0.321,0,0,0
C104248,2,67,22,South,app,Plus,9,9.04,0.058,0,0.173,0,1,0
C104249,13,19,2,South,store,Premium,9,6.95,0.458,0,0.124,1,0,1
C104250,19,29,33,South,web,Basic,7,8.17,0.14,1,0.029,0,0,0
C104251,17,23,17,East,app,Basic,5,7.32,0.271,1,0.021,0,0,0
C104252,6,38,56,Center,app,Basic,7,13.02,0.083,1,0.003,0,1,0
C104253,16,28,17,West,web,Premium,5,5.96,0.247,0,0.191,0,1,0
C104254,20,26,70,Center,store,Basic,5,14.71,0.128,0,0.064,0,0,0
C104255,11,66,56,North,app,Plus,7,11.95,0.503,0,0.054,0,1,0
C104256,10,48,45,South,web,Plus,4,17.16,0.113,0,0.09,0,0,0
C104257,15,58,32,Center,app,Basic,7,16.22,0.185,0,0.203,0,0,1
C104258,21,48,1,South,app,Basic,7,9.42,0.197,0,0.0,0,0,0
C104259,5,60,60,Center,web,Plus,5,15.5,0.183,1,0.052,0,1,0
C104260,23,61,38,Center,web,Basic,7,16.98,0.295,0,0.0,0,1,0
C104261,7,43,48,South,web,Basic,4,14.96,0.277,1,0.161,0,1,0
C104262,21,66,8,East,app,Plus,6,14.23,0.116,0,0.11,0,0,1
C104263,2,23,60,Center,web,Basic,5,10.88,0.089,1,0.04,1,0,1
C104264,4,71,8,South,app,Basic,3,12.55,0.173,0,0.0,0,0,1
C104265,21,44,56,Center,app,Basic,6,19.8,0.225,0,0.184,0,0,0
C104266,6,26,21,East,app,Premium,4,8.53,0.046,0,0.264,0,0,0
C104267,1,67,63,Center,web,Plus,1,15.33,0.211,0,0.065,1,0,1
C104268,21,56,25,North,app,Plus,6,11.53,0.239,0,0.082,0,1,0
C104269,16,47,20,North,app,Plus,6,6.75,0.226,1,0.051,0,1,0
C104270,8,33,46,South,app,Basic,5,15.05,0.204,0,0.158,0,0,0
C104271,12,54,26,Center,app,Premium,8,19.75,0.195,0,0.087,0,0,1
C104272,3,63,27,South,app,Basic,6,17.21,0.196,0,0.094,0,0,1
C104273,5,39,45,Center,store,Basic,6,21.45,0.244,1,0.215,0,1,0
C104274,12,26,22,Center,web,Basic,5,17.21,0.304,0,0.129,0,0,0
C104275,23,26,42,West,app,Basic,5,18.49,0.205,1,0.044,0,0,0
C104276,9,63,45,West,web,Basic,5,12.53,0.14,2,0.105,0,1,1
C104277,24,53,56,North,store,Basic,3,11.73,0.231,0,0.053,1,0,0
C104278,11,32,49,West,store,Basic,5,12.57,0.45,0,0.149,0,0,0
C104279,1,45,58,South,app,Plus,4,12.68,0.1,1,0.037,0,1,0
C104280,20,27,24,East,web,Basic,5,11.69,0.323,0,0.037,0,0,1
C104281,17,37,22,West,app,Premium,4,11.75,0.334,1,0.0,1,0,1
C104282,8,63,68,North,app,Premium,4,12.78,0.247,0,0.302,1,0,0
C104283,23,32,9,Center,app,Basic,2,11.67,0.481,1,0.0,1,0,1
C104284,4,72,50,West,app,Basic,6,7.41,0.151,0,0.0,0,0,0
C104285,6,57,53,South,store,Plus,9,6.82,0.278,0,0.006,0,0,0
C104286,21,21,71,West,app,Basic,6,11.39,0.197,0,0.093,0,0,0
C104287,13,36,49,East,app,Basic,6,20.42,0.201,0,0.134,0,0,0
C104288,7,35,45,West,app,Basic,5,17.21,0.1,0,0.002,0,0,0
C104289,1,50,20,South,app,Basic,5,12.28,0.284,0,0.0,1,1,0
C104290,17,74,47,North,app,Premium,4,12.46,0.207,0,0.093,0,1,0
C104291,14,32,5,West,web,Plus,6,16.12,0.427,1,0.0,1,0,1
C104292,7,28,35,North,web,Basic,7,4.53,0.128,1,0.101,1,1,1
C104293,11,60,2,North,web,Premium,3,19.01,0.068,0,0.183,1,0,0
C104294,6,53,28,Center,web,Basic,9,3.72,0.183,1,0.244,0,0,1
C104295,18,39,18,North,store,Plus,2,13.63,0.239,0,0.197,0,0,0
C104296,13,57,69,North,store,Plus,3,7.55,0.273,1,0.187,1,0,1
C104297,10,45,20,South,web,Basic,6,19.66,0.11,0,0.0,0,0,0
C104298,3,68,59,West,store,Plus,6,14.31,0.0,0,0.022,0,1,0
C104299,4,70,15,Center,store,Basic,5,17.2,0.114,0,0.052,1,1,0
C104300,16,35,19,Center,app,Plus,7,4.62,0.05,0,0.0,0,0,0
C104301,5,58,4,South,app,Basic,4,11.03,0.161,0,0.167,0,0,1
C104302,22,46,50,Center,app,Basic,3,17.08,0.073,0,0.151,0,1,0
C104303,16,59,13,Center,app,Basic,9,6.24,0.363,0,0.0,0,1,0
C104304,22,38,59,West,app,Plus,5,18.4,0.065,2,0.045,0,0,0
C104305,10,37,25,North,app,Plus,5,13.42,0.197,1,0.12,0,0,0
C104306,7,19,5,South,web,Basic,6,11.92,0.227,0,0.317,1,1,0
C104307,16,65,7,North,web,Basic,3,20.83,0.113,0,0.0,0,1,0
C104308,23,47,42,East,web,Plus,4,9.05,0.129,0,0.0,0,0,0
C104309,20,39,15,North,web,Plus,4,13.18,0.009,1,0.153,0,0,1
C104310,18,48,6,East,web,Basic,6,11.14,0.011,1,0.024,0,0,0
C104311,15,74,32,Center,app,Basic,6,8.47,0.345,0,0.103,0,0,1
C104312,2,65,31,West,app,Plus,7,20.06,0.223,0,0.232,0,1,0
C104313,6,69,61,Center,web,Basic,8,4.09,0.129,0,0.088,0,0,0
C104314,3,39,65,Center,app,Basic,8,12.51,0.245,1,0.0,1,1,0
C104315,11,55,62,North,store,Basic,7,15.52,0.117,1,0.144,0,0,0
C104316,24,47,35,Center,store,Plus,8,5.55,0.147,0,0.007,0,0,0
C104317,20,65,29,Center,web,Plus,6,12.22,0.417,1,0.085,1,1,0
C104318,22,59,7,West,store,Premium,3,11.2,0.244,0,0.159,0,1,0
C104319,8,49,9,South,app,Basic,2,10.59,0.212,0,0.0,0,0,0
C104320,22,45,32,East,app,Basic,4,8.47,0.168,0,0.142,0,0,1
C104321,2,59,20,West,store,Premium,6,21.6,0.175,1,0.129,1,0,0
C104322,18,46,52,North,app,Plus,9,12.83,0.204,0,0.076,0,0,0
C104323,4,25,48,Center,web,Plus,3,13.85,0.318,2,0.239,0,1,0
C104324,16,21,55,East,app,Basic,4,1.0,0.332,0,0.158,0,0,1
C104325,13,74,29,East,app,Premium,3,7.65,0.396,0,0.172,0,1,0
C104326,19,32,10,South,app,Basic,8,7.2,0.0,0,0.134,0,1,0
C104327,21,63,41,Center,web,Basic,11,9.3,0.051,0,0.122,0,0,0
C104328,6,24,64,Center,store,Basic,3,10.67,0.143,0,0.0,0,0,0
C104329,24,26,53,North,app,Basic,10,18.15,0.0,0,0.083,0,1,0
C104330,22,19,47,North,app,Plus,6,10.49,0.229,1,0.0,1,0,1
C104331,11,31,47,Center,web,Basic,2,12.83,0.186,1,0.277,0,0,1
C104332,3,73,61,North,web,Basic,1,14.39,0.201,0,0.063,0,0,0
C104333,21,50,62,Center,web,Basic,2,26.85,0.145,0,0.178,0,1,0
C104334,11,18,1,East,web,Basic,4,10.03,0.324,0,0.0,0,0,0
C104335,4,61,7,East,web,Premium,5,10.89,0.114,0,0.0,1,0,1
C104336,12,71,35,East,app,Basic,7,20.95,0.287,0,0.148,0,1,0
C104337,1,26,22,South,app,Basic,6,15.05,0.144,0,0.0,0,0,0
C104338,4,49,68,West,web,Premium,3,9.77,0.118,0,0.158,0,1,0
C104339,4,72,3,Center,app,Premium,3,13.48,0.144,0,0.308,0,0,0
C104340,10,36,49,South,web,Basic,7,9.93,0.159,1,0.0,0,0,1
C104341,10,37,38,Center,web,Plus,2,15.54,0.213,2,0.076,0,0,0
C104342,17,53,11,West,app,Basic,10,6.73,0.263,0,0.129,0,1,0
C104343,24,74,44,Center,store,Plus,5,9.57,0.25,0,0.0,0,1,0
C104344,7,70,36,Center,app,Basic,7,4.33,0.046,0,0.062,0,1,0
C104345,3,60,19,East,app,Basic,3,16.98,0.151,0,0.226,0,1,1
C104346,4,34,9,East,store,Premium,7,18.09,0.2,1,0.0,1,0,0
C104347,19,45,4,East,web,Basic,3,18.8,0.119,0,0.019,0,0,1
C104348,7,27,67,East,app,Plus,5,9.65,0.259,0,0.0,0,0,0
C104349,3,38,33,North,web,Plus,7,8.59,0.034,0,0.165,0,0,0
C104350,19,72,49,South,web,Basic,5,12.74,0.136,0,0.0,3,0,0
C104351,11,23,12,South,app,Premium,0,11.19,0.053,1,0.0,0,0,0
C104352,5,25,66,West,app,Plus,6,17.58,0.261,0,0.024,1,1,0
C104353,13,23,14,Center,web,Basic,7,17.49,0.097,1,0.007,0,0,0
C104354,16,29,60,Center,web,Plus,8,2.38,0.12,0,0.265,0,1,0
C104355,6,53,28,Center,app,Plus,6,12.82,0.223,1,0.0,0,0,0
C104356,21,39,13,South,app,Basic,1,11.07,0.257,2,0.264,0,1,1
C104357,21,62,68,West,app,Basic,5,7.98,0.186,1,0.041,0,0,0
C104358,15,52,13,East,app,Plus,7,10.46,0.205,1,0.044,0,0,1
C104359,20,69,26,East,app,Plus,8,12.58,0.062,1,0.137,0,0,0
C104360,17,36,16,Center,app,Basic,6,12.58,0.11,0,0.167,0,0,0
C104361,4,38,51,Center,app,Basic,7,8.96,0.059,0,0.046,0,0,0
C104362,9,20,68,West,app,Basic,5,1.22,0.265,0,0.0,0,0,0
C104363,12,71,27,Center,app,Basic,4,9.12,0.158,0,0.024,1,0,0
C104364,18,65,17,North,app,Premium,1,6.63,0.225,0,0.0,0,0,0
C104365,15,34,29,East,app,Basic,1,17.27,0.0,0,0.025,0,1,1
C104366,22,31,38,North,app,Basic,5,19.06,0.081,1,0.0,0,1,0
C104367,14,71,10,Center,store,Plus,4,10.82,0.217,1,0.007,0,1,1
C104368,21,47,23,South,web,Basic,3,9.23,0.281,1,0.059,0,0,0
C104369,2,70,14,East,app,Premium,6,12.72,0.014,1,0.0,0,1,0
C104370,5,36,51,North,app,Plus,4,17.85,0.299,0,0.011,0,0,0
C104371,8,26,55,South,web,Plus,4,11.59,0.076,1,0.055,0,0,0
C104372,22,51,12,North,app,Basic,5,7.22,0.134,2,0.032,0,0,0
C104373,16,67,31,South,web,Basic,6,15.25,0.199,0,0.0,1,1,0
C104374,22,23,52,South,app,Plus,2,3.86,0.36,0,0.0,0,1,0
C104375,19,58,21,South,store,Plus,4,5.13,0.146,0,0.132,0,0,0
C104376,5,20,10,Center,app,Basic,1,11.53,0.107,1,0.062,0,0,1
C104377,10,58,71,South,web,Premium,5,10.69,0.375,0,0.087,0,0,0
C104378,24,68,20,West,app,Premium,1,10.77,0.417,0,0.24,0,0,0
C104379,18,65,63,Center,app,Plus,5,14.96,0.163,2,0.0,0,1,0
C104380,13,52,27,Center,app,Plus,5,20.14,0.313,0,0.179,1,0,0
C104381,24,48,19,North,store,Basic,11,16.41,0.256,0,0.192,0,0,0
C104382,9,25,19,Center,store,Basic,1,14.74,0.233,0,0.183,0,1,1
C104383,13,46,31,North,web,Basic,4,16.61,0.168,0,0.004,0,0,0
C104384,3,70,46,West,web,Plus,3,14.28,0.161,0,0.0,0,1,0
C104385,19,38,41,Center,web,Plus,4,19.45,0.037,0,0.183,0,1,0
C104386,13,33,51,West,app,Basic,12,12.29,0.144,0,0.173,1,0,0
C104387,22,67,12,North,store,Plus,3,16.0,0.013,0,0.176,1,0,0
C104388,8,48,51,South,app,Premium,5,17.66,0.141,1,0.117,0,0,0
C104389,5,69,31,South,store,Basic,2,13.62,0.137,0,0.131,0,0,0
C104390,13,20,63,South,app,Basic,4,15.48,0.209,0,0.153,0,0,0
C104391,7,27,21,East,web,Basic,3,11.59,0.127,0,0.286,0,0,1
C104392,17,56,38,North,web,Basic,9,13.25,0.243,0,0.01,1,1,0
C104393,13,62,58,East,web,Premium,7,5.47,0.135,1,0.188,0,0,0
C104394,24,73,10,North,app,Basic,12,11.85,0.439,0,0.0,1,0,0
C104395,12,33,7,Center,app,Plus,5,11.85,0.038,2,0.117,0,1,0
C104396,8,32,62,East,store,Premium,3,10.92,0.122,1,0.107,0,1,1
C104397,16,28,71,South,app,Basic,8,5.34,0.001,1,0.239,0,0,0
C104398,8,60,26,West,app,Premium,7,6.37,0.125,1,0.16,0,1,0
C104399,22,29,17,West,web,Plus,5,8.81,0.009,0,0.166,0,1,1
C104400,18,69,57,Center,store,Premium,3,12.28,0.099,0,0.0,0,0,0
C104401,1,50,24,Center,app,Plus,6,7.53,0.238,1,0.389,0,0,0
C104402,12,56,30,North,app,Plus,4,8.8,0.235,0,0.019,0,1,0
C104403,22,33,6,North,app,Premium,7,15.25,0.098,0,0.086,0,0,0
C104404,15,59,3,East,store,Basic,3,16.0,0.083,0,0.109,0,0,0
C104405,5,31,65,East,app,Basic,4,12.56,0.359,0,0.108,0,1,0
C104406,7,27,6,North,web,Plus,7,5.42,0.037,0,0.051,0,1,1
C104407,1,23,59,Center,app,Basic,2,7.56,0.364,0,0.0,0,1,1
C104408,16,26,57,East,app,Basic,7,9.92,0.164,1,0.0,0,1,0
C104409,6,36,5,South,web,Premium,7,8.27,0.217,1,0.0,0,1,0
C104410,2,23,71,Center,web,Premium,2,12.92,0.077,0,0.134,0,0,0
C104411,14,62,38,West,web,Basic,3,15.37,0.23,0,0.037,0,1,0
C104412,6,37,32,Center,app,Plus,6,12.55,0.215,0,0.092,0,1,0
C104413,10,19,28,Center,app,Premium,6,16.04,0.168,0,0.085,0,0,1
C104414,20,68,13,Center,app,Premium,1,12.81,0.063,0,0.064,0,1,0
C104415,15,45,44,Center,app,Basic,8,10.66,0.313,0,0.031,0,1,0
C104416,17,55,66,Center,app,Basic,2,9.19,0.21,0,0.149,0,0,0
C104417,20,52,24,Center,app,Basic,1,15.95,0.217,0,0.261,0,1,1
C104418,9,63,20,North,store,Premium,3,12.3,0.367,1,0.098,0,1,0
C104419,8,20,68,South,app,Premium,3,14.49,0.089,1,0.007,0,0,1
C104420,8,38,16,South,app,Basic,7,13.11,0.197,1,0.0,1,0,0
C104421,12,34,16,East,app,Premium,6,8.75,0.316,0,0.0,0,1,0
C104422,17,50,5,Center,app,Plus,6,25.09,0.29,0,0.032,0,0,0
C104423,23,69,59,North,web,Plus,4,16.07,0.141,1,0.0,0,0,0
C104424,24,18,44,East,app,Basic,5,14.54,0.185,0,0.0,0,0,0
C104425,16,74,20,Center,web,Plus,5,9.83,0.0,1,0.0,0,0,1
C104426,3,45,8,South,app,Premium,3,4.96,0.27,0,0.149,0,0,0
C104427,24,66,47,Center,app,Plus,3,14.45,0.222,0,0.096,0,0,0
C104428,5,72,14,Center,web,Premium,3,17.83,0.0,0,0.002,0,0,0
C104429,22,27,31,Center,web,Plus,7,13.51,0.15,1,0.117,0,0,0
C104430,16,31,7,Center,app,Basic,6,14.39,0.226,0,0.1,0,0,0
C104431,14,61,38,South,store,Basic,3,12.77,0.408,0,0.089,0,1,0
C104432,12,41,41,Center,web,Basic,3,6.78,0.146,0,0.062,0,0,0
C104433,7,43,38,Center,web,Basic,1,16.44,0.208,0,0.0,0,0,1
C104434,12,35,51,Center,web,Plus,5,12.21,0.276,0,0.093,0,1,1
C104435,18,27,45,East,web,Plus,11,15.36,0.142,1,0.13,0,1,0
C104436,13,65,56,Center,web,Premium,3,19.23,0.0,0,0.201,0,0,1
C104437,19,45,5,North,store,Basic,4,18.46,0.065,0,0.05,1,0,1
C104438,21,18,56,South,web,Basic,4,11.25,0.389,0,0.034,0,0,0
C104439,11,70,5,Center,app,Basic,1,15.16,0.343,0,0.198,0,0,1
C104440,1,24,60,West,web,Basic,3,9.04,0.334,0,0.051,0,0,0
C104441,15,68,69,South,web,Plus,3,8.27,0.21,0,0.118,0,0,0
C104442,2,58,53,North,web,Basic,4,6.21,0.14,0,0.241,1,0,0
C104443,6,40,18,South,web,Plus,3,12.26,0.338,0,0.0,0,0,0
C104444,7,40,10,North,app,Premium,2,17.33,0.113,0,0.004,0,1,1
C104445,7,21,26,Center,app,Plus,9,15.34,0.297,0,0.189,1,1,0
C104446,3,40,22,North,store,Basic,4,7.45,0.206,0,0.243,0,0,1
C104447,17,69,18,South,app,Plus,7,15.94,0.187,0,0.014,0,1,0
C104448,15,68,25,North,app,Premium,1,13.62,0.139,0,0.189,0,1,0
C104449,11,74,46,West,app,Plus,4,13.15,0.205,0,0.066,0,0,0
C104450,22,56,30,North,store,Basic,4,21.33,0.013,0,0.187,0,1,0
C104451,2,47,70,West,app,Plus,3,14.65,0.18,0,0.165,0,0,0
C104452,17,63,64,West,store,Basic,2,14.64,0.0,1,0.128,0,0,0
C104453,13,30,29,South,app,Plus,2,15.82,0.095,0,0.178,0,1,0
C104454,20,69,70,Center,app,Basic,3,14.14,0.037,2,0.293,0,0,1
C104455,12,48,23,Center,store,Plus,3,9.79,0.048,0,0.162,0,0,0
C104456,18,43,40,East,app,Basic,7,4.82,0.195,0,0.134,0,0,0
C104457,24,57,25,North,store,Basic,6,10.87,0.0,0,0.0,0,1,1
C104458,9,51,47,Center,app,Premium,4,11.64,0.219,0,0.251,0,0,0
C104459,4,45,2,North,app,Basic,6,4.02,0.18,1,0.0,0,0,0
C104460,24,69,36,Center,store,Plus,2,8.34,0.211,0,0.0,0,0,0
C104461,3,38,7,North,app,Basic,2,13.77,0.339,0,0.0,0,0,1
C104462,20,66,22,West,web,Plus,1,9.77,0.174,0,0.079,1,0,1
C104463,7,32,4,Center,web,Basic,8,8.62,0.426,0,0.116,0,0,0
C104464,19,41,43,Center,app,Plus,8,11.37,0.239,1,0.195,1,1,0
C104465,24,34,23,Center,app,Premium,5,9.47,0.135,0,0.111,0,0,0
C104466,13,28,28,North,web,Basic,5,11.43,0.194,0,0.0,1,0,1
C104467,24,20,70,North,app,Basic,5,14.79,0.285,0,0.113,0,0,0
C104468,4,50,51,North,app,Premium,5,13.84,0.03,0,0.134,0,1,0
C104469,19,32,11,East,app,Basic,3,13.33,0.226,0,0.0,0,0,1
C104470,16,74,24,North,store,Plus,5,15.14,0.139,1,0.206,0,1,0
C104471,4,72,39,East,app,Plus,3,15.56,0.21,1,0.0,0,0,1
C104472,4,36,10,West,web,Plus,5,10.19,0.119,1,0.129,0,1,1
C104473,13,18,15,West,web,Premium,7,14.53,0.283,0,0.0,0,0,0
C104474,13,60,48,North,app,Premium,7,15.39,0.313,1,0.09,0,0,0
C104475,9,59,3,East,web,Basic,6,14.61,0.172,0,0.221,1,0,1
C104476,22,38,55,South,web,Basic,6,18.96,0.206,0,0.173,0,1,0
C104477,22,62,60,West,store,Plus,6,14.72,0.262,0,0.082,0,0,0
C104478,7,24,29,Center,app,Basic,4,11.38,0.273,1,0.181,0,0,1
C104479,1,41,10,South,app,Plus,4,15.78,0.148,1,0.0,0,0,1
C104480,19,29,35,South,app,Basic,7,15.94,0.291,1,0.27,0,0,0
C104481,21,51,10,North,web,Plus,7,11.02,0.101,2,0.154,0,0,0
C104482,24,21,13,South,app,Basic,7,5.86,0.141,2,0.027,0,0,1
C104483,15,30,59,East,app,Basic,8,10.85,0.19,0,0.0,1,0,0
C104484,12,27,67,East,web,Plus,4,14.67,0.082,0,0.09,1,1,0
C104485,5,56,18,West,web,Basic,2,9.26,0.06,1,0.081,1,0,1
C104486,16,41,71,North,web,Basic,4,10.64,0.223,0,0.0,0,1,1
C104487,11,58,15,East,web,Premium,6,13.75,0.235,0,0.079,0,0,0
C104488,6,25,68,Center,app,Basic,5,7.45,0.253,0,0.195,0,1,0
C104489,5,59,67,East,web,Plus,5,17.81,0.01,0,0.091,1,1,0
C104490,22,50,1,North,app,Plus,2,11.41,0.28,1,0.145,0,0,0
C104491,19,46,14,Center,web,Basic,5,16.19,0.007,1,0.0,0,0,0
C104492,8,39,41,Center,store,Plus,5,15.88,0.28,1,0.09,0,0,0
C104493,20,73,60,East,app,Basic,5,10.87,0.352,1,0.232,0,0,0
C104494,4,54,35,South,store,Plus,4,11.45,0.128,0,0.231,0,0,0
C104495,22,67,22,East,web,Basic,3,18.23,0.321,0,0.063,2,1,0
C104496,18,32,49,North,web,Premium,3,15.46,0.019,0,0.005,0,0,1
C104497,11,50,41,Center,web,Premium,7,9.46,0.253,0,0.038,1,0,0
C104498,5,57,41,East,web,Plus,5,10.96,0.0,0,0.0,1,1,0
C104499,24,56,23,Center,app,Plus,6,12.17,0.181,0,0.012,0,1,0
C104500,9,43,70,East,web,Basic,5,9.35,0.118,0,0.101,0,1,0
C104501,5,33,25,Center,store,Plus,4,18.33,0.121,0,0.0,0,0,1
C104502,2,36,36,South,web,Plus,6,15.77,0.147,0,0.218,0,1,0
C104503,16,71,67,North,app,Plus,3,18.43,0.15,1,0.08,0,0,0
C104504,1,32,31,West,store,Basic,3,15.6,0.135,0,0.0,1,1,0
C104505,7,54,65,North,store,Premium,3,14.05,0.228,0,0.075,0,1,0
C104506,12,57,32,Center,app,Basic,7,16.69,0.175,0,0.08,0,1,0
C104507,4,69,13,Center,web,Premium,3,24.26,0.154,0,0.026,0,0,0
C104508,24,41,69,Center,app,Basic,4,14.39,0.097,0,0.057,1,0,0
C104509,4,34,52,South,app,Plus,5,11.44,0.0,0,0.033,0,1,1
C104510,8,22,26,South,web,Premium,5,9.49,0.074,0,0.0,0,0,1
C104511,3,73,10,East,web,Basic,7,8.42,0.348,0,0.116,0,1,0
C104512,6,42,18,West,web,Basic,6,10.42,0.0,0,0.068,0,0,0
C104513,24,24,22,East,app,Plus,9,12.08,0.105,0,0.038,0,0,0
C104514,12,21,29,East,app,Plus,2,7.29,0.115,0,0.0,0,1,0
C104515,22,48,6,North,web,Basic,6,6.21,0.202,0,0.135,0,0,1
C104516,7,44,29,North,web,Plus,7,9.48,0.156,0,0.0,1,1,1
C104517,17,24,46,North,store,Premium,2,9.62,0.32,0,0.0,0,0,0
C104518,3,68,6,North,app,Basic,4,13.7,0.259,0,0.0,0,0,0
C104519,12,28,52,East,web,Plus,6,15.02,0.104,1,0.096,0,0,0
C104520,1,39,64,North,web,Plus,5,15.75,0.015,0,0.13,1,0,0
C104521,20,61,53,Center,app,Plus,9,6.61,0.258,0,0.332,0,1,0
C104522,21,43,28,Center,store,Basic,6,11.55,0.28,0,0.061,0,0,0
C104523,15,21,55,North,app,Basic,5,14.31,0.34,0,0.076,1,0,0
C104524,8,56,52,Center,web,Basic,5,7.42,0.315,0,0.05,0,1,0
C104525,16,39,29,Center,store,Premium,4,12.59,0.194,0,0.0,0,0,0
C104526,4,59,43,Center,web,Plus,6,7.67,0.224,0,0.284,0,0,0
C104527,23,28,13,North,web,Plus,7,10.92,0.101,1,0.223,0,0,0
C104528,9,52,57,North,web,Basic,6,22.92,0.164,0,0.02,0,1,0
C104529,17,66,1,West,web,Premium,7,13.54,0.394,1,0.011,0,1,0
C104530,13,31,52,East,web,Basic,3,5.88,0.177,1,0.189,0,0,0
C104531,18,22,32,East,app,Basic,6,9.91,0.023,0,0.126,0,1,0
C104532,5,45,1,Center,app,Basic,5,13.1,0.151,0,0.0,1,0,1
C104533,21,37,67,West,store,Plus,4,14.07,0.176,0,0.133,0,0,0
C104534,15,53,66,East,web,Basic,7,9.24,0.099,0,0.202,0,0,0
C104535,21,66,32,Center,app,Basic,5,13.58,0.045,0,0.0,2,1,0
C104536,12,70,9,Center,store,Basic,6,14.91,0.316,0,0.139,0,0,0
C104537,20,57,44,East,web,Basic,9,12.4,0.121,1,0.2,0,1,0
C104538,19,71,40,North,web,Premium,3,5.32,0.163,0,0.134,1,1,0
C104539,14,58,66,South,web,Premium,9,5.87,0.288,0,0.069,0,1,0
C104540,12,71,33,West,store,Basic,6,10.29,0.24,1,0.028,0,0,1
C104541,1,74,62,West,app,Plus,8,13.82,0.044,0,0.004,0,0,0
C104542,19,28,6,West,app,Basic,8,10.66,0.05,0,0.196,0,0,1
C104543,9,19,53,Center,web,Premium,4,17.55,0.297,0,0.119,0,0,0
C104544,10,18,17,North,app,Plus,3,20.19,0.133,1,0.114,0,1,1
C104545,20,55,43,Center,web,Basic,6,9.26,0.342,0,0.0,0,0,0
C104546,1,38,67,Center,web,Basic,4,10.63,0.526,2,0.156,0,0,0
C104547,2,60,17,South,web,Basic,7,8.18,0.061,0,0.071,0,0,1
C104548,14,67,70,East,web,Plus,8,12.48,0.18,0,0.0,0,1,0
C104549,4,60,54,West,app,Plus,4,10.75,0.068,0,0.0,2,1,1
C104550,21,41,11,Center,app,Basic,3,14.51,0.326,0,0.0,1,0,0
C104551,12,58,30,Center,web,Premium,4,13.29,0.171,0,0.0,0,0,0
C104552,10,57,9,North,app,Plus,3,10.17,0.56,0,0.044,0,1,0
C104553,14,22,51,East,web,Premium,6,16.02,0.29,0,0.148,0,1,0
C104554,8,20,39,Center,app,Basic,7,11.97,0.214,0,0.121,2,0,0
C104555,3,22,16,Center,store,Premium,6,8.83,0.04,2,0.406,0,0,0
C104556,20,48,47,South,web,Plus,4,4.09,0.23,1,0.148,0,0,0
C104557,8,62,67,Center,web,Basic,1,8.93,0.221,0,0.0,0,0,0
C104558,17,65,3,East,store,Basic,4,15.97,0.021,1,0.0,1,0,0
C104559,12,52,12,Center,app,Basic,7,10.85,0.099,1,0.069,0,1,0
C104560,8,72,71,South,web,Premium,1,16.21,0.357,0,0.0,0,1,0
C104561,4,32,57,Center,web,Plus,3,7.47,0.285,0,0.208,0,0,0
C104562,9,31,36,North,app,Basic,6,9.49,0.05,0,0.152,1,0,1
C104563,12,18,64,North,app,Basic,4,5.55,0.203,0,0.097,2,1,0
C104564,4,25,60,Center,web,Plus,6,11.41,0.241,1,0.127,0,0,0
C104565,1,48,11,Center,app,Basic,7,4.05,0.163,0,0.331,0,1,0
C104566,2,62,58,South,store,Basic,11,9.11,0.376,0,0.065,0,0,0
C104567,3,23,62,East,app,Plus,7,15.49,0.151,0,0.071,0,0,0
C104568,23,65,52,West,web,Plus,11,17.99,0.0,0,0.086,0,0,0
C104569,21,60,46,North,app,Premium,3,18.88,0.311,0,0.112,0,1,0
C104570,4,25,12,West,store,Basic,6,8.11,0.161,0,0.145,0,0,1
C104571,13,37,43,Center,app,Plus,3,14.14,0.0,0,0.0,1,0,0
C104572,3,54,47,East,app,Plus,9,11.04,0.179,1,0.1,0,0,0
C104573,14,64,19,Center,app,Plus,8,11.16,0.357,0,0.029,0,1,0
C104574,5,64,36,East,app,Plus,3,15.28,0.23,0,0.033,0,1,0
C104575,9,23,24,East,web,Premium,4,8.86,0.311,0,0.008,0,0,1
C104576,11,21,41,North,app,Plus,2,2.26,0.079,0,0.112,0,1,0
C104577,14,46,17,West,web,Basic,6,17.1,0.253,0,0.139,0,0,0
C104578,18,31,5,North,app,Basic,4,17.57,0.19,1,0.055,1,1,1
C104579,24,23,32,Center,store,Plus,6,6.38,0.221,0,0.017,0,1,1
C104580,13,43,50,North,web,Premium,7,12.28,0.142,0,0.078,0,0,0
C104581,4,62,46,South,app,Premium,6,14.4,0.261,1,0.046,0,0,0
C104582,19,48,38,North,store,Plus,4,17.1,0.347,0,0.104,0,0,0
C104583,8,49,52,South,web,Plus,4,12.9,0.42,1,0.082,0,1,0
C104584,1,52,12,East,store,Basic,7,11.22,0.136,0,0.091,0,0,0
C104585,12,31,51,South,web,Plus,4,13.78,0.221,0,0.19,0,1,0
C104586,9,55,21,East,app,Basic,3,14.88,0.128,0,0.098,0,0,0
C104587,8,72,25,Center,app,Premium,4,12.98,0.222,1,0.188,2,0,1
C104588,1,23,2,South,web,Premium,7,14.95,0.066,1,0.101,0,0,1
C104589,13,56,24,Center,app,Plus,7,16.43,0.275,0,0.159,0,0,0
C104590,19,41,33,West,app,Basic,11,15.31,0.384,0,0.088,0,0,0
C104591,1,37,55,North,app,Basic,5,20.47,0.138,0,0.16,1,0,0
C104592,1,26,13,West,app,Premium,3,15.71,0.283,0,0.217,0,0,0
C104593,1,66,70,North,web,Basic,9,4.17,0.257,0,0.056,0,0,0
C104594,3,42,13,West,app,Plus,5,12.73,0.219,0,0.091,0,0,0
C104595,17,39,16,North,web,Premium,4,14.28,0.257,0,0.191,0,1,1
C104596,4,73,71,East,app,Plus,3,12.74,0.151,0,0.02,0,1,0
C104597,8,71,30,North,app,Basic,7,11.33,0.233,0,0.136,0,1,0
C104598,14,23,29,East,web,Plus,1,10.39,0.274,1,0.221,0,0,0
C104599,14,34,20,Center,web,Premium,8,9.42,0.145,0,0.35,0,1,0
C104600,7,34,40,North,app,Plus,6,12.86,0.331,0,0.122,0,0,0
C104601,15,74,70,West,app,Premium,9,11.18,0.26,0,0.432,0,0,0
C104602,12,19,67,South,store,Premium,4,11.33,0.189,0,0.299,2,1,0
C104603,1,21,2,East,web,Plus,1,9.52,0.236,0,0.0,0,1,0
C104604,8,65,37,East,app,Plus,6,11.43,0.292,1,0.052,1,0,0
C104605,13,59,64,North,app,Plus,9,12.28,0.304,1,0.079,1,0,0
C104606,21,41,2,North,web,Premium,9,13.84,0.0,0,0.02,0,1,1
C104607,8,34,55,East,web,Basic,7,10.4,0.264,0,0.173,0,0,0
C104608,14,18,30,East,web,Basic,6,6.35,0.277,0,0.0,1,1,0
C104609,7,42,24,North,app,Plus,0,12.96,0.089,0,0.199,0,0,0
C104610,1,49,15,West,app,Plus,6,11.03,0.367,0,0.163,1,1,0
C104611,15,54,49,North,web,Plus,6,12.69,0.333,0,0.142,0,1,0
C104612,2,37,5,East,store,Basic,8,6.96,0.392,0,0.042,0,0,0
C104613,17,20,27,South,web,Basic,2,5.98,0.346,1,0.125,0,1,0
C104614,14,32,15,Center,web,Premium,4,4.78,0.42,0,0.136,1,0,0
C104615,11,30,46,Center,web,Basic,6,8.3,0.123,0,0.169,0,1,0
C104616,18,73,21,Center,app,Basic,4,10.16,0.173,2,0.025,0,0,0
C104617,24,23,31,Center,app,Premium,5,3.01,0.11,0,0.076,0,1,0
C104618,11,64,30,South,web,Plus,8,7.27,0.122,0,0.229,0,0,0
C104619,9,60,65,North,web,Basic,5,11.06,0.164,0,0.024,0,0,0
C104620,23,44,31,North,app,Basic,8,8.67,0.13,0,0.098,0,0,0
C104621,18,30,33,South,web,Premium,5,7.76,0.153,0,0.036,0,0,0
C104622,23,23,63,North,web,Premium,3,18.41,0.238,0,0.211,0,0,0
C104623,7,46,58,North,app,Basic,5,14.55,0.136,0,0.108,0,0,0
C104624,2,62,47,Center,web,Plus,4,10.17,0.05,0,0.216,0,0,0
C104625,9,36,41,North,web,Basic,4,12.46,0.373,0,0.193,0,0,0
C104626,16,62,69,West,store,Basic,6,14.32,0.066,1,0.105,0,0,0
C104627,21,31,27,Center,web,Plus,6,8.83,0.0,0,0.017,0,0,0
C104628,8,34,53,South,app,Basic,7,3.93,0.166,0,0.327,0,1,0
C104629,2,71,69,North,app,Plus,5,16.95,0.133,0,0.095,0,0,0
C104630,9,51,49,South,store,Premium,2,11.2,0.185,0,0.019,2,0,0
C104631,23,46,14,West,store,Premium,8,10.19,0.073,1,0.104,0,0,0
C104632,3,49,66,East,app,Plus,4,19.72,0.214,0,0.0,0,0,0
C104633,4,55,65,East,app,Basic,4,14.27,0.09,0,0.0,0,0,1
C104634,19,50,47,Center,web,Basic,5,10.05,0.0,0,0.023,0,1,0
C104635,22,58,70,Center,web,Basic,4,13.62,0.006,1,0.109,0,0,0
C104636,1,31,19,West,app,Plus,6,11.26,0.051,1,0.0,0,0,0
C104637,10,64,61,Center,app,Plus,3,6.56,0.112,0,0.096,1,1,0
C104638,10,18,18,South,store,Basic,5,23.24,0.056,0,0.204,0,1,0
C104639,22,33,44,East,app,Basic,4,7.41,0.288,0,0.067,0,0,1
C104640,9,35,21,Center,app,Plus,3,9.82,0.125,1,0.333,0,1,1
C104641,7,22,45,Center,app,Basic,6,11.89,0.032,0,0.065,0,0,1
C104642,9,64,57,North,app,Plus,9,20.05,0.267,0,0.241,0,1,0
C104643,22,44,66,East,web,Plus,3,18.77,0.267,0,0.105,0,0,0
C104644,21,58,4,North,app,Basic,5,12.83,0.232,0,0.031,0,1,0
C104645,20,27,31,Center,web,Premium,4,13.54,0.396,1,0.006,0,0,0
C104646,20,74,64,Center,app,Plus,10,23.04,0.133,0,0.047,0,0,0
C104647,24,19,59,East,web,Basic,3,20.0,0.111,0,0.126,0,0,1
C104648,15,54,30,Center,app,Premium,5,10.11,0.278,2,0.0,0,1,0
C104649,16,70,55,West,store,Plus,5,12.46,0.142,0,0.0,0,1,0
C104650,17,67,20,East,web,Basic,4,10.14,0.078,1,0.295,0,0,1
C104651,4,53,61,West,app,Plus,3,9.98,0.048,0,0.031,2,0,0
C104652,15,73,40,East,store,Basic,9,13.09,0.314,0,0.161,0,0,0
C104653,17,41,32,Center,app,Plus,5,18.62,0.186,0,0.0,1,1,0
C104654,19,38,40,Center,app,Plus,8,8.91,0.21,0,0.067,0,1,0
C104655,2,25,47,Center,app,Premium,2,2.28,0.354,0,0.08,0,0,0
C104656,11,57,20,North,app,Premium,10,4.84,0.306,0,0.099,0,1,0
C104657,7,61,7,Center,app,Premium,6,4.21,0.225,0,0.0,0,1,0
C104658,12,21,14,East,app,Premium,6,9.83,0.0,1,0.02,0,1,1
C104659,19,48,6,South,app,Basic,4,12.07,0.0,0,0.0,0,0,1
C104660,6,53,54,North,app,Basic,8,3.64,0.08,1,0.0,0,0,0
C104661,3,27,8,East,app,Basic,3,1.73,0.133,1,0.116,0,1,1
C104662,12,46,15,West,web,Plus,3,13.04,0.15,1,0.0,0,0,1
C104663,24,73,53,Center,web,Basic,4,12.54,0.09,0,0.096,0,0,0
C104664,1,63,40,North,web,Basic,1,8.04,0.213,1,0.358,0,0,0
C104665,18,72,26,East,app,Basic,4,10.85,0.285,0,0.103,0,1,0
C104666,18,48,24,South,app,Plus,3,10.56,0.012,0,0.151,0,0,1
C104667,21,70,65,East,app,Plus,8,14.68,0.151,0,0.176,0,0,0
C104668,5,72,29,South,store,Basic,2,15.89,0.263,1,0.161,0,0,0
C104669,17,65,6,West,app,Basic,7,1.57,0.061,0,0.0,0,0,1
C104670,6,43,56,North,web,Premium,6,7.46,0.21,0,0.007,0,0,1
C104671,18,48,13,South,app,Basic,7,15.28,0.119,0,0.18,0,1,0
C104672,13,44,66,South,app,Basic,7,13.82,0.236,0,0.107,0,1,0
C104673,19,35,60,East,web,Plus,4,9.12,0.136,1,0.0,0,1,0
C104674,24,50,39,North,web,Plus,1,10.8,0.131,1,0.021,0,0,1
C104675,16,55,30,South,web,Plus,5,10.33,0.05,0,0.217,0,1,0
C104676,4,65,59,Center,web,Basic,4,8.54,0.0,0,0.175,0,1,0
C104677,13,26,16,East,app,Basic,7,8.44,0.139,0,0.041,0,1,0
C104678,5,47,12,North,app,Premium,5,6.87,0.049,0,0.099,0,0,0
C104679,22,53,56,North,app,Basic,9,5.94,0.354,0,0.0,0,0,0
C104680,4,52,22,West,store,Basic,7,10.44,0.188,0,0.0,0,0,1
C104681,24,21,17,East,app,Basic,6,9.36,0.4,0,0.21,0,1,0
C104682,6,59,54,Center,web,Plus,7,14.39,0.067,0,0.054,0,0,0
C104683,5,18,70,Center,store,Premium,8,8.8,0.295,0,0.108,1,1,1
C104684,11,54,59,Center,app,Premium,3,2.92,0.169,0,0.0,0,1,0
C104685,24,58,20,Center,web,Premium,7,12.88,0.053,0,0.175,0,0,0
C104686,23,35,59,North,app,Premium,3,7.64,0.174,0,0.11,0,0,0
C104687,24,37,61,West,app,Premium,4,12.07,0.0,0,0.145,0,1,1
C104688,2,33,52,North,app,Premium,4,11.06,0.175,0,0.051,0,1,0
C104689,10,57,35,East,store,Plus,6,6.82,0.305,1,0.096,0,0,1
C104690,19,30,50,East,web,Basic,5,6.05,0.226,0,0.086,0,0,0
C104691,16,62,67,East,store,Premium,4,14.59,0.308,1,0.228,0,1,0
C104692,6,34,3,Center,app,Basic,5,6.13,0.348,0,0.051,0,0,0
C104693,14,65,22,Center,app,Basic,4,12.96,0.101,0,0.18,0,0,0
C104694,4,72,53,South,app,Plus,4,14.66,0.223,0,0.057,0,0,0
C104695,14,53,66,West,web,Basic,3,8.59,0.223,0,0.059,1,1,0
C104696,5,19,24,Center,app,Basic,3,8.59,0.177,0,0.142,0,1,0
C104697,4,66,22,North,app,Plus,6,10.4,0.0,0,0.0,0,1,0
C104698,19,61,63,South,app,Premium,3,10.33,0.19,0,0.043,0,0,0
C104699,5,55,32,North,web,Plus,6,11.4,0.162,0,0.0,1,0,0
C104700,19,69,3,Center,web,Plus,7,6.43,0.166,0,0.072,0,0,0
C104701,1,70,45,East,store,Basic,2,9.77,0.162,0,0.177,0,1,0
C104702,4,43,1,Center,app,Plus,5,9.66,0.317,0,0.136,0,0,0
C104703,11,69,40,Center,app,Basic,6,13.21,0.373,0,0.051,0,0,0
C104704,2,47,31,South,store,Basic,7,12.6,0.098,0,0.248,1,0,1
C104705,14,20,48,North,app,Plus,8,6.01,0.306,0,0.035,1,1,0
C104706,17,47,21,North,web,Plus,9,12.32,0.121,2,0.099,1,0,0
C104707,2,33,50,West,app,Basic,4,6.66,0.171,0,0.037,0,1,0
C104708,3,59,8,West,web,Basic,5,6.8,0.171,0,0.097,0,0,1
C104709,12,40,20,West,web,Basic,4,12.08,0.109,0,0.045,0,0,0
C104710,13,59,67,South,app,Premium,5,1.0,0.238,0,0.0,0,1,0
C104711,8,32,1,South,app,Plus,5,9.46,0.314,1,0.137,0,0,1
C104712,10,66,71,North,web,Plus,5,11.7,0.278,0,0.098,0,1,0
C104713,24,28,52,Center,store,Premium,3,12.14,0.115,0,0.343,1,1,0
C104714,19,29,35,North,app,Plus,10,15.05,0.186,0,0.113,0,0,0
C104715,9,67,43,South,app,Plus,5,12.94,0.166,0,0.067,0,1,0
C104716,18,59,27,Center,app,Basic,4,10.99,0.303,0,0.204,0,1,0
C104717,7,19,41,North,store,Plus,4,12.57,0.252,1,0.022,0,1,0
C104718,7,43,16,North,app,Plus,8,10.69,0.207,0,0.206,0,1,0
C104719,2,28,36,South,app,Plus,6,9.83,0.234,0,0.109,0,0,0
C104720,16,68,30,North,app,Plus,5,11.89,0.172,2,0.0,1,1,1
C104721,13,61,66,North,app,Plus,8,13.85,0.165,0,0.163,0,1,0
C104722,3,61,67,Center,web,Premium,9,18.71,0.346,0,0.0,1,1,0
C104723,12,30,22,East,app,Basic,4,14.26,0.31,0,0.0,1,0,0
C104724,4,59,45,South,web,Plus,6,13.88,0.083,2,0.183,0,0,1
C104725,23,32,65,South,app,Basic,3,10.63,0.162,0,0.119,0,0,1
C104726,1,52,26,Center,app,Basic,7,9.17,0.268,0,0.157,0,0,0
C104727,23,73,12,Center,app,Premium,4,7.42,0.098,1,0.075,0,1,0
C104728,22,63,70,North,store,Plus,7,10.42,0.374,1,0.042,1,0,0
C104729,24,61,50,Center,store,Premium,8,15.13,0.19,0,0.037,1,0,0
C104730,14,26,22,Center,app,Basic,3,15.49,0.146,1,0.0,0,1,0
C104731,13,43,67,North,app,Premium,4,11.73,0.296,0,0.066,0,0,0
C104732,9,50,63,South,app,Basic,5,7.24,0.231,0,0.22,0,1,0
C104733,2,25,11,Center,app,Basic,6,12.95,0.055,1,0.136,0,0,0
C104734,9,53,28,North,app,Plus,7,12.93,0.351,1,0.202,0,0,0
C104735,7,33,55,North,web,Premium,5,11.41,0.123,0,0.224,1,0,0
C104736,11,74,18,Center,web,Premium,2,15.6,0.398,0,0.147,0,0,0
C104737,5,73,20,West,app,Plus,5,16.85,0.269,0,0.021,0,0,0
C104738,4,47,37,North,app,Plus,5,17.37,0.338,0,0.0,0,1,0
C104739,2,63,5,South,store,Premium,9,14.27,0.292,0,0.0,1,0,0
C104740,13,72,33,Center,app,Plus,2,20.43,0.134,0,0.179,0,1,0
C104741,5,21,31,Center,app,Premium,3,11.87,0.088,0,0.066,0,1,0
C104742,11,29,9,West,store,Plus,6,11.64,0.239,0,0.174,0,0,0
C104743,17,58,50,South,web,Basic,4,11.94,0.308,0,0.298,0,0,1
C104744,6,28,41,Center,web,Basic,6,7.35,0.0,0,0.12,0,1,0
C104745,1,39,21,Center,app,Plus,7,13.13,0.389,0,0.143,0,0,0
C104746,9,68,34,West,web,Plus,6,14.53,0.0,0,0.054,0,0,0
C104747,20,59,68,West,web,Premium,3,10.25,0.11,0,0.083,0,0,0
C104748,21,43,23,Center,store,Basic,4,9.92,0.417,0,0.271,0,1,1
C104749,18,34,1,South,store,Basic,3,2.69,0.221,0,0.198,1,0,1
C104750,2,41,12,Center,web,Basic,7,18.92,0.154,0,0.083,0,1,0
C104751,22,25,20,North,web,Premium,1,9.14,0.23,0,0.09,0,0,1
C104752,11,66,8,West,store,Basic,4,12.68,0.454,0,0.03,0,0,0
C104753,2,19,25,Center,app,Premium,4,16.16,0.167,0,0.0,1,1,0
C104754,9,25,31,North,web,Basic,9,11.01,0.23,0,0.18,1,0,0
C104755,7,34,27,North,web,Premium,7,15.05,0.182,0,0.099,2,1,0
C104756,13,40,47,West,web,Plus,8,14.68,0.374,0,0.011,0,0,0
C104757,6,67,22,West,web,Premium,9,10.46,0.239,0,0.0,0,0,0
C104758,18,60,13,South,app,Premium,3,15.62,0.122,0,0.109,0,1,0
C104759,22,68,2,South,store,Premium,7,17.13,0.0,0,0.205,0,0,0
C104760,24,57,54,South,app,Basic,4,12.76,0.43,0,0.0,0,1,0
C104761,9,56,15,Center,app,Premium,5,15.24,0.135,0,0.098,0,0,0
C104762,8,30,20,West,app,Plus,6,13.85,0.286,0,0.079,0,0,0
C104763,15,60,19,South,web,Basic,4,16.24,0.119,0,0.0,0,0,1
C104764,11,42,69,West,app,Basic,3,12.51,0.127,1,0.214,0,1,0
C104765,19,29,48,East,app,Plus,7,10.45,0.188,0,0.064,0,1,0
C104766,22,66,44,South,app,Plus,7,8.04,0.19,1,0.0,0,1,0
C104767,8,38,27,South,app,Basic,3,10.93,0.079,0,0.255,1,1,0
C104768,20,73,60,East,app,Plus,5,16.81,0.309,1,0.082,1,1,0
C104769,18,69,52,East,app,Plus,3,15.89,0.267,0,0.135,0,1,0
C104770,9,64,68,East,app,Plus,5,9.82,0.116,0,0.11,0,0,0
C104771,19,74,32,Center,app,Premium,5,12.48,0.105,1,0.046,0,1,0
C104772,17,34,17,Center,web,Plus,6,7.66,0.195,1,0.002,0,0,0
C104773,22,43,25,North,web,Premium,4,9.5,0.109,0,0.047,0,0,0
C104774,23,29,57,West,app,Plus,3,8.04,0.12,0,0.16,0,1,0
C104775,5,62,12,Center,store,Basic,6,4.67,0.103,1,0.102,0,1,0
C104776,15,40,43,North,app,Basic,4,6.8,0.0,0,0.016,1,1,0
C104777,9,71,17,South,store,Basic,4,7.5,0.0,0,0.0,0,0,0
C104778,1,26,61,West,app,Premium,6,8.29,0.257,0,0.064,0,0,0
C104779,2,74,65,West,web,Plus,5,14.58,0.006,0,0.167,0,0,0
C104780,4,28,50,West,app,Plus,6,10.86,0.025,0,0.0,0,0,0
C104781,12,34,33,West,web,Premium,3,8.6,0.0,1,0.0,1,1,0
C104782,18,72,46,North,web,Plus,2,14.4,0.081,0,0.138,0,0,0
C104783,1,55,23,South,web,Plus,2,11.84,0.066,0,0.048,0,0,0
C104784,3,44,46,East,app,Basic,3,5.37,0.318,0,0.0,0,0,1
C104785,4,40,16,South,app,Premium,3,15.03,0.225,0,0.254,0,0,1
C104786,14,34,28,Center,web,Plus,6,10.89,0.181,0,0.17,0,0,0
C104787,13,44,63,North,web,Basic,1,11.65,0.193,1,0.0,0,1,0
C104788,5,30,8,West,app,Basic,3,10.96,0.098,0,0.031,1,1,0
C104789,17,44,50,East,app,Basic,3,9.57,0.0,1,0.162,0,1,1
C104790,3,50,23,West,web,Plus,6,12.82,0.137,1,0.223,0,0,0
C104791,5,33,50,Center,store,Basic,5,11.5,0.121,0,0.039,0,0,0
C104792,24,38,50,Center,app,Premium,6,5.65,0.404,1,0.156,0,0,1
C104793,6,19,58,East,web,Premium,8,14.86,0.163,0,0.0,0,1,0
C104794,8,68,46,South,store,Basic,4,13.5,0.054,0,0.0,0,0,1
C104795,4,61,18,South,app,Basic,3,5.58,0.202,0,0.082,0,1,0
C104796,15,74,46,North,web,Premium,5,11.94,0.218,2,0.0,0,0,0
C104797,9,57,52,North,web,Plus,8,7.47,0.229,1,0.023,0,1,0
C104798,15,74,33,East,app,Premium,4,14.68,0.161,0,0.084,0,1,0
C104799,7,65,6,West,app,Premium,7,6.03,0.246,0,0.041,0,0,0
C104800,23,28,61,Center,app,Basic,2,16.41,0.522,0,0.0,0,0,0
C104801,18,26,48,West,store,Plus,5,7.5,0.295,0,0.0,0,1,0
C104802,23,55,20,North,store,Basic,6,14.14,0.064,0,0.263,0,0,0
C104803,20,31,23,South,store,Plus,5,15.69,0.436,0,0.171,0,0,0
C104804,18,60,63,Center,app,Basic,2,19.69,0.245,0,0.162,1,0,0
C104805,15,51,47,South,store,Plus,2,13.01,0.133,1,0.0,0,1,0
C104806,2,73,54,North,app,Basic,4,12.62,0.165,0,0.193,0,1,0
C104807,9,71,17,Center,web,Basic,7,13.97,0.195,1,0.027,0,0,0
C104808,19,65,13,Center,web,Basic,8,16.96,0.269,0,0.035,2,1,0
C104809,5,44,26,South,web,Basic,12,13.05,0.0,0,0.0,0,0,0
C104810,5,57,54,North,app,Basic,5,14.5,0.09,0,0.139,0,1,0
C104811,1,29,48,South,app,Plus,10,22.36,0.057,1,0.057,0,0,0
C104812,19,70,17,North,app,Basic,8,16.74,0.37,0,0.14,0,1,0
C104813,1,51,67,West,store,Basic,4,12.43,0.094,0,0.135,1,0,0
C104814,11,52,10,Center,app,Premium,3,17.39,0.058,1,0.028,0,1,1
C104815,17,72,25,North,store,Basic,4,14.08,0.323,1,0.199,1,1,1
C104816,1,44,47,Center,app,Basic,2,13.52,0.443,0,0.081,0,0,1
C104817,15,67,13,South,web,Basic,10,13.44,0.371,0,0.06,0,1,0
C104818,7,60,35,Center,store,Premium,5,6.27,0.284,0,0.111,0,1,0
C104819,10,69,9,South,web,Basic,4,12.81,0.251,0,0.021,0,1,1
C104820,21,25,55,North,store,Basic,5,12.53,0.039,0,0.236,0,1,1
C104821,4,41,48,Center,store,Plus,3,17.08,0.155,0,0.0,0,0,0
C104822,21,52,2,South,web,Basic,7,17.55,0.071,0,0.208,0,0,1
C104823,14,32,64,West,app,Basic,3,6.07,0.16,0,0.113,0,1,0
C104824,12,38,63,West,web,Basic,6,10.12,0.118,0,0.18,1,1,0
C104825,7,67,2,South,web,Basic,6,9.99,0.0,0,0.0,0,0,1
C104826,2,68,42,Center,app,Basic,5,13.06,0.179,0,0.236,0,0,0
C104827,20,62,25,North,app,Plus,7,10.83,0.125,0,0.119,0,0,1
C104828,7,31,32,South,app,Plus,3,15.29,0.049,0,0.063,0,0,0
C104829,2,66,12,South,web,Basic,4,3.86,0.005,0,0.188,0,0,1
C104830,10,22,17,Center,app,Plus,8,14.1,0.106,0,0.08,0,0,0
C104831,10,40,68,East,web,Basic,3,13.69,0.0,0,0.0,0,1,0
C104832,21,23,20,Center,app,Premium,5,13.48,0.0,1,0.071,2,0,0
C104833,10,34,10,East,web,Plus,4,16.74,0.191,1,0.127,0,1,1
C104834,14,62,57,Center,web,Basic,3,6.96,0.164,2,0.148,0,0,0
C104835,14,31,5,Center,store,Premium,6,7.49,0.198,1,0.204,0,0,0
C104836,13,45,70,West,app,Basic,5,10.77,0.4,0,0.207,0,0,0
C104837,14,67,55,South,web,Basic,1,14.45,0.185,1,0.185,1,1,0
C104838,6,33,1,West,app,Premium,5,14.89,0.32,0,0.091,0,0,1
C104839,15,70,71,North,app,Basic,0,8.95,0.0,0,0.071,0,0,1
C104840,22,50,37,West,app,Basic,2,11.87,0.492,1,0.05,1,1,0
C104841,14,38,55,North,app,Plus,3,11.34,0.135,0,0.0,0,0,0
C104842,20,53,43,East,web,Premium,7,6.03,0.439,0,0.148,0,0,0
C104843,17,67,9,South,web,Basic,5,17.23,0.292,1,0.146,0,1,1
C104844,22,36,45,North,app,Plus,2,15.56,0.125,0,0.099,0,1,0
C104845,3,39,29,Center,app,Premium,3,15.63,0.125,1,0.167,0,0,0
C104846,20,22,54,Center,app,Premium,4,6.96,0.386,0,0.083,0,0,0
C104847,15,43,37,South,web,Basic,5,11.38,0.0,1,0.05,0,0,1
C104848,12,36,40,Center,app,Basic,4,10.18,0.244,0,0.0,0,0,1
C104849,12,50,64,North,app,Plus,6,14.44,0.049,0,0.043,0,0,0
C104850,4,53,26,West,store,Plus,8,5.21,0.255,0,0.101,1,0,0
C104851,5,30,54,Center,web,Basic,5,14.32,0.286,0,0.134,0,0,0
C104852,19,37,12,East,app,Plus,3,11.99,0.113,0,0.062,0,1,1
C104853,15,33,5,West,web,Basic,6,16.52,0.065,0,0.045,0,1,0
C104854,7,22,47,West,app,Premium,3,9.82,0.342,0,0.041,0,1,0
C104855,17,33,33,North,web,Basic,7,13.05,0.144,0,0.116,0,0,1
C104856,23,56,40,West,web,Basic,8,9.95,0.242,0,0.032,1,0,0
C104857,3,32,56,South,app,Basic,7,4.55,0.102,0,0.038,0,0,0
C104858,9,41,47,South,app,Premium,5,9.67,0.0,0,0.007,1,1,0
C104859,21,47,39,Center,app,Basic,6,14.53,0.268,0,0.055,0,1,0
C104860,11,18,64,North,store,Basic,5,15.69,0.065,0,0.031,0,0,1
C104861,14,23,48,South,web,Basic,4,10.23,0.078,1,0.043,0,0,1
C104862,7,20,70,West,store,Basic,3,10.3,0.35,0,0.249,0,1,0
C104863,22,62,69,Center,app,Basic,5,11.0,0.269,0,0.067,0,0,0
C104864,3,34,65,West,app,Basic,4,12.31,0.154,0,0.0,0,0,0
C104865,16,27,70,East,web,Plus,5,11.45,0.247,0,0.052,1,0,1
C104866,15,27,12,North,web,Plus,5,10.05,0.14,0,0.076,1,0,1
C104867,21,43,60,West,app,Basic,4,13.19,0.0,0,0.177,0,1,0
C104868,11,23,68,North,app,Premium,5,21.48,0.035,0,0.264,0,1,0
C104869,10,54,41,Center,store,Basic,5,13.01,0.165,0,0.003,1,1,0
C104870,2,58,15,South,app,Plus,3,16.41,0.204,0,0.089,0,1,0
C104871,6,25,22,West,web,Plus,7,4.42,0.231,0,0.049,0,1,0
C104872,7,74,58,North,web,Premium,7,13.35,0.323,0,0.068,0,0,0
C104873,23,41,12,Center,web,Plus,6,8.89,0.237,0,0.131,0,1,0
C104874,3,65,31,North,web,Premium,5,18.65,0.401,0,0.16,0,0,0
C104875,5,50,12,North,app,Basic,3,15.1,0.294,1,0.086,0,0,0
C104876,24,67,71,Center,web,Basic,5,16.72,0.283,0,0.071,0,0,0
C104877,24,49,46,South,app,Plus,4,11.68,0.148,0,0.042,1,0,0
C104878,8,36,2,South,web,Plus,5,13.66,0.069,1,0.257,0,0,0
C104879,17,68,55,North,app,Basic,4,4.74,0.12,0,0.038,0,0,0
C104880,18,69,14,Center,app,Basic,3,11.91,0.022,0,0.069,0,1,1
C104881,4,62,61,Center,app,Plus,6,7.0,0.109,0,0.208,0,0,0
C104882,12,56,41,West,app,Basic,3,14.86,0.099,0,0.135,0,0,1
C104883,18,24,65,Center,app,Plus,2,10.9,0.286,0,0.097,0,0,1
C104884,20,61,10,South,app,Basic,2,3.13,0.194,0,0.116,0,0,0
C104885,9,65,21,Center,app,Plus,3,1.33,0.339,1,0.181,0,1,0
C104886,18,54,13,East,app,Plus,7,7.2,0.314,0,0.138,0,1,0
C104887,6,49,24,South,app,Basic,1,13.7,0.077,1,0.047,0,0,1
C104888,18,55,62,West,app,Premium,3,13.55,0.307,1,0.324,0,0,1
C104889,13,56,14,South,web,Basic,3,5.29,0.104,0,0.001,0,0,0
C104890,22,24,62,Center,web,Plus,1,8.67,0.504,0,0.112,0,0,0
C104891,8,27,39,Center,app,Premium,5,16.85,0.242,0,0.073,1,1,1
C104892,10,33,1,West,app,Plus,7,12.48,0.045,0,0.031,0,0,0
C104893,22,44,68,Center,web,Basic,6,13.76,0.0,0,0.114,0,0,0
C104894,16,40,24,West,app,Basic,4,13.94,0.157,0,0.006,0,0,1
C104895,3,57,54,Center,app,Basic,4,16.12,0.06,1,0.2,1,0,0
C104896,4,52,29,West,app,Plus,8,15.69,0.154,0,0.135,1,0,0
C104897,12,63,32,North,web,Basic,1,22.6,0.276,0,0.0,0,1,0
C104898,8,30,7,East,web,Basic,3,8.64,0.234,1,0.043,0,1,0
C104899,13,63,12,Center,store,Plus,8,10.82,0.193,0,0.096,0,0,0
C104900,23,30,44,Center,web,Plus,7,12.41,0.254,0,0.0,1,1,0
C104901,5,30,60,South,web,Basic,6,9.58,0.191,1,0.118,0,0,0
C104902,10,70,31,North,app,Basic,5,13.37,0.156,0,0.148,1,1,1
C104903,3,65,64,North,app,Basic,8,9.73,0.218,2,0.0,0,0,0
C104904,18,23,64,East,web,Basic,7,20.26,0.01,0,0.058,0,1,0
C104905,11,50,55,South,web,Premium,2,13.66,0.083,0,0.012,0,0,0
C104906,1,72,56,Center,store,Premium,2,11.48,0.153,0,0.029,0,1,0
C104907,18,56,21,North,store,Basic,5,14.38,0.184,0,0.0,0,0,0
C104908,16,49,15,North,store,Basic,8,6.36,0.0,0,0.125,1,0,0
C104909,18,66,28,Center,web,Premium,0,14.04,0.24,0,0.0,1,0,0
C104910,11,51,66,Center,web,Plus,3,14.86,0.094,0,0.087,0,1,0
C104911,6,41,42,North,app,Basic,6,11.54,0.041,0,0.37,0,0,0
C104912,4,70,49,North,store,Premium,4,3.4,0.011,1,0.209,0,0,0
C104913,22,70,66,Center,store,Basic,5,12.46,0.242,0,0.099,1,0,0
C104914,4,70,59,West,web,Basic,4,10.73,0.111,0,0.154,1,0,0
C104915,17,68,18,West,app,Premium,2,11.45,0.208,0,0.223,0,0,0
C104916,20,32,60,West,web,Plus,4,15.64,0.239,0,0.0,0,0,0
C104917,5,64,30,Center,web,Plus,5,11.32,0.21,0,0.016,0,0,0
C104918,10,36,54,North,web,Basic,5,22.96,0.256,0,0.071,0,0,0
C104919,4,39,5,East,web,Plus,5,14.63,0.076,0,0.078,0,1,0
C104920,3,51,18,East,web,Premium,4,15.06,0.186,2,0.125,0,0,1
C104921,23,48,1,Center,web,Plus,8,14.23,0.017,1,0.022,0,1,1
C104922,1,68,71,Center,web,Basic,6,20.28,0.44,0,0.0,0,1,0
C104923,23,27,18,West,app,Plus,11,10.78,0.236,0,0.083,1,1,0
C104924,3,52,53,East,web,Plus,5,7.83,0.235,0,0.086,0,0,0
C104925,7,61,58,West,app,Plus,3,13.71,0.238,0,0.274,0,0,0
C104926,6,43,19,Center,web,Plus,6,13.49,0.083,0,0.045,1,1,0
C104927,19,68,48,North,app,Plus,6,6.85,0.236,0,0.0,0,0,1
C104928,15,60,34,South,app,Basic,8,18.59,0.155,0,0.186,0,0,0
C104929,12,27,34,North,app,Basic,7,21.35,0.322,0,0.089,0,0,0
C104930,16,26,18,North,app,Basic,10,14.0,0.294,0,0.0,0,0,0
C104931,18,60,30,North,store,Basic,4,15.55,0.081,0,0.033,0,1,1
C104932,3,39,16,Center,web,Plus,2,8.23,0.136,1,0.0,0,0,0
C104933,12,57,19,North,store,Plus,4,6.72,0.052,1,0.042,0,1,1
C104934,17,61,26,Center,web,Plus,5,10.55,0.07,0,0.227,0,0,1
C104935,11,20,55,East,app,Premium,6,15.46,0.135,1,0.101,0,1,0
C104936,15,58,51,South,web,Premium,7,7.57,0.21,0,0.193,0,0,0
C104937,19,70,35,North,web,Premium,4,10.02,0.242,0,0.186,0,0,0
C104938,20,65,25,West,web,Plus,2,16.26,0.063,0,0.053,0,0,1
C104939,18,45,5,East,app,Premium,3,10.87,0.463,1,0.018,0,0,0
C104940,1,45,21,West,app,Basic,4,13.34,0.0,0,0.0,0,0,0
C104941,18,33,45,North,web,Plus,6,7.79,0.0,2,0.055,0,0,0
C104942,21,46,63,East,app,Basic,9,16.48,0.073,1,0.046,0,1,0
C104943,8,19,71,South,web,Basic,3,14.96,0.224,0,0.095,0,0,1
C104944,2,28,59,East,app,Premium,3,10.71,0.17,1,0.119,0,0,0
C104945,10,62,6,West,app,Plus,7,7.64,0.141,0,0.196,0,0,0
C104946,2,35,49,North,app,Plus,7,13.04,0.149,0,0.229,0,0,0
C104947,19,37,71,East,app,Basic,5,11.38,0.233,1,0.0,1,0,0
C104948,19,57,8,West,app,Plus,5,12.2,0.248,0,0.043,0,0,1
C104949,4,47,8,South,store,Basic,6,15.32,0.251,0,0.0,1,1,0
C104950,3,43,66,Center,web,Basic,5,13.72,0.459,0,0.0,0,1,0
C104951,16,29,22,South,app,Basic,7,10.96,0.1,0,0.0,0,0,1
C104952,2,37,69,North,web,Plus,6,9.45,0.161,0,0.191,0,0,0
C104953,6,52,70,East,web,Basic,2,16.05,0.0,0,0.049,0,0,0
C104954,16,53,35,South,store,Plus,3,18.52,0.344,1,0.003,0,0,0
C104955,6,40,70,South,web,Basic,5,8.57,0.008,0,0.0,0,0,1
C104956,18,56,38,East,web,Plus,5,16.19,0.0,0,0.105,0,0,0
C104957,19,63,14,North,web,Premium,0,18.79,0.023,0,0.149,0,1,0
C104958,14,23,43,North,app,Plus,2,8.94,0.349,0,0.054,1,0,1
C104959,24,55,52,North,web,Plus,2,7.81,0.197,0,0.0,0,1,0
C104960,3,58,42,North,app,Plus,2,10.49,0.118,0,0.139,1,0,0
C104961,22,59,44,East,web,Basic,6,16.54,0.144,0,0.324,0,0,0
C104962,1,34,25,North,web,Premium,3,6.9,0.069,0,0.114,0,0,0
C104963,22,32,29,Center,app,Plus,9,13.82,0.234,0,0.118,1,0,1
C104964,2,42,5,South,app,Premium,7,9.86,0.0,0,0.021,0,0,0
C104965,6,21,56,Center,web,Basic,4,16.31,0.04,1,0.068,0,1,0
C104966,7,35,66,West,app,Plus,6,7.52,0.286,0,0.069,0,0,0
C104967,15,68,46,West,app,Basic,1,19.32,0.274,1,0.213,0,1,0
C104968,21,65,26,Center,web,Basic,6,13.7,0.021,0,0.239,0,1,0
C104969,1,71,16,South,app,Premium,4,13.32,0.089,1,0.109,1,1,1
C104970,1,19,65,East,store,Plus,8,12.81,0.389,0,0.0,0,1,0
C104971,2,54,35,West,store,Premium,2,20.45,0.304,1,0.0,0,0,0
C104972,21,21,63,East,app,Plus,3,6.26,0.137,0,0.008,0,0,0
C104973,3,70,51,Center,web,Basic,7,16.31,0.093,0,0.0,2,0,0
C104974,21,47,16,North,web,Plus,4,17.9,0.2,1,0.0,0,0,1
C104975,1,58,45,South,web,Basic,5,7.77,0.088,0,0.116,0,0,0
C104976,24,31,12,South,app,Plus,10,10.79,0.338,0,0.156,0,1,0
C104977,23,52,39,East,app,Plus,9,10.52,0.04,0,0.207,0,0,0
C104978,12,66,17,Center,app,Plus,1,10.57,0.077,0,0.14,0,1,1
C104979,7,41,53,West,web,Plus,3,12.67,0.198,1,0.031,0,1,1
C104980,10,63,42,South,web,Basic,3,22.02,0.161,0,0.139,1,1,0
C104981,10,38,10,Center,store,Premium,6,10.45,0.156,0,0.0,0,0,1
C104982,19,30,30,Center,web,Plus,7,8.33,0.235,0,0.072,0,1,0
C104983,19,45,4,North,app,Basic,2,19.89,0.132,0,0.0,0,0,1
C104984,15,56,69,East,app,Plus,5,12.01,0.204,0,0.062,0,1,0
C104985,12,30,3,Center,app,Plus,3,7.73,0.171,0,0.004,0,0,1
C104986,24,47,34,West,app,Premium,4,16.91,0.172,0,0.018,0,1,0
C104987,13,42,45,Center,web,Plus,3,14.88,0.247,1,0.063,0,0,0
C104988,18,66,19,Center,web,Basic,4,11.88,0.007,0,0.025,0,0,1
C104989,10,46,31,East,web,Basic,3,11.41,0.053,1,0.206,0,0,1
C104990,2,18,23,Center,app,Basic,7,13.07,0.354,1,0.099,0,0,0
C104991,23,19,60,West,store,Basic,5,13.41,0.148,2,0.361,0,1,0
C104992,20,46,51,South,app,Plus,10,11.7,0.265,1,0.023,0,1,0
C104993,8,40,69,West,app,Basic,8,19.57,0.034,0,0.172,0,0,0
C104994,15,21,60,North,app,Basic,2,8.13,0.21,0,0.217,0,1,0
C104995,15,34,8,North,app,Plus,10,10.51,0.169,0,0.0,0,0,0
C104996,18,37,62,North,app,Basic,6,9.42,0.203,0,0.313,0,0,0
C104997,16,54,27,West,web,Basic,8,12.75,0.076,0,0.095,0,0,0
C104998,4,29,25,Center,web,Basic,5,9.31,0.235,0,0.098,0,1,1
C104999,1,64,30,East,app,Plus,5,19.59,0.257,0,0.088,0,1,0
